pt1_X,pt1_Y,pt1_Z,pt2_X,pt2_Y,pt2_Z,pt3_X,pt3_Y,pt3_Z,pt4_X,pt4_Y,pt4_Z,pt5_X,pt5_Y,pt5_Z,pt6_X,pt6_Y,pt6_Z
,,,,,,,,,,,,,,,,,
,,,,,,,,,,,,,,,,,
,,,,,,,,,,,,,,,,,
,,,,,,,,,,,,,,,,,
,,,,,,,,,,,,,,,,,
,,,,,,,,,,,,,,,,,
,,,,,,,,,,,,,,,,,
,,,,,,,,,,,,,,,,,
,,,,,,,,,,,,,,,,,
,,,,,,,,,,,,,,,,,
,,,,,,,,,,,,,,,,,
,,,,,,,,,,,,,,,,,
,,,,,,,,,,,,,,,,,
,,,,,,,,,,,,,,,,,
,,,,,,,,,,,,,,,,,
,,,,,,,,,,,,,,,,,
,,,,,,,,,,,,,,,,,
,,,,,,,,,,,,,,,,,
,,,,,,,,,,,,,,,,,
,,,,,,,,,,,,,,,,,
,,,,,,,,,,,,,,,,,
,,,,,,,,,,,,,,,,,
,,,,,,,,,,,,,,,,,
,,,,,,,,,,,,,,,,,
,,,,,,,,,,,,,,,,,
,,,,,,,,,,,,,,,,,
,,,,,,,,,,,,,,,,,
,,,,,,,,,,,,,,,,,
,,,,,,,,,,,,,,,,,
,,,,,,,,,,,,,,,,,
,,,,,,,,,,,,,,,,,
,,,,,,,,,,,,,,,,,
,,,,,,,,,,,,,,,,,
,,,,,,,,,,,,,,,,,
,,,,,,,,,,,,,,,,,
,,,,,,,,,,,,,,,,,
,,,,,,,,,,,,,,,,,
,,,,,,,,,,,,,,,,,
,,,,,,,,,,,,,,,,,
,,,,,,,,,,,,,,,,,
,,,,,,,,,,,,,,,,,
,,,,,,,,,,,,,,,,,
,,,,,,,,,,,,,,,,,
,,,,,,,,,,,,,,,,,
,,,,,,,,,,,,,,,,,
,,,,,,,,,,,,,,,,,
,,,,,,,,,,,,,,,,,
,,,,,,,,,,,,,,,,,
,,,,,,,,,,,,,,,,,
,,,,,,,,,,,,,,,,,
,,,,,,,,,,,,,,,,,
,,,,,,,,,,,,,,,,,
,,,,,,,,,,,,,,,,,
,,,,,,,,,,,,,,,,,
,,,,,,,,,,,,,,,,,
,,,,,,,,,,,,,,,,,
,,,,,,,,,,,,,,,,,
,,,,,,,,,,,,,,,,,
,,,,,,,,,,,,,,,,,
,,,,,,,,,,,,,,,,,
,,,,,,,,,,,,,,,,,
,,,,,,,,,,,,,,,,,
,,,,,,,,,,,,,,,,,
,,,,,,,,,,,,,,,,,
,,,,,,,,,,,,,,,,,
,,,,,,,,,,,,,,,,,
,,,,,,,,,,,,,,,,,
,,,,,,,,,,,,,,,,,
,,,,,,,,,,,,,,,,,
,,,,,,,,,,,,,,,,,
,,,,,,,,,,,,,,,,,
,,,,,,,,,,,,,,,,,
,,,,,,,,,,,,,,,,,
,,,,,,,,,,,,,,,,,
,,,,,,,,,,,,,,,,,
,,,,,,,,,,,,,,,,,
,,,,,,,,,,,,,,,,,
,,,,,,,,,,,,,,,,,
,,,,,,,,,,,,,,,,,
13.900722,5.769318,17.763120999999998,15.085712,5.58017,18.045547,15.245019000000001,5.6972830000000005,16.933833,15.221986,2.944829,15.532964999999999,15.684089000000002,1.75215,14.391951999999998,14.333685000000001,0.8955040000000001,14.332173999999998
13.914910999999998,5.805729,17.753825,15.082996,5.637080999999999,17.996433,15.240638,5.755018,16.92925,15.223594,2.985817,15.490838,15.68552,1.730593,14.468503,14.33199,0.903401,14.352375
13.886375,5.817615,17.767814,15.046018,5.691481,17.964478,15.229676000000001,5.787053,16.921761,15.208718,3.03202,15.480405,15.675711999999999,1.742431,14.452839,14.316851999999999,0.909219,14.362716
13.852068,5.85226,17.743087,15.020688,5.734379,17.944223,15.203911999999999,5.850655000000001,16.874554999999997,15.200676000000001,3.043891,15.453535,15.663832999999999,1.791627,14.426957999999999,14.311333,0.9331,14.341837
13.813351999999998,5.939254,17.700385999999998,14.987326000000001,5.777094,17.949918,15.182087,5.873666,16.886948,15.165079,3.100329,15.42997,15.651325,1.8398740000000002,14.40335,14.322384,0.954886,14.319899
13.811342000000002,5.986391,17.672422,14.955212,5.805756,17.979179000000002,15.161868,5.9062730000000006,16.85334,15.142825,3.122474,15.430083999999999,15.621186999999999,1.863606,14.406553,14.308248999999998,0.9338799999999999,14.353117000000001
13.772832000000001,6.019704,17.70774,14.935413,5.861136,17.949079,15.132902,5.984742,16.809697,15.127092000000001,3.150656,15.437254999999999,15.592908,1.901144,14.390789999999999,14.293379999999999,0.9580860000000001,14.342037
13.746459,6.057353,17.684258,14.931262,5.917419000000001,17.904429999999998,15.104837,6.035238,16.796497,15.087985999999999,3.1527220000000002,15.457056,15.584342999999999,1.9197009999999999,14.394413,14.262032999999999,0.974434,14.357768
13.73219,6.097837,17.647296,14.902448999999999,5.961790000000001,17.876267000000002,15.097398000000002,6.079832,16.786436,15.066254999999998,3.149984,15.454583999999999,15.561473000000001,1.9539669999999998,14.359997,14.239745000000001,1.010213,14.352909
13.692345000000001,6.172823999999999,17.591449,14.879448000000002,6.009536,17.85128,15.065883,6.085678,16.820347,15.040578,3.219566,15.405803,15.543054000000001,1.982431,14.381682999999999,14.225964000000001,1.041093,14.331716
13.661067000000001,6.214512,17.594222,14.847131,6.050088,17.850756,15.033769,6.133071,16.795586,14.994133999999999,3.283295,15.372157999999999,15.512360000000001,2.0141080000000002,14.372981,14.235365,1.066801,14.316993
13.647348999999998,6.246612,17.584653,14.810072,6.100854,17.854322,15.017546,6.169115000000001,16.77218,14.963751,3.316218,15.371576000000001,15.494727,2.0453419999999998,14.355602,14.223542000000002,1.071373,14.337759
13.603620000000001,6.301908999999999,17.55335,14.761745999999999,6.153557,17.803361,14.985252,6.198898000000001,16.785492,14.939498,3.377528,15.315137,15.467417999999999,2.071216,14.367591000000001,14.215085,1.093517,14.325847
13.566773999999999,6.375754,17.498661,14.736973,6.2042209999999995,17.826066,14.950779,6.275094,16.735981,14.933575,3.419023,15.310839999999999,15.444998000000002,2.1045409999999998,14.370835999999999,14.201096,1.104782,14.324898000000001
13.532135,6.4141580000000005,17.489334,14.695525,6.237478,17.796192,14.907317,6.3216589999999995,16.734653,14.902339999999999,3.446489,15.316997,15.422358,2.159236,14.329942,14.175223999999998,1.112616,14.359422
13.491662,6.420319999999999,17.514092,14.645891,6.298168,17.775965,14.869579000000002,6.362372,16.724762,14.869836,3.478885,15.286769,15.396199,2.1781189999999997,14.354651,14.157219,1.138255,14.347429
13.451582,6.483594,17.487366,14.616529000000002,6.333236,17.7651,14.866152,6.439617,16.638424,14.83479,3.5185089999999994,15.288666000000001,15.378454999999999,2.222441,14.327110999999999,14.133764999999999,1.163726,14.343526999999998
13.403456,6.562092,17.448349,14.567357000000001,6.40139,17.709191,14.821528,6.480884,16.638973,14.783557,3.582736,15.262787,15.34976,2.259599,14.333421,14.107792000000002,1.196805,14.350242000000001
13.367772,6.618833,17.417036,14.541594,6.422757,17.733881,14.765416,6.537736,16.646844,14.738631,3.6516589999999995,15.2181,15.333256,2.31466,14.293425,14.103116,1.247586,14.32185
13.325747,6.639194,17.408727,14.468167999999999,6.4909930000000005,17.685279,14.704661999999999,6.5802369999999994,16.650752999999998,14.713655,3.676421,15.189582000000001,15.29742,2.34525,14.299414,14.070556,1.257048,14.338146
13.271427,6.704703,17.358959,14.431657000000001,6.538145,17.668371,14.646541000000001,6.628784,16.62804,14.679582,3.7179279999999997,15.192917999999999,15.237982,2.413332,14.277242000000001,14.055416000000001,1.296078,14.305985
13.221939,6.755484,17.331851999999998,14.374223,6.606628999999999,17.62184,14.634235999999998,6.702083999999999,16.546013000000002,14.640488000000001,3.786808,15.154419,15.190063,2.438874,14.283671,14.021898,1.32304,14.312972
13.169547,6.815367999999999,17.329989,14.298135999999998,6.6878720000000005,17.552179000000002,14.585782,6.726036,16.560385,14.582681,3.851829,15.114405999999999,15.159007,2.4811229999999997,14.281765,13.990207999999999,1.3555059999999999,14.308731
13.104194999999999,6.892164999999999,17.274452,14.235864000000001,6.745328,17.552385,14.524463,6.769605,16.565639,14.543256,3.879369,15.125847,15.113876999999999,2.550537,14.249552,13.950954999999999,1.375362,14.330123
13.042736999999999,6.938671,17.259424,14.175270000000001,6.810913,17.516818,14.459081,6.852475999999999,16.513123,14.497444,3.9094849999999997,15.133698,15.073329000000001,2.600206,14.228089,13.926371,1.4373049999999998,14.318341
12.961862,7.0170449999999995,17.196506,14.115497,6.830551,17.539697,14.385703,6.9366080000000006,16.453452,14.427013,3.9864300000000004,15.103898000000001,15.008391,2.65992,14.219970000000002,13.890198000000002,1.49343,14.29901
12.885729,7.075023,17.197360999999997,14.058631,6.883111,17.520951999999998,14.332397,6.991882,16.418839000000002,14.354870000000002,4.066464,15.045679999999999,14.977078,2.708543,14.223982999999999,13.84919,1.547403,14.263817000000001
12.829004,7.123628,17.192576000000003,13.991862,6.945233,17.484323999999997,14.2552,7.058723,16.373003,14.292693,4.111254,15.0439,14.913789000000001,2.79918,14.190829,13.815978,1.59384,14.250589999999999
12.754534,7.185622,17.168947,13.919507000000001,7.012725,17.450132999999997,14.21226,7.102733,16.358165,14.207095,4.203579,14.989445000000002,14.865179999999999,2.84176,14.209921,13.786256,1.635305,14.244313
12.667644000000001,7.28534,17.090478,13.87006,7.057222,17.437129000000002,14.118098999999999,7.1654860000000005,16.362325,14.156901000000001,4.238394,14.990766,14.827269,2.886854,14.213320000000001,13.747318,1.67736,14.257289000000002
12.583597,7.354658000000001,17.056645,13.766748999999999,7.146282000000001,17.3911,14.021639000000002,7.239924,16.334784,14.091563,4.30072,14.962732,14.772084,2.964717,14.165823999999999,13.709469,1.751107,14.232473
12.511607000000001,7.432708,16.999615,13.666235999999998,7.2175720000000005,17.360214000000003,13.957188,7.273958,16.335481,14.000556,4.357819,14.952788,14.699373000000001,3.019066,14.161532000000001,13.672394,1.811133,14.220406
12.434931,7.498303999999999,16.984616,13.570015,7.278652,17.327348,13.868575,7.3345720000000005,16.311816,13.909488,4.413766000000001,14.955136999999999,14.635919,3.105058,14.146404,13.625244,1.854728,14.209411
12.354288,7.569019,16.976629,13.507314000000001,7.292982,17.375362,13.780854000000001,7.394289,16.296217000000002,13.835115,4.466247,14.950304999999998,14.570459,3.17676,14.13035,13.563920999999999,1.891584,14.228252
12.263954,7.635886,16.925908,13.372117999999999,7.399309,17.299287,13.685438000000001,7.470198,16.265663,13.751605999999999,4.519554,14.938253,14.484604999999998,3.2725419999999996,14.100124,13.49942,1.9888299999999999,14.167844
12.173406,7.694819,16.895139,13.294447,7.459111999999999,17.280564000000002,13.590637,7.526408,16.245672,13.672745,4.605112,14.897051000000001,14.405960999999998,3.3591300000000004,14.064786999999999,13.442516,2.064334,14.123085999999999
12.067829,7.721752,16.903493,13.197578,7.508698,17.260695000000002,13.480466,7.6052539999999995,16.205889000000003,13.574983,4.669398999999999,14.876473,14.339093,3.435278,14.056042999999999,13.355876,2.14348,14.104009
11.938400999999999,7.790058999999999,16.9024,13.114589000000002,7.583632000000001,17.215003,13.351804000000001,7.661436999999999,16.17781,13.460816000000001,4.759217,14.829476000000001,14.238795999999999,3.546222,14.012970999999999,13.294037,2.204556,14.107247000000001
11.831441,7.858828,16.879409,12.979467,7.676187,17.147942999999998,13.26494,7.733428999999999,16.112447,13.337360999999998,4.846312,14.800273,14.161912,3.6307650000000002,13.985895999999999,13.209291,2.2924029999999997,14.076656
11.729358,7.9413279999999995,16.815788,12.864627,7.729132000000001,17.13405,13.166247,7.7800210000000005,16.121839,13.247967000000001,4.923277,14.786057000000001,14.069932999999999,3.6827660000000004,14.005987,13.129748999999999,2.375556,14.068237
11.623992,8.004699,16.787052,12.771384,7.783375,17.144068,13.058169,7.855460000000001,16.0898,13.128233999999999,4.987675,14.777054000000001,13.967338,3.777025,13.978807999999999,13.042633,2.466898,14.035306
11.51705,8.075545,16.746776999999998,12.644171,7.845867,17.104343,12.926864,7.979007000000001,15.980872,13.003534,5.055174,14.763076000000002,13.897535000000001,3.845616,13.956481,12.918632,2.600368,13.958994
11.380423,8.14281,16.733999,12.500850999999999,7.943333,17.050102,12.795791,7.976657,16.029042,12.869695,5.1492629999999995,14.723704000000001,13.823497,3.945192,13.931135000000001,12.834036,2.676158,13.930091000000001
11.228000999999999,8.254230999999999,16.65989,12.377299,8.03779,16.985508,12.684148,8.031452999999999,16.012795,12.778234,5.247465,14.671942999999999,13.699710999999999,4.064539,13.843155,12.721051,2.7627580000000003,13.935584
11.074032,8.301863,16.63208,12.235341,8.070089,16.994124,12.539942,8.114166,15.96515,12.631455,5.355212,14.641019,13.608864,4.1505849999999995,13.847457,12.588494,2.846693,13.92012
10.965135,8.376982,16.593528,12.099581,8.11052,16.987533,12.425227,8.148952,15.986703,12.513747,5.442629,14.603213,13.4686,4.275053,13.74659,12.479613,2.939422,13.877117000000002
10.82019,8.4543,16.575978,11.945622,8.196175,16.944015,12.274599,8.227238999999999,15.926273000000002,12.39067,5.499372,14.605796,13.347059,4.346156,13.71168,12.318361,3.077185,13.789125
10.672514,8.481016,16.566155,11.791019,8.275046000000001,16.878874,12.112538,8.309824,15.888876999999999,12.238093,5.5891720000000005,14.541326000000002,13.206883,4.437802,13.680863,12.163554,3.188771,13.731592000000001
10.516998,8.55995,16.509785,11.670644,8.343946,16.841672,11.951208,8.40873,15.834437,12.094562,5.672835,14.501747,13.073004,4.515428,13.672482999999998,12.005801,3.285689,13.726216
10.355722,8.622841000000001,16.512157000000002,11.497216,8.407961,16.844846,11.794555,8.475738,15.826645000000001,11.968316999999999,5.690587,14.533517000000002,12.942656,4.565062,13.707237,11.810022,3.398506,13.668012
10.204352,8.696822000000001,16.46943,11.34378,8.509143,16.772459,11.649569,8.508979,15.84477,11.808834,5.733461,14.559504,12.766705,4.668367,13.670556,11.64846,3.4557660000000006,13.724015
10.049448,8.777492,16.4514,11.190009,8.587501,16.722372,11.495083000000001,8.562213,15.823204999999998,11.647039,5.892119999999999,14.441323,12.602097,4.748155000000001,13.605957,11.426603,3.622674,13.634726
9.88373,8.890336,16.357999,11.022556,8.618358,16.789815,11.341542,8.63082,15.779038,11.474033,5.946483,14.447147,12.421526,4.7955239999999995,13.540023000000001,11.262611,3.696471,13.613682
9.737594999999999,8.96358,16.299608,10.854187,8.685275,16.753648000000002,11.164366000000001,8.736991999999999,15.686356,11.350584,6.013374,14.418622000000001,12.285361,4.921807,13.475417000000002,11.062814,3.791025,13.558009
9.57349,9.042117,16.251785,10.674977,8.779732000000001,16.696526000000002,10.99956,8.837392999999999,15.603767999999999,11.184102000000001,6.087758,14.387433999999999,12.117175999999999,4.978212,13.480254,10.867407,3.93223,13.457681
9.39382,9.131667,16.198131,10.49165,8.781165,16.737475,10.845523,8.868829,15.645793,10.996792999999998,6.1977839999999995,14.309153,11.919054,5.041588,13.44452,10.644917,4.045776999999999,13.399401000000001
9.213804,9.203541,16.130985,10.293097999999999,8.919561999999999,16.607406,10.649861999999999,8.957578999999999,15.610672000000001,10.821106,6.25804,14.285749,11.735607,5.092553,13.412367000000001,10.441003,4.173744999999999,13.343932
9.042466000000001,9.231945,16.142737,10.139978,8.965996,16.606307,10.475405,9.010085,15.594854999999999,10.621689,6.326702,14.273788,11.520365,5.191758999999999,13.347342000000001,10.255513,4.2533449999999995,13.317598
8.879261999999999,9.310174,16.091935999999997,9.960262,9.035825,16.576464,10.281881,9.05658,15.590656,10.451081,6.387759,14.236913000000001,11.310784,5.241114,13.325704,9.997442,4.339475,13.293365
8.650717,9.321645,16.142737,9.754669999999999,9.104571,16.565952,10.126241,9.156718,15.53685,10.292566,6.428619,14.216973999999999,11.108388,5.366496,13.220388,9.770114,4.461204,13.197637
8.415335,9.399471,16.106467000000002,9.584391,9.193541999999999,16.501359,9.890257,9.284283,15.406217999999999,10.063925999999999,6.49498,14.196036,10.943663,5.4554,13.156525,9.549855,4.582657,13.104869
8.228860000000001,9.486537,16.027815,9.395178999999999,9.267773,16.453688,9.689155,9.321191,15.436015,9.837335000000001,6.563875,14.182329999999999,10.704479,5.519705999999999,13.127989999999999,9.328211999999999,4.679673,13.050365
8.017795,9.48995,16.101114000000003,9.201423,9.317936999999999,16.455551,9.473285,9.370026,15.421895000000001,9.658779,6.663434,14.097759,10.48221,5.608328,13.034964,9.112289,4.757813,13.029599000000001
7.845901,9.565373,16.036565,8.954575,9.388885,16.437160000000002,9.285385,9.42537,15.395774,9.453922,6.730341,14.072281,10.294130000000001,5.627857,13.038691,8.866954,4.870747,12.952060000000001
7.642256,9.634568,15.978420999999999,8.774857,9.437039,16.406028,9.080869999999999,9.460478,15.419219,9.259267999999999,6.8131070000000005,14.000782999999998,10.042538,5.726958,12.959392,8.652322999999999,4.969419,12.922381
7.427999000000001,9.750913,15.877917000000002,8.545645,9.477356,16.416872,8.865129,9.533914999999999,15.353482000000001,9.012986999999999,6.825833,14.03755,9.863234,5.739414,12.972578,8.388204,5.056724,12.871845
7.210795,9.759175,15.890825,8.335977,9.545058000000001,16.377478,8.645551,9.613228,15.283697,8.811824,6.921919,13.954597,9.580902,5.833539,12.917208,8.178432,5.1233059999999995,12.810647
6.983408,9.799789,15.870256,8.127417,9.629275,16.294976000000002,8.443439999999999,9.654439,15.301329,8.628447,6.982836,13.915607999999999,9.373514,5.920272,12.833289,7.912905,5.196098999999999,12.795853
6.763223,9.831036,15.917955,7.8742350000000005,9.714316,16.251669,8.250401,9.688888,15.296982999999999,8.419842,7.066783,13.849089999999999,9.159978,5.975218,12.786699,7.668010000000001,5.293372,12.734121
6.526485,9.892147999999999,15.889925,7.708791000000001,9.715285,16.277098000000002,8.047402,9.735203,15.296316000000001,8.198516,7.093242999999999,13.873113,8.936361999999999,5.9695800000000006,12.8384,7.457788000000001,5.421673,12.635382
6.3310949999999995,9.916534,15.872966,7.508286,9.779541,16.22932,7.807772999999999,9.757702,15.328072,7.9727440000000005,7.164532,13.834897,8.723939,6.091122,12.710791,7.236530999999999,5.472226999999999,12.634855
6.145646,9.986189,15.819020000000002,7.251467,9.795254,16.24563,7.594714999999999,9.896452,15.205058,7.764614,7.162383,13.905660000000001,8.503071,6.1543730000000005,12.686936,6.991561999999999,5.518984,12.595527
5.905781,10.01121,15.800978,7.044827000000001,9.843486,16.183278,7.401536999999999,9.915616,15.203135000000001,7.5663100000000005,7.243378999999999,13.806206,8.260243,6.198139,12.637184,6.740158,5.591883,12.549969
5.687692,10.020584,15.83898,6.815711,9.883239,16.182973999999998,7.187966,9.997244,15.116323000000001,7.337198,7.281060000000001,13.767692000000002,8.010139,6.256730999999999,12.592669,6.508698000000001,5.648439,12.522119
5.478568,10.080861,15.767338,6.582319999999999,9.902625,16.189458,6.953407,10.050573,15.082407,7.113133,7.327764999999999,13.752951000000001,7.776472,6.291696,12.555608,6.27163,5.726001,12.441059
5.269862,10.101482,15.738822,6.366919,9.970455000000001,16.132202,6.661403999999999,10.026354,15.155220000000002,6.868108,7.376798,13.730120000000001,7.572353999999999,6.33473,12.494824000000001,6.059374,5.77493,12.388954
5.011965,10.077836,15.773664000000002,6.12622,10.003212,16.119877,6.473994,10.084004,15.092792999999999,6.672867999999999,7.382047999999999,13.722283,7.311622,6.415565,12.414024000000001,5.7990379999999995,5.842708999999999,12.308583
4.800909,10.159547,15.684894,5.9025870000000005,9.995407,16.136613,6.270729,10.089668,15.074442000000001,6.467694,7.474442999999999,13.659904999999998,7.110261,6.4604669999999995,12.34638,5.55791,5.882823,12.303038
4.594696,10.162151,15.681453,5.687711,9.992495,16.168167999999998,6.052738,10.166188,15.009293,6.241412,7.503538000000001,13.607709,6.875742,6.460432,12.390125999999999,5.317353,5.910961,12.289066
4.370578,10.14403,15.702430999999999,5.484586,10.016657,16.112968,5.811141,10.167069,15.039854,6.038412999999999,7.55427,13.533835999999999,6.618771000000001,6.476482,12.339961,5.10689,5.970867,12.210058
4.163946,10.200633999999999,15.664451000000001,5.2841510000000005,10.011289,16.141153,5.564227,10.193036,15.03301,5.795571,7.586646000000001,13.494625,6.398718,6.573233,12.210413,4.901446,6.004364,12.158362
3.9184940000000004,10.205917999999999,15.626460999999999,5.051792,10.042333,16.082821,5.362732,10.159403999999999,15.071315,5.6105730000000005,7.559025999999999,13.514179,6.200058,6.566510000000001,12.214549,4.66018,6.015427,12.121364
3.6954910000000005,10.201511,15.585560000000001,4.7937959999999995,10.092064,16.016593,5.14869,10.233385,14.972007999999999,5.396846,7.618708,13.454888,5.956669000000001,6.564166999999999,12.188419999999999,4.400125,5.992357,12.147712
3.492179,10.198025999999999,15.589451,4.598283,10.104208,15.978253,4.924285,10.294162,14.913732999999999,5.1557010000000005,7.638172,13.401582000000001,5.768013,6.5626679999999995,12.167864,4.127002,6.066787000000001,12.031867
3.259432,10.18458,15.607195,4.388679,10.104308,15.967513,4.698254,10.303927999999999,14.917907999999999,4.9615,7.658711,13.396934,5.498662,6.588830000000001,12.131424,3.932803,6.101599,11.973919
3.058879,10.174921000000001,15.587698999999999,4.17018,10.080555,16.000388,4.491082,10.291177000000001,14.90249,4.744806,7.623785000000001,13.420869,5.259396,6.58276,12.116706,3.7494910000000004,6.132325,11.925464999999999
2.8237419999999998,10.178519999999999,15.576706,3.979027,10.095907,15.939497,4.298201000000001,10.277794,14.904628,4.539604,7.639366000000001,13.410171,5.033353,6.610500999999999,12.076723,3.522265,6.100068,11.945186999999999
2.633497,10.193528,15.558792,3.746194,10.132235000000001,15.902020000000002,4.054398,10.199975,14.949022,4.360082,7.701675,13.278972,4.813529,6.6225190000000005,12.034958,3.296597,6.134022,11.856187
2.4127709999999998,10.194722,15.494747,3.520692,10.066958,15.929110000000001,3.865136,10.236108,14.893735000000001,4.114955,7.689992,13.249198999999999,4.5857470000000005,6.6306259999999995,11.958957,3.0699259999999997,6.133681,11.814929
2.2053380000000002,10.163817,15.478742,3.324351,10.077558,15.897735999999998,3.6383099999999997,10.239460000000001,14.861277,3.9363949999999996,7.710101,13.192535999999999,4.363981,6.611256,11.938946000000001,2.8569139999999997,6.1125169999999995,11.780825
1.984323,10.111469,15.481131,3.085458,10.031317999999999,15.904689999999999,3.430136,10.259567,14.810792999999999,3.704192,7.646730000000001,13.229703,4.1491620000000005,6.624788000000001,11.923708,2.600018,6.140091,11.716654
1.7551080000000001,10.070646,15.464297,2.911241,10.000268,15.895566,3.20927,10.228234,14.837075,3.4895110000000003,7.678223,13.160589000000002,3.9448800000000004,6.611053,11.887858999999999,2.358093,6.069895,11.751064999999999
1.564339,10.054656,15.464695,2.69093,9.968342,15.848776,2.987362,10.208598,14.817762,3.296036,7.644804,13.147629,3.687363,6.636617,11.785772,2.172544,6.076625,11.685278
1.361926,9.99888,15.441532,2.452408,9.972380000000001,15.770976999999998,2.813812,10.23724,14.743034,3.08786,7.678283,13.052610000000001,3.469555,6.597109,11.794055,1.944634,6.055765,11.641672999999999
1.1535520000000001,10.019191000000001,15.406187,2.2628459999999997,9.937616,15.802501999999999,2.601854,10.162425,14.752683,2.8646540000000003,7.589683,13.115777,3.219642,6.574455,11.753766,1.722329,6.062581,11.58575
0.9356270000000001,9.988633,15.337538,2.059354,9.907876,15.769619,2.388996,10.124038,14.759782000000001,2.6912689999999997,7.533597,13.108614999999999,3.051632,6.540991,11.737296,1.511782,6.039281,11.516838
0.759401,9.959124000000001,15.324767000000001,1.831698,9.820056,15.835339000000001,2.1704830000000004,10.060639,14.787543,2.468187,7.580856,13.014457,2.832914,6.547032,11.646504,1.304503,5.9992779999999994,11.496275
0.554096,9.914434,15.30347,1.636543,9.785459,15.819901000000002,1.969905,10.043700999999999,14.755298999999999,2.2973790000000003,7.533602,12.997869999999999,2.608866,6.480886,11.677288,1.093436,5.977052,11.429325
0.351139,9.832811,15.299138000000001,1.4320959999999998,9.721414999999999,15.823891,1.74794,9.994411,14.729387,2.083668,7.490124000000001,12.95303,2.3961349999999997,6.4569849999999995,11.615233,0.8935870000000001,5.942436,11.372873
0.14493399999999998,9.777688000000001,15.282779999999999,1.244665,9.702138,15.74301,1.535507,9.950216000000001,14.721422,1.864795,7.437993,12.925702000000001,2.189666,6.381067,11.618358,0.685447,5.866951,11.379466
-0.079676,9.710929,15.282416,1.01518,9.643467,15.712923000000002,1.378378,9.929393,14.603734,1.6720419999999998,7.37219,12.915802000000001,1.996119,6.410992,11.498583,0.443604,5.844238,11.310886
-0.321701,9.640403,15.250588,0.8341299999999999,9.577250999999999,15.688023000000001,1.152838,9.884051,14.605517,1.477217,7.370432000000001,12.832847000000001,1.784736,6.348209,11.482645,0.24997199999999997,5.794467,11.30683
-0.513763,9.546308999999999,15.307951999999998,0.6053029999999999,9.52103,15.667891000000001,0.9322600000000001,9.807312,14.623375,1.261691,7.277431,12.866342,1.557286,6.281467,11.470139,0.035943,5.714108,11.304959
-0.6842560000000001,9.540013,15.240143,0.384297,9.433069,15.667075,0.763157,9.793241,14.531409,1.085764,7.207960000000001,12.847877,1.356161,6.217461,11.450227,-0.161074,5.708343,11.207956
-0.9091309999999999,9.431771000000001,15.248510999999999,0.199028,9.358913000000001,15.690164000000001,0.546523,9.683691,14.585326,0.89141,7.170595,12.819457,1.125392,6.164496,11.413279,-0.384354,5.60215,11.239464
-1.115039,9.309675,15.285679,-0.003991,9.311177,15.640232000000001,0.324837,9.572785000000001,14.623332000000001,0.662906,7.146692999999999,12.737985,0.943045,6.140784,11.342896000000001,-0.581887,5.525437999999999,11.196473
-1.3416299999999999,9.236338,15.270617999999999,-0.198694,9.219909,15.633453,0.16902799999999998,9.567763000000001,14.527493,0.443333,7.080389,12.68577,0.729767,6.083716000000001,11.309414,-0.8257040000000001,5.501252,11.098953999999999
-1.552548,9.179594,15.195858,-0.393378,9.152989999999999,15.603241,-0.029438,9.523209,14.459031,0.264515,6.964294000000001,12.716047,0.505019,5.993263,11.293375,-1.022096,5.410472,11.072351
-1.772102,9.06526,15.249041,-0.6009439999999999,9.045289,15.552414,-0.244517,9.461547999999999,14.400085,0.050327,6.9126449999999995,12.667132,0.292048,5.974179,11.217384,-1.263591,5.30237,11.046292999999999
-1.949136,9.020938000000001,15.178982000000001,-0.7877609999999999,8.976219,15.551822,-0.481921,9.313432,14.475182,-0.145901,6.817908999999999,12.653580999999999,0.064117,5.842478,11.241225,-1.444721,5.2197379999999995,11.056295
-2.162489,8.931847,15.164573999999998,-0.988771,8.889905,15.494968,-0.678787,9.193439,14.49855,-0.321831,6.755806,12.622803,-0.150919,5.774083999999999,11.206754,-1.6573900000000001,5.14668,11.024481
-2.3579220000000003,8.836722,15.127835999999999,-1.226171,8.787402,15.458319,-0.903791,9.146839,14.395688,-0.5344939999999999,6.7265179999999996,12.496633000000001,-0.378472,5.665477,11.177227,-1.8519400000000001,5.084759,10.955749
-2.602733,8.716357,15.181267000000002,-1.425547,8.694252,15.471287,-1.119712,9.01343,14.458809,-0.756274,6.580375,12.548997,-0.574569,5.623149,11.107405,-2.07813,4.973108,10.953764999999999
-2.837532,8.586665,15.202461999999999,-1.604014,8.560969,15.504726999999999,-1.28103,8.955209,14.390296,-0.962376,6.521782,12.460973,-0.7847689999999999,5.516736,11.112384,-2.326838,4.834661,10.969242
-3.032952,8.46636,15.157798999999999,-1.801062,8.432094000000001,15.461986999999999,-1.499354,8.844211999999999,14.325683999999999,-1.1954200000000001,6.386414,12.489282000000001,-0.999293,5.4768870000000005,10.989067,-2.551152,4.740559999999999,10.927429
-3.2093990000000003,8.370519999999999,15.138720999999999,-2.04252,8.332139999999999,15.395114000000001,-1.693385,8.733642,14.327957000000001,-1.368348,6.295637999999999,12.427904,-1.19065,5.326981,11.027403999999999,-2.733474,4.662458999999999,10.84801
-3.4140260000000002,8.191015,15.222685999999998,-2.25101,8.206402,15.392319,-1.8961139999999999,8.623783,14.315051,-1.5497020000000001,6.232721,12.36507,-1.414609,5.225066,11.002044,-2.9401,4.594368,10.802163
-3.6055349999999997,8.096564,15.158667999999999,-2.4339150000000003,8.072592,15.459283,-2.1133889999999997,8.498296,14.298064000000002,-1.7926520000000001,6.107589,12.353936000000001,-1.621709,5.189449,10.883616,-3.166621,4.471513,10.78881
-3.7538839999999998,8.048958,15.077545,-2.626116,7.972861999999999,15.419225,-2.334298,8.419986999999999,14.202588,-2.0133669999999997,6.023947,12.279363,-1.829955,5.058268,10.884908,-3.38294,4.346666,10.761754
-3.976928,7.925917,15.011485,-2.810221,7.914631,15.333304,-2.523183,8.298277,14.210195,-2.228175,5.841287,12.348486999999999,-2.074366,4.895903,10.900872,-3.609921,4.262296,10.659727
-4.211786,7.7424,15.069460000000001,-3.028798,7.738346000000001,15.307808999999999,-2.717362,8.161128,14.211485999999999,-2.417132,5.786986,12.217536,-2.287598,4.789045,10.841025,-3.811022,4.127208,10.664995
-4.399563,7.616841,15.072381,-3.226234,7.563452000000001,15.342878,-2.937422,7.998142,14.217977,-2.633872,5.629302,12.229603,-2.501449,4.701694,10.780496000000001,-4.012851,4.0255019999999995,10.605894000000001
-4.634622,7.4771589999999994,15.053132000000002,-3.457739,7.484017999999999,15.226948000000002,-3.1049759999999997,7.887232000000001,14.195,-2.832912,5.50141,12.207875999999999,-2.710306,4.585408,10.746913000000001,-4.266566,3.8699589999999997,10.601291999999999
-4.8555589999999995,7.351691000000001,15.012648,-3.651607,7.299900999999999,15.283137,-3.3020089999999995,7.742601,14.115810999999999,-3.010169,5.4107199999999995,12.138355,-2.934644,4.434762,10.749848,-4.459315,3.750001,10.582797
-5.039917,7.231953999999999,14.952012,-3.854367,7.159662,15.263544,-3.481183,7.601864999999999,14.111741,-3.2579830000000003,5.239768,12.134762,-3.164455,4.329628,10.681795,-4.679549,3.620968,10.534272999999999
-5.251384,7.061785,14.981488,-4.03247,7.018839,15.204578,-3.70568,7.495778,14.077594,-3.4687580000000002,5.126615,12.086305,-3.37354,4.179807,10.668575,-4.892531,3.494414,10.484241
-5.4755769999999995,6.854317,15.029279999999998,-4.263726999999999,6.821561999999999,15.249087,-3.9638760000000004,7.353924,14.026774,-3.674428,4.967251999999999,12.069944,-3.615897,4.009762,10.682949,-5.1241389999999996,3.271427,10.557802
-5.6579120000000005,6.7556259999999995,14.944398000000001,-4.466952,6.6552880000000005,15.225441,-4.160236,7.165741000000001,14.077151,-3.9004730000000003,4.813151,12.077916,-3.8107339999999996,3.91095,10.605841,-5.333958,3.243579,10.385048
-5.835386,6.616671000000001,14.896826,-4.643623000000001,6.5158629999999995,15.189235,-4.330426,6.993701,14.059985999999999,-4.104175,4.648054,12.052085,-4.020048,3.7793940000000004,10.551649000000001,-5.545922,3.038847,10.410461
-6.0614419999999996,6.415245,14.863929999999998,-4.87405,6.313582,15.232313000000001,-4.537029,6.831992999999999,14.089012,-4.280297,4.541409,11.991962,-4.276347,3.591868,10.538366,-5.7863690000000005,2.819712,10.441189999999999
-6.225136,6.24449,14.887457999999999,-5.03338,6.197091,15.202523000000001,-4.735019,6.6881580000000005,14.018776999999998,-4.509898000000001,4.3606489999999996,12.005037,-4.457977,3.4521379999999997,10.522842,-5.9923779999999995,2.6991169999999998,10.375025
-6.374898,6.087976,14.850697,-5.2472010000000004,6.020307,15.167726000000002,-4.946408,6.51088,14.017913,-4.714396,4.21252,11.9448,-4.676557,3.3337449999999995,10.422953,-6.215646,2.481752,10.377428
-6.613376,5.945764,14.853805,-5.4285309999999996,5.867212,15.161847,-5.143254,6.350719000000001,14.011354999999998,-4.951265,4.048322,11.905935000000001,-4.882675,3.184075,10.363717999999999,-6.399339,2.3397259999999998,10.359045
-6.826639999999999,5.704865,14.903126,-5.672137,5.6448849999999995,15.178942999999999,-5.34744,6.190357,14.016472,-5.1429339999999995,3.869929,11.897296,-5.120769,2.97327,10.422482,-6.620553,2.237965,10.272855999999999
-7.034428999999999,5.576608,14.850071,-5.863671,5.490218,15.169794,-5.515575,5.9975309999999995,13.993148000000001,-5.349195,3.7342910000000002,11.877111,-5.307123000000001,2.892271,10.340434,-6.827847,2.1351869999999997,10.219825
-7.261144,5.399896,14.847942999999999,-6.080748000000001,5.343923,15.082775,-5.717251,5.835857,13.979698999999998,-5.545094000000001,3.5614410000000003,11.894955,-5.488464,2.8112630000000003,10.275414999999999,-6.995061,2.06379,10.189483000000001
-7.422357000000001,5.291991,14.741625,-6.265361,5.228936,15.012772,-5.914869,5.678518,13.953831,-5.736477,3.4626360000000003,11.843597,-5.692328,2.692338,10.289192,-7.175339,1.9739659999999999,10.145931
-7.6008119999999995,5.142511,14.716391,-6.465366,5.056182,15.020311999999999,-6.075561,5.4974870000000005,14.053535,-5.918921,3.392317,11.770578,-5.8755690000000005,2.61764,10.263564,-7.337544,1.85412,10.159216
-7.7751850000000005,4.9822,14.731541,-6.667007000000001,4.906579,14.992687,-6.267569,5.409088,13.968370000000002,-6.095223000000001,3.253806,11.801236,-6.0594730000000006,2.564027,10.211657,-7.496760000000001,1.6822279999999998,10.149111
-8.004059,4.824264,14.719029999999998,-6.853605,4.744008999999999,15.028182999999999,-6.457387000000001,5.226729,13.947999,-6.329373,3.148797,11.784758,-6.218939,2.5122,10.170211,-7.630477000000001,1.593934,10.102497
-8.134729,4.729158,14.635104,-7.036003,4.6149309999999995,15.004604999999998,-6.678816,5.038044,13.913492999999999,-6.495213,3.0357689999999997,11.803137,-6.321123,2.405754,10.212544,-7.7234869999999995,1.565379,10.016217999999999
-8.276513000000001,4.617385,14.592181,-7.183217999999999,4.48309,14.988494000000001,-6.846209,4.922243,13.927523,-6.650678999999999,2.970907,11.803247,-6.403299,2.454741,10.068431,-7.787536,1.525671,9.984893
-8.431807000000001,4.467224,14.614552,-7.326827000000001,4.3615330000000005,15.016753,-7.016639,4.866532,13.905849,-6.780467,2.925503,11.726086,-6.447175,2.458883,9.970948,-7.775473,1.5059690000000001,9.92314
-8.568697,4.458673999999999,14.490942,-7.493539,4.268947,14.936275,-7.1972380000000005,4.739515,13.889085000000001,-6.914461999999999,2.890372,11.682306,-6.506896,2.4330689999999997,9.987538,-7.800453,1.470772,9.870661
-8.680436,4.346578,14.417639999999999,-7.681824000000001,4.172155,14.956154000000002,-7.327559,4.609808999999999,13.945501,-7.053102,2.81711,11.696534,-6.550962999999999,2.461624,9.935286,-7.840299000000001,1.4947469999999998,9.832903
-8.802667999999999,4.237419999999999,14.405920000000002,-7.833181,4.070015,14.92496,-7.472092999999999,4.4826760000000005,14.008768,-7.176989,2.7770240000000004,11.687380000000001,-6.576696000000001,2.4614130000000003,9.954203,-7.864974,1.454487,9.908716
-8.935656,4.213794999999999,14.391457,-7.980885000000001,4.003719,14.865369,-7.573927,4.437806,13.969264,-7.261728999999999,2.772467,11.605117,-6.608074,2.465913,9.965119999999999,-7.8836889999999995,1.430814,9.948485
-9.015885,4.128015,14.3065,-8.114287,3.907028,14.860427,-7.709903,4.326003,14.009395000000001,-7.3742589999999995,2.730381,11.589912,-6.665945,2.504311,9.91752,-7.930022,1.424618,9.922498
-9.259292,4.037151000000001,14.461213,-8.262407000000001,3.875838,14.788447,-7.87339,4.332855,13.928359,-7.450759,2.711993,11.599129,-6.713977000000001,2.503751,9.932122999999999,-7.954325,1.447023,9.899028999999999
-9.398733,4.007283,14.386023000000002,-8.32888,3.8875089999999997,14.742004000000001,-7.974471,4.342748,13.874861,-7.536508,2.709926,11.557411,-6.768728,2.511377,9.9156,-7.972510000000001,1.476522,9.831796
-9.505172,4.018796,14.315395,-8.470767,3.803915,14.743160000000001,-8.043764,4.312633,13.900337,-7.635635000000001,2.679541,11.526253,-6.834455,2.508613,9.927758,-8.041714,1.455962,9.825676
-9.594055,4.002201,14.254631,-8.564214,3.799993,14.719554,-8.15509,4.262222,13.952144,-7.677467999999999,2.70325,11.480127,-6.866612,2.557079,9.877127,-8.075128999999999,1.465016,9.780103
-9.69625,3.986268,14.256977,-8.635449000000001,3.8473040000000003,14.656123000000001,-8.247798,4.304288,13.866757000000002,-7.7405729999999995,2.7065509999999997,11.447795,-6.912831,2.547809,9.88898,-8.089212,1.440834,9.779964999999999
-9.818132,3.971854,14.25653,-8.697816,3.924865,14.558954,-8.315502,4.3168239999999996,13.849332999999998,-7.834149000000001,2.715586,11.439646,-6.973155,2.593539,9.810032000000001,-8.091038000000001,1.422423,9.788862
-9.855149,3.997144,14.282481,-8.8136,3.9071919999999998,14.583904,-8.396425,4.364901000000001,13.770007999999999,-7.886061,2.732624,11.396647999999999,-6.988492999999999,2.628511,9.760523,-8.116841,1.452911,9.738952000000001
-9.954298,4.110334,14.120964,-8.821846,3.944124,14.543947,-8.433413999999999,4.415326,13.719961999999999,-7.904791,2.758796,11.366154,-7.027471,2.624975,9.750003,-8.120449,1.469954,9.707085000000001
-9.984453,4.126797,14.131898999999999,-8.880818,3.990534,14.517091,-8.496684,4.41972,13.712697,-7.938428999999999,2.765211,11.357459,-7.019292,2.612978,9.789254,-8.117371,1.501852,9.686163
-10.09874,4.108135,14.125684,-8.956725,4.006844,14.526364000000001,-8.538874,4.47731,13.661488,-7.962638,2.7721169999999997,11.333312,-6.999491,2.568116,9.87365,-8.106262,1.4945389999999998,9.699597
-10.114505,4.1097529999999995,14.154467000000002,-8.993963,4.053439,14.479526000000002,-8.577313,4.513626,13.625395000000001,-7.947310000000001,2.82821,11.325113,-7.008125,2.6081950000000003,9.818722,-8.098031,1.465725,9.746777999999999
-10.141468,4.177244,14.091674,-9.014517,4.109875,14.430568,-8.616674,4.552339,13.595653,-7.942463,2.849873,11.28562,-7.006806,2.618278,9.832123,-8.073238,1.4890809999999999,9.720469999999999
-10.191880000000001,4.298625,14.051965,-9.03567,4.152856,14.395617000000001,-8.654173,4.617045,13.504078,-7.981272,2.863459,11.277324,-6.985494,2.648315,9.801725999999999,-8.042501,1.521829,9.679066
-10.208371000000001,4.337141,14.057696,-9.058272,4.202644,14.361856,-8.684479,4.694211,13.426226999999999,-7.982651,2.901828,11.262827,-6.983747999999999,2.640171,9.817285,-8.068925,1.514095,9.719025
-10.227098,4.339092,14.044889000000001,-9.065411,4.267142,14.323013000000001,-8.664892,4.709782,13.41804,-7.9957139999999995,2.910844,11.293281,-6.985195,2.639933,9.855004,-8.071601,1.538386,9.715089
-10.218253,4.390407,13.997036999999999,-9.071753,4.338855000000001,14.280517000000001,-8.689313,4.797843,13.345226,-8.007750999999999,2.923511,11.297903999999999,-6.996686,2.649614,9.871642999999999,-8.050079,1.5377100000000001,9.733926
-10.229974,4.4797910000000005,13.985377,-9.074255,4.368486,14.309666,-8.689392,4.887827,13.276639000000001,-7.997347,2.9525099999999997,11.29369,-6.983397,2.710987,9.812897,-8.040030999999999,1.53722,9.772289
-10.236724,4.551874,13.971079000000001,-9.071632000000001,4.408995,14.291436,-8.692289,4.943503,13.220101999999999,-7.995414,2.980425,11.289977,-6.984791,2.710141,9.832367,-8.056982000000001,1.550931,9.751859
-10.236175,4.604655999999999,13.955132999999998,-9.091725,4.4886550000000005,14.231810999999999,-8.692528,4.994307,13.183017000000001,-7.992596000000001,3.04505,11.249605,-6.997795,2.707616,9.853942,-8.049558,1.569336,9.754501
-10.228196,4.648922,13.97509,-9.073433,4.5329559999999995,14.242799,-8.670574,5.021191,13.230860999999999,-7.980250999999999,3.092077,11.261281,-6.980256,2.7030849999999997,9.896450999999999,-8.044789,1.589158,9.737734
-10.220089999999999,4.710216,13.990142,-9.050591,4.586592,14.241826999999999,-8.651138000000001,5.060502,13.241726000000002,-8.000295,3.1097029999999997,11.281227000000001,-6.970894,2.736959,9.862002,-8.027921000000001,1.62616,9.70535
-10.194647,4.770719000000001,13.990197,-9.006636,4.653265,14.216688000000001,-8.632869,5.136729,13.189120999999998,-7.98014,3.1237060000000003,11.293385,-6.970613,2.753883,9.864542,-8.003107,1.6482860000000001,9.687904
-10.175711999999999,4.848549,14.009306,-8.98381,4.712152,14.202448,-8.5839,5.229526,13.145114999999999,-7.961527,3.1520259999999998,11.302039,-6.950108999999999,2.774978,9.827944,-7.995158999999999,1.608714,9.729878
-10.146171,4.919843,14.018304,-8.93866,4.756844,14.232788000000001,-8.534016000000001,5.247771,13.170323000000002,-7.920785,3.1969220000000003,11.293252,-6.915299,2.808696,9.818375,-7.992172,1.633653,9.703821000000001
-10.115618,4.959741,14.065060999999998,-8.896585,4.7977050000000006,14.259169,-8.479347,5.315339,13.134682999999999,-7.882714,3.260243,11.270044,-6.8600699999999994,2.8435200000000003,9.819375,-7.945436999999999,1.615266,9.763146
-10.043716,5.073139,13.931854999999999,-8.869697,4.840699,14.245807999999998,-8.413555,5.376196,13.119643,-7.8435429999999995,3.3116019999999997,11.255333,-6.8451830000000005,2.832072,9.869076,-7.93725,1.6443740000000002,9.736599
-9.991579,5.142521,13.924972,-8.827334,4.886208,14.228132999999998,-8.38183,5.406434,13.125589000000002,-7.812183999999999,3.3507029999999998,11.265532,-6.826571,2.829923,9.8907,-7.917617,1.684159,9.707763
-9.94173,5.154881,13.955639000000001,-8.764660000000001,4.977682,14.169532,-8.33752,5.454706,13.150741,-7.805209,3.369158,11.250353,-6.8055509999999995,2.838996,9.862486,-7.884383000000001,1.6942409999999999,9.722337
-9.906074,5.23506,13.947694,-8.743233,4.988887,14.201892,-8.292243,5.465382,13.192711,-7.729825,3.432151,11.224521000000001,-6.739881,2.883022,9.827571,-7.831764,1.735868,9.703553999999999
-9.850499000000001,5.30546,13.951982000000001,-8.655308999999999,5.070245,14.143626000000001,-8.239452,5.463615,13.237553,-7.681019,3.439364,11.240652,-6.711105,2.886372,9.844772,-7.787677,1.747991,9.720827
-9.796822,5.321967,13.987073,-8.588963,5.120754,14.173176000000002,-8.095466,5.5050989999999995,13.240459,-7.652483999999999,3.445819,11.279031,-6.674003999999999,2.85134,9.909564,-7.757639,1.736935,9.755148
-9.761091,5.343546,14.027664000000001,-8.574515,5.102366,14.256037,-8.072736,5.522828,13.248482000000001,-7.596531,3.461183,11.275049000000001,-6.636957000000001,2.882172,9.882661,-7.726516999999999,1.72438,9.786174
-9.694218,5.40095,14.009697000000001,-8.503893,5.175234,14.173579,-8.033663,5.5388779999999995,13.247846,-7.574885000000001,3.51505,11.233303,-6.634342999999999,2.821077,9.956128,-7.6898539999999995,1.746589,9.765561
,,,,,,,,,,,,,,,-7.689912,1.744005,9.764889
,,,,,,,,,,,,,,,,,
,,,,,,,,,,,,,,,,,
,,,,,,,,,,,,,,,,,
,,,,,,,,,,,,,,,,,
,,,,,,,,,,,,,,,,,
,,,,,,,,,,,,,,,,,
,,,,,,,,,,,,,,,,,
,,,,,,,,,,,,,,,,,
,,,,,,,,,,,,,,,,,
,,,,,,,,,,,,,,,,,
,,,,,,,,,,,,,,,,,
,,,,,,,,,,,,,,,,,
,,,,,,,,,,,,,,,,,
,,,,,,,,,,,,,,,,,
,,,,,,,,,,,,,,,,,
,,,,,,,,,,,,,,,,,
,,,,,,,,,,,,,,,,,
,,,,,,,,,,,,,,,,,
,,,,,,,,,,,,,,,,,
,,,,,,,,,,,,,,,,,
,,,,,,,,,,,,,,,,,
,,,,,,,,,,,,,,,,,
,,,,,,,,,,,,,,,,,
,,,,,,,,,,,,,,,,,
,,,,,,,,,,,,,,,,,
,,,,,,,,,,,,,,,,,
,,,,,,,,,,,,,,,,,
,,,,,,,,,,,,,,,,,
,,,,,,,,,,,,,,,,,
,,,,,,,,,,,,,,,,,
,,,,,,,,,,,,,,,,,
,,,,,,,,,,,,,,,,,
,,,,,,,,,,,,,,,,,
,,,,,,,,,,,,,,,,,
,,,,,,,,,,,,,,,,,
,,,,,,,,,,,,,,,,,
,,,,,,,,,,,,,,,,,
,,,,,,,,,,,,,,,,,
,,,,,,,,,,,,,,,,,
,,,,,,,,,,,,,,,,,
,,,,,,,,,,,,,,,,,
,,,,,,,,,,,,,,,,,
,,,,,,,,,,,,,,,,,
,,,,,,,,,,,,,,,,,
,,,,,,,,,,,,,,,,,
,,,,,,,,,,,,,,,,,
,,,,,,,,,,,,,,,,,
,,,,,,,,,,,,,,,,,
,,,,,,,,,,,,,,,,,
,,,,,,,,,,,,,,,,,
,,,,,,,,,,,,,,,,,
,,,,,,,,,,,,,,,,,
,,,,,,,,,,,,,,,,,
,,,,,,,,,,,,,,,,,
,,,,,,,,,,,,,,,,,
,,,,,,,,,,,,,,,,,
,,,,,,,,,,,,,,,,,
,,,,,,,,,,,,,,,,,
,,,,,,,,,,,,,,,,,
,,,,,,,,,,,,,,,,,
,,,,,,,,,,,,,,,,,
,,,,,,,,,,,,,,,,,
,,,,,,,,,,,,,,,,,
,,,,,,,,,,,,,,,,,
,,,,,,,,,,,,,,,,,
,,,,,,,,,,,,,,,,,
,,,,,,,,,,,,,,,,,
,,,,,,,,,,,,,,,,,
,,,,,,,,,,,,,,,,,
,,,,,,,,,,,,,,,,,
,,,,,,,,,,,,,,,,,
,,,,,,,,,,,,,,,,,
,,,,,,,,,,,,,,,,,
,,,,,,,,,,,,,,,,,
,,,,,,,,,,,,,,,,,
,,,,,,,,,,,,,,,,,
,,,,,,,,,,,,,,,,,
,,,,,,,,,,,,,,,,,
,,,,,,,,,,,,,,,,,
,,,,,,,,,,,,,,,,,
,,,,,,,,,,,,,,,,,
,,,,,,,,,,,,,,,,,
,,,,,,,,,,,,,,,,,
,,,,,,,,,,,,,,,,,
,,,,,,,,,,,,,,,,,
,,,,,,,,,,,,,,,,,
,,,,,,,,,,,,,,,,,
,,,,,,,,,,,,,,,,,
,,,,,,,,,,,,,,,,,
,,,,,,,,,,,,,,,,,
,,,,,,,,,,,,,,,,,
,,,,,,,,,,,,,,,,,
,,,,,,,,,,,,,,,,,
,,,,,,,,,,,,,,,,,
,,,,,,,,,,,,,,,,,
,,,,,,,,,,,,,,,,,
,,,,,,,,,,,,,,,,,
,,,,,,,,,,,,,,,,,
,,,,,,,,,,,,,,,,,
,,,,,,,,,,,,,,,,,
,,,,,,,,,,,,,,,,,
,,,,,,,,,,,,,,,,,
,,,,,,,,,,,,,,,,,
,,,,,,,,,,,,,,,,,
,,,,,,,,,,,,,,,,,
,,,,,,,,,,,,,,,,,
,,,,,,,,,,,,,,,,,
,,,,,,,,,,,,,,,,,
,,,,,,,,,,,,,,,,,
,,,,,,,,,,,,,,,,,
,,,,,,,,,,,,,,,,,
,,,,,,,,,,,,,,,,,
,,,,,,,,,,,,,,,,,
,,,,,,,,,,,,,,,,,
,,,,,,,,,,,,,,,,,
,,,,,,,,,,,,,,,,,
,,,,,,,,,,,,,,,,,
,,,,,,,,,,,,,,,,,
,,,,,,,,,,,,,,,,,
,,,,,,,,,,,,,,,,,
,,,,,,,,,,,,,,,,,
,,,,,,,,,,,,,,,,,
,,,,,,,,,,,,,,,,,
,,,,,,,,,,,,,,,,,
,,,,,,,,,,,,,,,,,
,,,,,,,,,,,,,,,,,
,,,,,,,,,,,,,,,,,
,,,,,,,,,,,,,,,,,
,,,,,,,,,,,,,,,,,
,,,,,,,,,,,,,,,,,
,,,,,,,,,,,,,,,,,
,,,,,,,,,,,,,,,,,
,,,,,,,,,,,,,,,,,
,,,,,,,,,,,,,,,,,
,,,,,,,,,,,,,,,,,
,,,,,,,,,,,,,,,,,
,,,,,,,,,,,,,,,,,
,,,,,,,,,,,,,,,,,
,,,,,,,,,,,,,,,,,
,,,,,,,,,,,,,,,,,
,,,,,,,,,,,,,,,,,
,,,,,,,,,,,,,,,,,
,,,,,,,,,,,,,,,,,
,,,,,,,,,,,,,,,,,
,,,,,,,,,,,,,,,,,
,,,,,,,,,,,,,,,,,
,,,,,,,,,,,,,,,,,
,,,,,,,,,,,,,,,,,
,,,,,,,,,,,,,,,,,
,,,,,,,,,,,,,,,,,
,,,,,,,,,,,,,,,,,
,,,,,,,,,,,,,,,,,
