pt1_X,pt1_Y,pt1_Z,pt2_X,pt2_Y,pt2_Z,pt3_X,pt3_Y,pt3_Z,pt4_X,pt4_Y,pt4_Z,pt5_X,pt5_Y,pt5_Z,pt6_X,pt6_Y,pt6_Z
,,,,,,,,,,,,,,,,,
,,,,,,,,,,,,,,,,,
,,,,,,,,,,,,,,,,,
,,,,,,,,,,,,,,,,,
,,,,,,,,,,,,,,,,,
,,,,,,,,,,,,,,,,,
,,,,,,,,,,,,,,,,,
,,,,,,,,,,,,,,,,,
,,,,,,,,,,,,,,,,,
,,,,,,,,,,,,,,,,,
,,,,,,,,,,,,,,,,,
,,,,,,,,,,,,,,,,,
,,,,,,,,,,,,,,,,,
,,,,,,,,,,,,,,,,,
,,,,,,,,,,,,,,,,,
,,,,,,,,,,,,,,,,,
,,,,,,,,,,,,,,,,,
,,,,,,,,,,,,,,,,,
,,,,,,,,,,,,,,,,,
,,,,,,,,,,,,,,,,,
,,,,,,,,,,,,,,,,,
,,,,,,,,,,,,,,,,,
,,,,,,,,,,,,,,,,,
,,,,,,,,,,,,,,,,,
,,,,,,,,,,,,,,,,,
,,,,,,,,,,,,,,,,,
,,,,,,,,,,,,,,,,,
,,,,,,,,,,,,,,,,,
,,,,,,,,,,,,,,,,,
,,,,,,,,,,,,,,,,,
,,,,,,,,,,,,,,,,,
,,,,,,,,,,,,,,,,,
,,,,,,,,,,,,,,,,,
,,,,,,,,,,,,,,,,,
,,,,,,,,,,,,,,,,,
,,,,,,,,,,,,,,,,,
,,,,,,,,,,,,,,,,,
,,,,,,,,,,,,,,,,,
,,,,,,,,,,,,,,,,,
,,,,,,,,,,,,,,,,,
,,,,,,,,,,,,,,,,,
,,,,,,,,,,,,,,,,,
,,,,,,,,,,,,,,,,,
,,,,,,,,,,,,,,,,,
,,,,,,,,,,,,,,,,,
,,,,,,,,,,,,,,,,,
,,,,,,,,,,,,,,,,,
,,,,,,,,,,,,,,,,,
,,,,,,,,,,,,,,,,,
,,,,,,,,,,,,,,,,,
,,,,,,,,,,,,,,,,,
,,,,,,,,,,,,,,,,,
,,,,,,,,,,,,,,,,,
,,,,,,,,,,,,,,,,,
,,,,,,,,,,,,,,,,,
,,,,,,,,,,,,,,,,,
,,,,,,,,,,,,,,,,,
,,,,,,,,,,,,,,,,,
,,,,,,,,,,,,,,,,,
,,,,,,,,,,,,,,,,,
,,,,,,,,,,,,,,,,,
,,,,,,,,,,,,,,,,,
,,,,,,,,,,,,,,,,,
,,,,,,,,,,,,,,,,,
,,,,,,,,,,,,,,,,,
,,,,,,,,,,,,,,,,,
,,,,,,,,,,,,,,,,,
,,,,,,,,,,,,,,,,,
,,,,,,,,,,,,,,,,,
,,,,,,,,,,,,,,,,,
,,,,,,,,,,,,,,,,,
,,,,,,,,,,,,,,,,,
,,,,,,,,,,,,,,,,,
,,,,,,,,,,,,,,,,,
,,,,,,,,,,,,,,,,,
,,,,,,,,,,,,,,,,,
,,,,,,,,,,,,,,,,,
,,,,,,,,,,,,,,,,,
,,,,,,,,,,,,,,,,,
,,,,,,,,,,,,,,,,,
,,,,,,,,,,,,,,,,,
,,,,,,,,,,,,,,,,,
,,,,,,,,,,,,,,,,,
,,,,,,,,,,,,,,,,,
,,,,,,,,,,,,,,,,,
,,,,,,,,,,,,,,,,,
,,,,,,,,,,,,,,,,,
,,,,,,,,,,,,,,,,,
,,,,,,,,,,,,,,,,,
,,,,,,,,,,,,,,,,,
,,,,,,,,,,,,,,,,,
,,,,,,,,,,,,,,,,,
,,,,,,,,,,,,,,,,,
,,,,,,,,,,,,,,,,,
,,,,,,,,,,,,,,,,,
,,,,,,,,,,,,,,,,,
,,,,,,,,,,,,,,,,,
,,,,,,,,,,,,,,,,,
,,,,,,,,,,,,,,,,,
,,,,,,,,,,,,,,,,,
,,,,,,,,,,,,,,,,,
,,,,,,,,,,,,,,,,,
,,,,,,,,,,,,,,,,,
,,,,,,,,,,,,,,,,,
,,,,,,,,,,,,,,,,,
,,,,,,,,,,,,,,,,,
,,,,,,,,,,,,,,,,,
,,,,,,,,,,,,,,,,,
,,,,,,,,,,,,,,,,,
,,,,,,,,,,,,,,,,,
,,,,,,,,,,,,,,,,,
,,,,,,,,,,,,,,,,,
,,,,,,,,,,,,,,,,,
,,,,,,,,,,,,,,,,,
,,,,,,,,,,,,,,,,,
,,,,,,,,,,,,,,,,,
,,,,,,,,,,,,,,,,,
,,,,,,,,,,,,,,,,,
,,,,,,,,,,,,,,,,,
,,,,,,,,,,,,,,,,,
,,,,,,,,,,,,,,,,,
,,,,,,,,,,,,,,,,,
,,,,,,,,,,,,,,,,,
,,,,,,,,,,,,,,,,,
,,,,,,,,,,,,,,,,,
,,,,,,,,,,,,,,,,,
,,,,,,,,,,,,,,,,,
,,,,,,,,,,,,,,,,,
,,,,,,,,,,,,,,,,,
,,,,,,,,,,,,,,,,,
,,,,,,,,,,,,,,,,,
,,,,,,,,,,,,,,,,,
,,,,,,,,,,,,,,,,,
,,,,,,,,,,,,,,,,,
,,,,,,,,,,,,,,,,,
,,,,,,,,,,,,,,,,,
,,,,,,,,,,,,,,,,,
,,,,,,,,,,,,,,,,,
,,,,,,,,,,,,,,,,,
,,,,,,,,,,,,,,,,,
,,,,,,,,,,,,,,,,,
,,,,,,,,,,,,,,,,,
,,,,,,,,,,,,,,,,,
,,,,,,,,,,,,,,,,,
,,,,,,,,,,,,,,,,,
,,,,,,,,,,,,,,,,,
,,,,,,,,,,,,,,,,,
,,,,,,,,,,,,,,,,,
,,,,,,,,,,,,,,,,,
,,,,,,,,,,,,,,,,,
,,,,,,,,,,,,,,,,,
,,,,,,,,,,,,,,,,,
,,,,,,,,,,,,,,,,,
,,,,,,,,,,,,,,,,,
,,,,,,,,,,,,,,,,,
,,,,,,,,,,,,,,,,,
,,,,,,,,,,,,,,,,,
,,,,,,,,,,,,,,,,,
,,,,,,,,,,,,,,,,,
,,,,,,,,,,,,,,,,,
,,,,,,,,,,,,,,,,,
,,,,,,,,,,,,,,,,,
,,,,,,,,,,,,,,,,,
,,,,,,,,,,,,,,,,,
,,,,,,,,,,,,,,,,,
,,,,,,,,,,,,,,,,,
,,,,,,,,,,,,,,,,,
,,,,,,,,,,,,,,,,,
,,,,,,,,,,,,,,,,,
,,,,,,,,,,,,,,,,,
,,,,,,,,,,,,,,,,,
,,,,,,,,,,,,,,,,,
,,,,,,,,,,,,,,,,,
,,,,,,,,,,,,,,,,,
,,,,,,,,,,,,,,,,,
,,,,,,,,,,,,,,,,,
,,,,,,,,,,,,,,,,,
,,,,,,,,,,,,,,,,,
,,,,,,,,,,,,,,,,,
,,,,,,,,,,,,,,,,,
,,,,,,,,,,,,,,,,,
,,,,,,,,,,,,,,,,,
,,,,,,,,,,,,,,,,,
,,,,,,,,,,,,,,,,,
,,,,,,,,,,,,,,,,,
,,,,,,,,,,,,,,,,,
,,,,,,,,,,,,,,,,,
,,,,,,,,,,,,,,,,,
,,,,,,,,,,,,,,,,,
,,,,,,,,,,,,,,,,,
,,,,,,,,,,,,,,,,,
,,,,,,,,,,,,,,,,,
,,,,,,,,,,,,,,,,,
,,,,,,,,,,,,,,,,,
,,,,,,,,,,,,,,,,,
,,,,,,,,,,,,,,,,,
,,,,,,,,,,,,,,,,,
,,,,,,,,,,,,,,,,,
,,,,,,,,,,,,,,,,,
,,,,,,,,,,,,,,,,,
,,,,,,,,,,,,,,,,,
,,,,,,,,,,,,,,,,,
,,,,,,,,,,,,,,,,,
,,,,,,,,,,,,,,,,,
10.431625,4.702585,12.750210000000001,11.016442999999999,4.674103,13.168039000000002,11.137561999999999,4.820437999999999,12.14281,11.887107,2.294828,10.78476,13.018533,2.471552,10.287797,12.625207000000001,0.019445,9.252746
10.426960000000001,4.733716,12.757783,11.001585,4.72649,13.194013,11.092046,4.81241,12.17123,11.889609,2.336814,10.790728999999999,13.012583,2.5063779999999998,10.270274,12.626127,0.021197,9.258718
10.43056,4.7666319999999995,12.772834,10.967586,4.748497,13.194204999999998,11.090317,4.84469,12.185611,11.883379,2.377452,10.792882,13.00352,2.5198,10.262098,12.612264,0.035668,9.259443
10.43095,4.832961,12.739589,10.956189,4.786989,13.203278,11.076591,4.9051029999999995,12.193967,11.874523,2.437037,10.785403,12.985538,2.5192,10.29898,12.614868,0.031531,9.294947
10.400935,4.856288,12.749436,10.93078,4.806608,13.219479000000002,11.061797,4.948904,12.196152,11.849691,2.488978,10.769353,12.971889,2.546011,10.277633,12.607610000000001,0.060161,9.29519
10.38655,4.909429,12.721805999999999,10.918686,4.871797,13.194517999999999,11.051331,4.995842,12.193565,11.805266,2.498532,10.793275999999999,12.950955,2.536683,10.319165,12.594880999999999,0.069022,9.289104
10.354452,4.986402,12.687363000000001,10.920608999999999,4.906524,13.147743,11.043085000000001,5.042237999999999,12.192224000000001,11.790873,2.528739,10.802427,12.950994999999999,2.561491,10.321839,12.58484,0.056705,9.272206
10.348443,4.972836,12.740615,10.904278,4.961652,13.138468,11.030207,5.1011940000000005,12.170663000000001,11.758809,2.5489900000000003,10.818265,12.912269,2.57059,10.328028999999999,12.578994999999999,0.072867,9.287439
10.344438,5.032925,12.743618,10.892761,5.024608,13.160956,11.012962,5.145594,12.159943,11.754348,2.610748,10.791310000000001,12.890266,2.605722,10.323994,12.571219000000001,0.108721,9.265024
10.337041000000001,5.088844,12.732629,10.868735000000001,5.074993,13.140104000000001,11.006674,5.187271,12.158318,11.717195,2.5748330000000004,10.859093,12.853657,2.6272349999999998,10.351359,12.564105999999999,0.134986,9.253707
10.318816,5.1349860000000005,12.731389,10.832499,5.122078,13.148396,10.99226,5.221747,12.16773,11.682694999999999,2.606028,10.858981,12.834513000000001,2.665325,10.312476,12.562346,0.145892,9.273430000000001
10.295225,5.186298000000001,12.713018,10.815916,5.176684,13.131007,10.973636,5.254266,12.17343,11.651465,2.628825,10.864683,12.803666999999999,2.6844040000000002,10.303766,12.54878,0.166642,9.285632000000001
10.271123,5.247516,12.708096000000001,10.79379,5.2002239999999995,13.141376000000001,10.939097,5.296793,12.152878,11.617288,2.67924,10.873467999999999,12.76148,2.71148,10.307127000000001,12.54097,0.205381,9.291538000000001
10.255603,5.294082,12.711782000000001,10.765006,5.239927,13.138853,10.910385,5.348735,12.141407000000001,11.594777,2.735398,10.872525999999999,12.717915,2.71443,10.323856,12.518864,0.24154899999999999,9.308531
10.215252,5.342283,12.71572,10.741464,5.307233,13.123829999999998,10.876338,5.4303,12.120852000000001,11.559705000000001,2.7859830000000003,10.865435,12.677143,2.715184,10.331896,12.519214999999999,0.2414,9.323129
10.181602,5.386959,12.714045,10.725975,5.348512,13.116629999999999,10.838685,5.485251,12.109093,11.512211,2.7795520000000002,10.891059,12.610872,2.723497,10.350791000000001,12.49854,0.245392,9.319175999999999
10.149987,5.424955000000001,12.742092,10.687021000000001,5.411794,13.132104,10.818263,5.524006,12.149361,11.471126,2.8079709999999998,10.914933999999999,12.57876,2.767458,10.33606,12.485451,0.27597,9.334493
10.105996000000001,5.478942,12.753857,10.637197,5.4501290000000004,13.13199,10.783184,5.559686,12.165455999999999,11.410953999999998,2.864999,10.913267,12.537398,2.800414,10.360957,12.458672,0.308842,9.344977
10.043102000000001,5.575565,12.736267,10.592735000000001,5.526127,13.13495,10.748928,5.602027,12.157835,11.359108,2.941863,10.876589,12.475763,2.830261,10.369148,12.441847000000001,0.338964,9.35241
9.989065,5.657037,12.693431,10.54851,5.581096,13.141588,10.672217999999999,5.655798,12.168721000000001,11.301953,2.984137,10.880225,12.396666999999999,2.884504,10.346333,12.425004,0.37629,9.346331
9.959567,5.699789,12.745824,10.491765,5.654593,13.118076,10.635145,5.726876,12.180725,11.247625,3.006732,10.901067,12.345286,2.948732,10.315605999999999,12.392408999999999,0.43033999999999994,9.337631
9.911296,5.7710930000000005,12.756028,10.436767999999999,5.717679,13.134245000000002,10.587872,5.761718,12.202223,11.166882000000001,3.002995,10.993222,12.285181,2.953183,10.366863,12.361466,0.462538,9.358211
9.873997,5.85733,12.714939999999999,10.381192,5.742894000000001,13.172839000000002,10.557143,5.833075,12.227631,11.114339999999999,3.065059,10.966867,12.219056,3.000461,10.38487,12.346539,0.47302799999999995,9.403293
9.797386,5.9028529999999995,12.763438,10.339992,5.842212,13.168869,10.468058000000001,5.963589,12.162892999999999,11.043896,3.1519,10.903927000000001,12.145429,3.052395,10.394300999999999,12.311011,0.5013890000000001,9.423702
9.712749,5.924481,12.833932,10.279674,5.940404,13.151948,10.424252000000001,6.007453,12.179692999999999,10.957691,3.2547080000000004,10.888356,12.073736,3.095196,10.414752,12.270617,0.549866,9.450574000000001
9.63989,6.043503,12.787543,10.209508,6.00108,13.169941,10.340876,6.122428,12.148914999999999,10.879559,3.3151940000000004,10.875732000000001,11.983741,3.175259,10.372935,12.227367999999998,0.588733,9.48894
9.57888,6.1211139999999995,12.802371,10.151358,6.058382,13.167836,10.266121,6.165215,12.173233,10.800005,3.3992,10.871428,11.914821,3.242897,10.349374000000001,12.159799000000001,0.614409,9.548714
9.533647,6.228219,12.757547,10.071966,6.157664,13.159692999999999,10.202342999999999,6.23639,12.201279,10.712872,3.4386949999999996,10.907194,11.834983,3.28946,10.393175,12.143074,0.756532,9.429072
9.456056,6.349659,12.733313,10.006813000000001,6.245176,13.154563000000001,10.099372,6.361581,12.213524000000001,10.635857000000001,3.487272,10.954326,11.765467999999998,3.3481059999999996,10.425174,12.060678999999999,0.769405,9.538661
9.374578,6.4232949999999995,12.733416,9.925771000000001,6.304157,13.187949,10.011664,6.439712999999999,12.210988,10.536453999999999,3.585573,10.936686,11.666945,3.458396,10.399219,11.96139,0.881382,9.518494
9.28979,6.505661,12.718046000000001,9.854409,6.380621,13.174160999999998,9.940445,6.479496,12.230055,10.449224000000001,3.71845,10.871293,11.568242,3.5747660000000003,10.360483,11.88974,0.960325,9.493824
9.221822999999999,6.594452,12.740077000000001,9.766869999999999,6.465362,13.184844,9.886303999999999,6.590402,12.174660000000001,10.35947,3.81221,10.878803,11.487442999999999,3.660158,10.378982,11.793624000000001,1.0129700000000001,9.54572
9.122596000000001,6.641814999999999,12.775038,9.664441,6.617242,13.096261,9.777382000000001,6.634039,12.229273,10.240363,3.878778,10.914102,11.374264,3.7250959999999997,10.421816999999999,11.663317999999999,1.151429,9.551203999999998
9.027716,6.714823,12.786398,9.554413,6.658016,13.173445000000001,9.680689,6.724124000000001,12.191705,10.153671000000001,3.993781,10.84718,11.298089,3.8120730000000003,10.418656,11.567024,1.210439,9.537285
8.958668,6.822252000000001,12.774997,9.457757,6.762318,13.11297,9.579096,6.797115,12.222335000000001,10.048846000000001,4.085833999999999,10.867646,11.208578999999999,3.872784,10.423294,11.44645,1.340334,9.52183
8.850195,6.921207000000001,12.731889,9.364397,6.7946100000000005,13.202029000000001,9.511714,6.888636999999999,12.211636,9.967281,4.138769,10.885831,11.05733,4.023933,10.338882,11.357617,1.424145,9.515092999999998
8.737128,7.007156,12.70055,9.273810000000001,6.932164,13.151591,9.39847,7.013786,12.19977,9.814653,4.250583,10.83871,10.951383,4.1252629999999995,10.342122,11.198364,1.49262,9.543381
8.588307,7.0707,12.778986,9.149424,7.0261960000000006,13.137020000000001,9.28935,7.098516,12.168863,9.653383,4.308418,10.839628999999999,10.787281,4.208001,10.375722,11.056627,1.586829,9.583644
8.454851,7.173664,12.796198,9.045763,7.117724000000001,13.116489000000001,9.172054,7.165639,12.201045,9.55052,4.449397,10.765371,10.713776,4.2965,10.398759,10.923767999999999,1.690805,9.552123
8.355896000000001,7.2702100000000005,12.788212,8.950572,7.209954,13.134848999999999,9.016936,7.234681,12.219008,9.439427,4.549698,10.751506,10.570675999999999,4.411411,10.369715,10.747335000000001,1.731583,9.620811
8.278853999999999,7.364184,12.780706,8.812739,7.291206,13.126523,8.935656,7.354897,12.171808,9.302683,4.623994000000001,10.777712,10.445244,4.501769,10.356043,10.510124000000001,1.9020700000000001,9.538435
8.160014,7.533728,12.707019,8.692026,7.3577,13.141257999999999,8.828838000000001,7.446625999999999,12.176353,9.180197,4.736191000000001,10.790669,10.272805,4.631412,10.319365,10.314763000000001,2.041952,9.502864
8.01469,7.601514999999999,12.699530000000001,8.564325,7.448167999999999,13.112031,8.707342,7.551302000000001,12.152096,9.023796,4.787653,10.876566,10.162597,4.7675529999999995,10.291425,10.145809,2.068902,9.555615
7.904205999999999,7.686438000000001,12.674233000000001,8.467395,7.566086,13.073993,8.555448,7.648182,12.176417,8.874623,4.942525,10.772436,9.984447,4.8562959999999995,10.330241000000001,9.988795,2.166863,9.625605
7.765878,7.7502320000000005,12.701669,8.331023,7.685657000000001,13.071439,8.432186,7.738469,12.158921000000001,8.731689,5.0161739999999995,10.783002999999999,9.852762,4.9142019999999995,10.351650999999999,9.795122000000001,2.252873,9.701893
7.640608,7.873614999999999,12.727072999999999,8.194626,7.7533,13.069129,8.287025,7.887225,12.110561,8.536677000000001,5.1253,10.792138000000001,9.725892,5.027648999999999,10.283047,9.555977,2.360967,9.692663
7.4821089999999995,7.961127,12.713211,8.049089,7.91098,13.030251,8.141469,7.974,12.08769,8.425112,5.236047,10.744238000000001,9.540508,5.147375,10.25427,9.332728,2.472106,9.684361
7.346061,8.087764,12.671667999999999,7.900179,7.998716,13.034614,8.001501,8.087743,12.033028999999999,8.240122999999999,5.320575,10.776406,9.344054,5.202656,10.262843,9.113575,2.57464,9.655116
7.164405,8.176651,12.742576,7.717872,8.088721000000001,13.007424,7.834996,8.140982000000001,12.045323,8.077873,5.4206080000000005,10.751128999999999,9.235316000000001,5.30363,10.224029,8.804033,2.695641,9.674781
7.007186999999999,8.303329,12.615141,7.555174000000001,8.176808,13.006147,7.703417999999999,8.241439999999999,12.010893,7.904872999999999,5.5553989999999995,10.705791,9.050976,5.436138,10.211793,8.5678,2.780664,9.711273
6.84025,8.367208999999999,12.652505,7.409972,8.273513000000001,13.036474,7.559846,8.373917,11.974256,7.737328999999999,5.644731,10.67568,8.900414,5.542275,10.167138000000001,8.310138,2.890253,9.676686
6.697825,8.478973,12.663228,7.26198,8.390189999999999,13.001049,7.402080000000001,8.484867999999999,11.985346,7.586738,5.75721,10.625816,8.7165,5.651774,10.127432,8.053037,2.968342,9.748555
6.53945,8.577542,12.619947,7.084589,8.501855,12.962802,7.2175899999999995,8.553360000000001,12.004045,7.380578999999999,5.830955,10.683563000000001,8.515003,5.759132,10.096725,7.815042999999999,3.037338,9.788205
6.369725,8.67164,12.61389,6.924325,8.594882,12.949626,7.0168539999999995,8.619321000000001,12.036679,7.18863,5.929180000000001,10.698405000000001,8.343823,5.79667,10.147008,7.521782000000001,3.177927,9.766374
6.20442,8.796555,12.592697,6.757678,8.655992,12.994425999999999,6.871332000000001,8.728632000000001,11.99313,7.032971000000001,6.074685,10.608903999999999,8.140269,5.975188,10.000736,7.293558999999999,3.276271,9.755268
6.028862999999999,8.916657,12.551021,6.574038000000001,8.743719,12.957334,6.666175,8.778796,12.039384,6.818391,6.14425,10.623647,7.993030999999999,6.0513,9.9791,6.9785710000000005,3.42565,9.721485000000001
5.803669999999999,8.956474,12.6098,6.379112999999999,8.840003,12.955404,6.484625,8.890672,11.990338000000001,6.605021000000001,6.2336849999999995,10.605022,7.799158,6.109902,9.98334,6.752325,3.523182,9.703062
5.634548000000001,9.065197999999999,12.588952,6.159584,8.968655,12.924462,6.324143,9.078527000000001,11.883834,6.455762,6.314668,10.555736999999999,7.559056,6.237951,9.957701,6.413905000000001,3.6500199999999996,9.676567
5.459066,9.1469,12.516108000000001,6.001558999999999,9.115515,12.829500999999999,6.104644,9.102852,11.927511,6.230441000000001,6.337209,10.641827000000001,7.377327,6.2942849999999995,9.942981,6.145,3.837913,9.525141
5.2841510000000005,9.267047999999999,12.475128,5.844996,9.188514999999999,12.821607,5.939149,9.242807,11.889669999999999,6.016292,6.4913099999999995,10.550384,7.134519999999999,6.297184,10.049105,5.838262,3.923197,9.558921
5.102244000000001,9.313823,12.482147,5.692305999999999,9.295304,12.775749000000001,5.745157,9.297689,11.911019,5.803655,6.565504,10.564976,6.931436,6.451061,9.867255,5.6013839999999995,3.997328,9.58235
4.877066,9.41109,12.47607,5.481698000000001,9.330903,12.824223,5.555332,9.433416000000001,11.803537,5.66708,6.653099,10.496302,6.740521,6.494806,9.907608,5.350375,4.075837,9.650491
4.6481449999999995,9.457376,12.471232,5.226469,9.426171,12.816127,5.32196,9.452331,11.854695,5.410121,6.659795,10.587969000000001,6.475015,6.49214,9.9514,5.059965,4.212807,9.555285000000001
4.430797,9.545699,12.445988,5.029502,9.483274,12.805294,5.111497,9.46994,11.941964,5.203439,6.779313,10.519713000000001,6.301867,6.569458999999999,9.902745,4.793916,4.328742,9.560099000000001
4.266505,9.605963000000001,12.451013,4.804224,9.538074,12.843651,4.914479,9.625823,11.784237,4.9889790000000005,6.866091,10.467247,6.079228,6.658496,9.845477,4.512324,4.459125,9.537231
4.0490379999999995,9.666783,12.466844,4.6115639999999996,9.62768,12.783122,4.723457,9.689221,11.814702,4.827142,6.940594,10.454706,5.858768,6.7503470000000005,9.76862,4.2187269999999994,4.539327,9.561667
3.864007,9.778127,12.401876,4.400669000000001,9.70655,12.798504,4.55825,9.773328,11.767435,4.578774,6.98032,10.454659,5.6732510000000005,6.821221,9.653182000000001,3.984662,4.608751,9.572905
3.62468,9.827772,12.368217999999999,4.1885650000000005,9.793302,12.736177,4.321356,9.852611,11.704357,4.37312,6.99403,10.478647,5.409565,6.81917,9.709792,3.6994800000000003,4.711692,9.540562
3.4277599999999997,9.861805,12.376655,4.008684,9.842255999999999,12.753737,4.111842,9.839153,11.783121000000001,4.175501000000001,7.095602,10.394117,5.185833000000001,6.901948,9.660701,3.4408830000000004,4.849831,9.449836
3.194169,9.864316,12.39657,3.809128,9.927081,12.671549,3.8982129999999997,9.948847,11.74668,3.9447410000000005,7.107239,10.462411999999999,4.998255,6.858892,9.707415,3.187201,4.94382,9.427813
2.9594840000000002,10.00313,12.294245,3.57585,9.984943,12.643925,3.6588870000000004,10.001033999999999,11.713149000000001,3.766879,7.209688000000001,10.33886,4.745028,6.9571179999999995,9.560974,2.947716,4.995644,9.374181
2.812323,10.097109,12.182858,3.3118540000000003,10.007660000000001,12.697365,3.4302599999999996,10.016163,11.714568,3.5299989999999997,7.211091000000001,10.354804,4.532436,6.980519,9.538027,2.6144950000000002,5.031035,9.443217
2.653829,10.117238,12.231597,3.1261669999999997,10.062609,12.665006,3.242679,10.069842999999999,11.681075,3.361882,7.248616999999999,10.335852000000001,4.278795,6.971824000000001,9.554575,2.372599,5.045767,9.477897
2.3540669999999997,10.130897000000001,12.287872,2.933541,10.132083999999999,12.561592999999998,3.040142,10.150027,11.632742,3.139941,7.295825,10.258094999999999,4.041732,7.087217,9.380707000000001,2.101101,5.1252059999999995,9.406962
2.1494009999999997,10.199232,12.197948,2.686987,10.178572,12.573336,2.824218,10.168659,11.667819,2.9488060000000003,7.353188,10.215961,3.816646,6.996987,9.488552,1.872163,5.17236,9.430259
1.960634,10.25875,12.152027,2.502466,10.230992,12.556742999999999,2.616483,10.2032,11.596472,2.744293,7.370027,10.195852,3.6031519999999997,7.022114,9.424767,1.5721610000000001,5.186247,9.46609
1.785853,10.242125999999999,12.173392,2.260066,10.24929,12.592902,2.400648,10.250354,11.609534,2.511531,7.3831240000000005,10.19224,3.4088269999999996,7.025022,9.322389,1.32705,5.279515,9.404328
1.5421340000000001,10.213359,12.241031,2.055864,10.275897,12.563552,2.187943,10.31785,11.567772,2.2858400000000003,7.365951,10.184865,3.155839,6.9792119999999995,9.365867,1.086217,5.275469999999999,9.367964
1.293393,10.253454,12.181296000000001,1.8987150000000002,10.308361999999999,12.53022,2.001764,10.33028,11.562225,2.064874,7.384668,10.122844,2.925533,7.012599000000001,9.252149000000001,0.8648379999999999,5.294089,9.366739
1.089776,10.228385000000001,12.179535000000001,1.658264,10.351796,12.480159,1.7589290000000002,10.31841,11.627924,1.886918,7.480349,10.037449,2.683794,7.03523,9.204572,0.624075,5.344293,9.338674000000001
0.886797,10.229275999999999,12.232619,1.450764,10.374621000000001,12.456127,1.581051,10.336647,11.548748,1.6387580000000002,7.50183,10.007214999999999,2.463374,6.966616,9.236386999999999,0.374362,5.334753,9.364053
0.693525,10.275024,12.152595,1.227394,10.367068,12.466056,1.424483,10.380008,11.515106,1.490055,7.504344000000001,10.012247,2.219577,6.946006,9.192905,0.11259000000000001,5.302112999999999,9.355599
0.544636,10.30531,12.129180999999999,1.0460610000000001,10.389969,12.431773,1.2101309999999998,10.439934,11.448203999999999,1.253169,7.447507000000001,10.073002,1.99135,6.886855000000001,9.214464,-0.140753,5.2623489999999995,9.42737
0.332544,10.283071000000001,12.12058,0.8618379999999999,10.433255,12.34995,0.9813350000000001,10.447555,11.434071000000001,1.062184,7.4524289999999995,9.985436,1.7933540000000001,6.905914999999999,9.099029,-0.348972,5.230174,9.413271
0.144938,10.310210000000001,12.065759,0.65049,10.354251,12.468467,0.775108,10.420403,11.450644,0.897487,7.395461,10.037015,1.560246,6.856872999999999,9.145839,-0.556987,5.269532,9.350636999999999
-0.035071,10.326875,11.983561,0.435539,10.357773,12.400267999999999,0.547596,10.379980999999999,11.512789,0.7049380000000001,7.451811999999999,9.886409,1.368252,6.871776,9.036961999999999,-0.7832399999999999,5.190247,9.434476
-0.256208,10.274631,12.052996,0.241033,10.401313,12.300639,0.367284,10.448634,11.379068,0.51651,7.404754,9.915044,1.189491,6.847428,9.043386,-1.0335530000000002,5.189762,9.428361
-0.45938,10.239941,12.08855,0.053435,10.355582,12.340489999999999,0.18338,10.371803,11.435205,0.34765799999999997,7.361628,9.940491999999999,0.97809,6.797764999999999,9.01393,-1.2233209999999999,5.210781,9.379636
-0.6407689999999999,10.197694,12.11463,-0.129249,10.347361,12.333712,-0.022847,10.392339,11.362658,0.149785,7.39615,9.862877000000001,0.7723409999999999,6.755501,8.964014,-1.4645110000000001,5.171027,9.367961
-0.829716,10.187302,12.072703,-0.322296,10.346279,12.294630999999999,-0.204019,10.353850999999999,11.405816,-0.04972,7.312410000000001,9.893464999999999,0.5722079999999999,6.702369,8.943833,-1.670682,5.1539410000000005,9.360959
-0.969866,10.21584,11.983635000000001,-0.498094,10.31305,12.319937,-0.373738,10.342621000000001,11.329571000000001,-0.277555,7.233932000000001,9.90589,0.368198,6.640788000000001,8.925438,-1.8809040000000001,5.101195,9.371210000000001
-1.215732,10.170185,11.960787,-0.7213890000000001,10.26634,12.301715,-0.56604,10.294889,11.376638,-0.44202700000000006,7.25203,9.825561,0.159121,6.584316,8.921655,-2.0736369999999997,5.077929,9.351286
-1.409957,10.133455999999999,11.931388,-0.8511860000000001,10.267603,12.254511,-0.736118,10.272801,11.370191,-0.634387,7.216135,9.820898,-0.052474,6.517276,8.941787,-2.274317,5.0298680000000004,9.356385000000001
-1.576846,10.044061,12.011403999999999,-1.065232,10.247571,12.219702999999999,-0.908225,10.225019999999999,11.38872,-0.766799,7.205742,9.769511,-0.24693800000000002,6.499039,8.888299,-2.4929669999999997,4.93075,9.387825999999999
-1.766515,10.022454,11.964406,-1.252749,10.153167999999999,12.317305000000001,-1.073927,10.224843,11.299254,-0.950375,7.146383,9.773695,-0.444478,6.447573,8.860688,-2.693754,4.989539,9.271925
-1.931346,9.977012,11.94624,-1.4382469999999998,10.11783,12.331119000000001,-1.30272,10.121462,11.38053,-1.111982,7.133166,9.732579,-0.61806,6.375381,8.871635000000001,-2.906603,4.866074,9.318695
-2.09439,9.920135,11.943191,-1.577106,10.083872999999999,12.271339,-1.4689940000000001,10.111363,11.285986999999999,-1.303605,7.053091,9.754437,-0.823892,6.283691,8.897264,-3.1072450000000003,4.766093,9.321014
-2.273678,9.905087,11.891071,-1.777139,10.032845,12.286626,-1.644161,10.066995,11.286153,-1.469075,6.984678999999999,9.776473,-1.0153809999999999,6.2214730000000005,8.84741,-3.317343,4.7423,9.263405
-2.434822,9.864872,11.856963,-1.9820799999999998,9.951293,12.317685,-1.807694,10.09487,11.182917,-1.633507,6.947832000000001,9.727677,-1.2158309999999999,6.137854,8.874724,-3.4685580000000003,4.711758000000001,9.202811
-2.588131,9.823882000000001,11.847266000000001,-2.160246,9.953969,12.211524,-2.0084560000000002,10.023016,11.189252,-1.8367080000000002,6.890896000000001,9.681705000000001,-1.4284430000000001,6.059528,8.828096,-3.681743,4.589162,9.262866
-2.7616509999999996,9.751645,11.849752,-2.325268,9.927282,12.125041,-2.177559,9.911469,11.277523,-2.048031,6.794186,9.694032,-1.596401,5.986036,8.824447,-3.892401,4.506813,9.245762
-2.97575,9.630044999999999,11.915403999999999,-2.51356,9.813608,12.231643,-2.370387,9.861575,11.27797,-2.1878490000000004,6.777895,9.665249000000001,-1.8007950000000001,5.890323,8.876684,-4.082939,4.375723000000001,9.287744
-3.154385,9.548933,11.945798,-2.7187810000000003,9.749659,12.203741,-2.538089,9.795177,11.264268,-2.377696,6.717282000000001,9.626432000000001,-2.011742,5.869299,8.762613,-4.280908,4.323906,9.204321
-3.3295190000000003,9.508041,11.876914999999999,-2.926007,9.704400999999999,12.157326,-2.680206,9.797642999999999,11.145723,-2.544686,6.618792,9.621297,-2.175996,5.75099,8.78167,-4.464391,4.268171,9.184438
-3.518397,9.428443,11.849224000000001,-3.0698939999999997,9.627148,12.117248,-2.867529,9.746830000000001,11.100576,-2.748422,6.530907,9.598709,-2.337471,5.697336,8.759341000000001,-4.64232,4.188555,9.120673
-3.720469,9.3775,11.790853,-3.234085,9.542262,12.138753,-3.0678650000000003,9.602979,11.159831,-2.8772290000000003,6.501822,9.567956,-2.555236,5.574527,8.801798,-4.816301,4.106317,9.13221
-3.886593,9.334404,11.740306,-3.427076,9.456757000000001,12.167547,-3.258801,9.525936,11.122765,-3.0771439999999997,6.41711,9.585987,-2.720316,5.536055,8.70145,-5.039534,4.005533,9.09009
-4.020173000000001,9.256761000000001,11.754699,-3.6221949999999996,9.363323,12.087786999999999,-3.4419470000000003,9.440133,11.15047,-3.240303,6.335185,9.53863,-2.930075,5.411109,8.747882,-5.228128,3.8874769999999996,9.084986
-4.220794000000001,9.111862,11.789506,-3.776649,9.259005,12.131044000000001,-3.617204,9.344057000000001,11.153752,-3.4534089999999997,6.161922,9.643694,-3.1139650000000003,5.326135,8.721531,-5.430479,3.846129,9.014961999999999
-4.425014,8.993960000000001,11.812792,-3.963068,9.214965,12.057444,-3.763603,9.291780000000001,11.128497,-3.6165870000000004,6.145471,9.560483,-3.330657,5.208933999999999,8.7145,-5.606564,3.7527690000000002,8.985122
-4.57104,8.946755,11.754053,-4.1360779999999995,9.10099,12.112853,-3.980116,9.169902,11.141628,-3.7701519999999995,6.064785,9.517844,-3.5111339999999998,5.152647,8.64976,-5.77853,3.619493,9.008417999999999
-4.725258999999999,8.87657,11.707756,-4.347842,8.992022,12.05965,-4.1599260000000005,9.083408,11.149924,-3.964399,5.950089,9.528329,-3.7011010000000004,5.03477,8.681076,-5.973528,3.49841,9.011198
-4.963814,8.722363,11.746941,-4.5054050000000005,8.927938000000001,11.997557,-4.355929,8.972916,11.12283,-4.149014,5.860739,9.50007,-3.8833279999999997,4.892799,8.678653,-6.160166,3.419043,8.936795
-5.159261,8.570782000000001,11.746146000000001,-4.689551,8.801547,12.00637,-4.525524,8.855048,11.1479,-4.323087,5.768543,9.437527000000001,-4.0845910000000005,4.759771,8.670338000000001,-6.356158,3.290925,8.950009
-5.330155,8.471387,11.720951,-4.873785,8.693579,12.021739,-4.705959,8.742613,11.121569000000001,-4.549963,5.630945,9.409358000000001,-4.28027,4.674373999999999,8.609524,-6.596172999999999,3.151708,8.991187
-5.496611,8.361514,11.720799000000001,-5.057737,8.533055000000001,12.034671000000001,-4.866669,8.678994,11.039330999999999,-4.725555,5.512702,9.389937,-4.49102,4.536188,8.644200999999999,-6.770828,3.041395,8.986321
-5.678599,8.240984,11.725678,-5.254919,8.443926,11.962973,-5.0760879999999995,8.521396000000001,11.072288,-4.8962900000000005,5.357812,9.431264,-4.677324,4.436793,8.563539,-6.93088,2.924773,8.927918
-5.833268,8.147671,11.659142,-5.442527,8.264971000000001,11.980905,-5.259582,8.401323,11.0388,-5.119939,5.192505000000001,9.491191,-4.8605339999999995,4.306406,8.576637,-7.160984,2.787428,8.900232
-6.007787,8.002775999999999,11.705502000000001,-5.619343,8.121922,12.042302000000001,-5.451569999999999,8.271183,11.024989999999999,-5.2887830000000005,5.1101790000000005,9.411952000000001,-5.058805,4.16014,8.548885,-7.3652169999999995,2.6386580000000004,8.894973
-6.167235,7.835818,11.751025,-5.797294,8.009099,12.013183999999999,-5.614108,8.161252000000001,11.035855,-5.432933,5.017416000000001,9.35592,-5.246283,4.080175,8.489277000000001,-7.563178,2.486047,8.885480000000001
-6.374907,7.738544999999999,11.649363000000001,-5.97622,7.9252899999999995,11.980871,-5.783429,8.037293,11.006898,-5.627041,4.9224879999999995,9.330667,-5.476367,3.8908089999999995,8.497016,-7.715002,2.3941310000000002,8.819345
-6.581111999999999,7.638597,11.580843,-6.1414290000000005,7.7718110000000005,11.945853999999999,-5.975223000000001,7.905498,11.004864,-5.888626,4.71285,9.365611999999999,-5.648976,3.7875370000000004,8.482721000000002,-7.945317999999999,2.2077970000000002,8.868715
-6.712376,7.5242309999999994,11.542603,-6.34201,7.601416,11.963022,-6.160594000000001,7.764416000000001,10.983742,-6.070221,4.564097,9.348794999999999,-5.85044,3.6272519999999995,8.479330000000001,-8.106575,2.03835,8.871275
-6.989125,7.274032000000001,11.598591,-6.535188,7.435797,11.927789,-6.314701,7.59795,10.986162,-6.206365,4.508146,9.225814999999999,-6.052157,3.4688839999999996,8.451467999999998,-8.318499000000001,1.931707,8.764712
-7.142377000000001,7.144807000000001,11.59879,-6.685144,7.360887,11.827547000000001,-6.531383,7.426883999999999,10.975358,-6.400094,4.348936,9.258806,-6.247783999999999,3.328588,8.446886,-8.493392,1.771304,8.772161
-7.272161,7.016209,11.581692,-6.917056,7.182722,11.853003999999999,-6.698333,7.286444,10.930800999999999,-6.593697,4.135585,9.272603,-6.398849,3.215286,8.396707000000001,-8.706967,1.626375,8.715035
-7.478821000000001,6.880414,11.549707000000001,-7.05178,7.087692999999999,11.804861,-6.844655,7.180874,10.879571,-6.785226,3.987974,9.265613,-6.624957000000001,2.998479,8.461172,-8.892489999999999,1.50433,8.694369
-7.621347,6.707110000000001,11.586822,-7.236071000000001,6.884581,11.828539,-7.075533,6.957553999999999,10.908767999999998,-6.986714999999999,3.769761,9.334211999999999,-6.833603999999999,2.795394,8.456272,-9.077086,1.324257,8.678666999999999
-7.799222,6.579248,11.521955,-7.458614999999999,6.684686,11.823321,-7.24718,6.833756,10.895268,-7.1753029999999995,3.637577,9.297033,-6.999743,2.661173,8.43953,-9.308357,1.080902,8.72077
-8.01994,6.338325,11.588022,-7.6191699999999996,6.59595,11.771716,-7.380084,6.72,10.866000999999999,-7.347711,3.5166089999999994,9.246711999999999,-7.215439,2.474124,8.456058,-9.464634,0.962074,8.694028999999999
-8.193196,6.171023,11.571994,-7.797859,6.389004,11.765121,-7.5850990000000005,6.541212000000001,10.838177,-7.550317999999999,3.324868,9.237466,-7.419326,2.357081,8.332042999999999,-9.691395,0.7591399999999999,8.685546
-8.383102000000001,5.97639,11.594541,-8.001378,6.20633,11.766494,-7.787936,6.342155,10.83942,-7.7218,3.146431,9.227817,-7.587691,2.159294,8.399345,-9.913651,0.5664060000000001,8.693247999999999
-8.560324000000001,5.838009,11.575092999999999,-8.165641,6.064133999999999,11.699608,-7.99609,6.160931,10.858467999999998,-7.904914999999999,2.985425,9.208629,-7.734017,2.010263,8.322376,-10.148677000000001,0.502977,8.544216
-8.7611,5.6902029999999995,11.45834,-8.361181,5.878475,11.737006,-8.175880000000001,6.021825,10.825832,-8.111061,2.837022,9.213516,-7.928352,1.845474,8.377828,-10.282174000000001,0.330735,8.564142
-8.943382000000001,5.516189,11.509817,-8.529286,5.751052,11.717064,-8.360788000000001,5.859789,10.791507000000001,-8.239071000000001,2.733666,9.135297,-8.082443,1.6983599999999999,8.36898,-10.458515,0.165017,8.602953999999999
-9.11247,5.3931379999999995,11.453205,-8.716746,5.617662999999999,11.664696000000001,-8.557205,5.678643,10.770348,-8.420657,2.573898,9.139292,-8.235628,1.6597529999999998,8.247661,-10.565163,0.068297,8.610825
-9.290513,5.227399,11.473244000000001,-8.896015,5.492687999999999,11.660551,-8.722027,5.591422000000001,10.685018,-8.613714,2.417369,9.153747000000001,-8.350422,1.557541,8.157884,-10.682524,-0.014454,8.616900999999999
-9.471384,5.166075,11.344992999999999,-9.075918,5.3257769999999995,11.68351,-8.884291000000001,5.458473000000001,10.678493,-8.764339,2.31294,9.139722,-8.476164,1.478004,8.132252000000001,-10.796743,-0.10455199999999999,8.619783
-9.632565,5.045557,11.34459,-9.220833,5.204248000000001,11.68173,-9.020135,5.342128,10.669114,-8.902574000000001,2.21805,9.049783,-8.575380000000001,1.4419469999999999,8.021296000000001,-10.882483,-0.18496500000000002,8.617908
-9.815655,4.853596,11.407769,-9.408439,5.036151,11.701376,-9.226403,5.185834,10.679857,-9.043869,2.106502,9.041563,-8.689598,1.35237,7.973935000000001,-10.937994999999999,-0.262324,8.626702
-9.960724,4.810671,11.347464,-9.585714,4.9481,11.639042,-9.387189,5.074552,10.669236999999999,-9.151126,2.032539,8.973125,-8.71761,1.335334,7.970567999999999,-10.947927,-0.269354,8.611829
-10.081946,4.724549,11.303721000000001,-9.714211,4.882257,11.569736,-9.552997999999999,4.9728069999999995,10.662135000000001,-9.301974000000001,1.930382,8.960011999999999,-8.763192,1.340515,7.907967,-10.925979,-0.24051199999999998,8.539978
-10.309448,4.567195,11.325391,-9.868307000000001,4.766928,11.569716,-9.722724000000001,4.851869000000001,10.690247,-9.403117,1.862538,8.928736,-8.797695,1.31555,7.891359,-10.924835,-0.261392,8.530722
-10.466435,4.426819,11.34579,-10.019088,4.64765,11.598322999999999,-9.8304,4.815298,10.638572,-9.498777,1.824572,8.840368,-8.839172,1.300707,7.885414999999999,-10.925405,-0.290204,8.508397
-10.596463,4.3227,11.345578999999999,-10.15151,4.572119,11.586917999999999,-9.982646,4.716998,10.625587,-9.59976,1.7537189999999998,8.839795,-8.861631,1.363672,7.8509,-10.934184,-0.298693,8.51614
-10.7177,4.247218,11.332892999999999,-10.286327,4.486253,11.576025999999999,-10.146071000000001,4.602648,10.663703,-9.660552000000001,1.7400849999999999,8.807496,-8.925303999999999,1.407636,7.833677000000001,-10.955998,-0.282487,8.527181
-10.845031,4.2010440000000004,11.285044000000001,-10.403739999999999,4.417952,11.555645,-10.269717,4.519593,10.671702,-9.734246,1.686391,8.833134,-8.971924000000001,1.447575,7.783537,-10.966717,-0.284842,8.487786
-10.991857000000001,4.093072,11.335772,-10.533211999999999,4.310323,11.60918,-10.345502,4.515235,10.622253,-9.830755,1.630196,8.883242,-9.041228,1.446291,7.819249,-10.97992,-0.249489,8.455665
-11.036681,4.109489,11.279067999999999,-10.65826,4.261387,11.540353999999999,-10.527441,4.385105,10.646443,-9.899877,1.616631,8.845881,-9.074399,1.4794120000000002,7.8154259999999995,-10.979047,-0.277526,8.517992
-11.193209,3.9895519999999998,11.293927,-10.754221000000001,4.203494999999999,11.563817,-10.57715,4.356694,10.650428999999999,-9.977215,1.646106,8.787281,-9.11926,1.5224440000000001,7.825763,-10.989117,-0.28009,8.495716
-11.260178999999999,3.9866669999999997,11.223898,-10.840717,4.179125,11.503658999999999,-10.694058,4.2988349999999995,10.642392999999998,-10.027034,1.6493229999999999,8.797841,-9.178078,1.550667,7.848536999999999,-10.971043,-0.263322,8.492027
-11.370239999999999,3.906421,11.270037,-10.953242,4.1277669999999995,11.476325,-10.797056,4.2616760000000005,10.60399,-10.070578,1.676895,8.775215,-9.231466000000001,1.583676,7.870867,-11.004317,-0.25255900000000003,8.500387
-11.452415,3.854429,11.269532,-11.035675,4.064272,11.518435,-10.878799,4.221388,10.58155,-10.146891,1.6370719999999999,8.827205000000001,-9.271071000000001,1.6163809999999998,7.871739999999999,-11.012305,-0.285947,8.533167
-11.562769,3.860822,11.212100999999999,-11.102532,4.075847,11.482391999999999,-10.916768,4.2330239999999995,10.533854,-10.227879,1.601575,8.856191,-9.334427,1.615189,7.927974000000001,-11.011051,-0.297792,8.522702
-11.626498,3.8240769999999995,11.242929,-11.195075,4.035881,11.464871,-10.973955,4.183788,10.569649,-10.271455,1.611324,8.852316,-9.323339,1.7357189999999998,7.88979,-11.012137,-0.285744,8.526304
-11.682358,3.8050879999999996,11.235732,-11.241098,4.031746,11.425237,-11.070478999999999,4.153919999999999,10.592478,-10.312475,1.61792,8.882113,-9.372323,1.7061080000000002,7.926589,-11.017185000000001,-0.287535,8.516857
-11.726022,3.8282589999999996,11.202029,-11.284003,4.022278,11.44014,-11.108741,4.150129,10.592592,-10.343817999999999,1.6822669999999997,8.870367,-9.377879,1.7453599999999998,7.935744000000001,-11.018837,-0.283039,8.503952
-11.788064,3.8305510000000003,11.182299,-11.331519,4.022287,11.445453,-11.182023,4.107439,10.623151,-10.374725999999999,1.6996310000000001,8.895763,-9.380385,1.78598,7.93916,-11.01495,-0.296373,8.531317
-11.847072,3.858195,11.14578,-11.363361,4.031687000000001,11.442144,-11.248505999999999,4.09433,10.619364,-10.401394999999999,1.711242,8.91306,-9.397680000000001,1.843816,7.942646000000001,-11.024766,-0.28788800000000003,8.525869
-11.901799,3.800098,11.217981,-11.426109,4.025689,11.469526,-11.279881,4.133957,10.559654,-10.440871000000001,1.7348119999999998,8.918493,-9.4364,1.789225,8.043547,-11.017177,-0.312165,8.570286
-11.940969,3.794265,11.233179,-11.489059,4.033479,11.468739999999999,-11.312180999999999,4.137467,10.521986,-10.444757000000001,1.6992369999999999,8.930878,-9.467597,1.8241619999999998,8.044108,-11.014667999999999,-0.322914,8.570611
-11.950527000000001,3.805497,11.235403999999999,-11.519917,4.04099,11.450389999999999,-11.369082,4.129354,10.551467,-10.492531,1.745457,8.901522,-9.475225,1.857076,8.045338000000001,-11.010171000000001,-0.32762600000000003,8.569849000000001
-11.967462,3.8408519999999995,11.20289,-11.554091,4.043207,11.433643,-11.391961,4.197603,10.477582,-10.526015,1.772187,8.902626,-9.488995,1.894907,8.053855,-11.006525,-0.33621,8.581932
-12.002632,3.8650849999999997,11.177477,-11.580821,4.02859,11.429327,-11.416661,4.212739,10.481441,-10.545062,1.7933,8.909499,-9.499753,1.8873529999999998,8.080024,-10.975694,-0.324819,8.567069
-11.986417999999999,3.9509239999999997,11.081332000000002,-11.58901,4.051916,11.447784,-11.432503,4.202367,10.516155,-10.554236999999999,1.80065,8.919392,-9.522238,1.9176220000000002,8.086258,-10.972031,-0.33601,8.596357000000001
-12.028016000000001,3.9474370000000003,11.084697,-11.61785,4.084472,11.426730000000001,-11.44041,4.221331,10.509085,-10.56441,1.8070419999999998,8.940068,-9.544448,1.940698,8.120733999999999,-10.970664,-0.316772,8.548428
-12.072301,3.946957,11.094922,-11.632194,4.100335,11.403888,-11.454964,4.217727,10.530689,-10.588227,1.8139490000000003,8.912051,-9.533966,1.975466,8.103242999999999,-10.958404,-0.313406,8.548724
-12.096504,3.9584019999999995,11.101607000000001,-11.651242,4.116274,11.401964,-11.479486999999999,4.220803,10.441359,-10.606044,1.832095,8.914639999999999,-9.544929,1.980816,8.130853,-10.949857000000002,-0.329485,8.583698
-12.10299,4.008314,11.081204,-11.682012,4.121278,11.412359,-11.476903,4.261154,10.446394999999999,-10.624260000000001,1.839662,8.947431,-9.55023,1.975397,8.1812,-10.934989999999999,-0.29934499999999997,8.557533
-12.141878,4.00588,11.098697,-11.703139,4.155104,11.388622,-11.48635,4.264233,10.46901,-10.65135,1.847284,8.978756,-9.55974,1.9708299999999999,8.171717999999998,-10.947824,-0.309247,8.597994
-12.148616,4.004783,11.104548,-11.719064,4.180675,11.380485,-11.49538,4.300633,10.409671000000001,-10.658481,1.855327,8.964322,-9.562199,1.9905959999999998,8.198333,-10.951857,-0.297683,8.601007000000001
-12.174808,4.024773000000001,11.059435,-11.740594999999999,4.230165,11.354227999999999,-11.518531,4.31973,10.406589,-10.647155,1.895229,8.934078,-9.562547,1.990129,8.171617999999999,-10.946995,-0.29630700000000004,8.578589
-12.183633,4.0621529999999995,11.055425,-11.746132000000001,4.230233999999999,11.371546,-11.520108,4.3490779999999996,10.398925,-10.658789,1.87103,8.957550999999999,-9.564444,1.995666,8.187917,-10.927667999999999,-0.292379,8.558064
-12.20473,4.095843,11.038346,-11.745751,4.229725,11.367792,-11.520961,4.375531,10.408357,-10.673345,1.859725,8.96775,-9.570051,2.0352360000000003,8.172091,-10.915939999999999,-0.287059,8.561805
-12.186263,4.118876,11.007258,-11.755621000000001,4.223973,11.377479,-11.553908,4.383753,10.404753,-10.686169,1.859159,8.952222,-9.56379,2.073561,8.153605,-10.906684,-0.279005,8.578078
-12.187792,4.135759999999999,11.014217,-11.760800999999999,4.243232,11.370629,-11.540503,4.393852,10.405314,-10.672897,1.894018,8.945736,-9.571675,2.095026,8.171578,-10.906055,-0.280291,8.588934
-12.199059,4.170856,11.00814,-11.771426,4.265657,11.331299000000001,-11.518947,4.413233,10.405598,-10.664816,1.89657,8.965095,-9.571041000000001,2.097317,8.216989,-10.914416000000001,-0.27026999999999995,8.575188
-12.229567999999999,4.193766,11.009179,-11.76852,4.325206,11.285086999999999,-11.527804,4.441875,10.391010000000001,-10.670364,1.918677,8.954373,-9.573633000000001,2.1054049999999997,8.204245,-10.899042,-0.263409,8.590751
-12.251821000000001,4.22164,10.996321,-11.780222,4.369681,11.261444000000001,-11.525965,4.459522,10.391071,-10.681173,1.949961,8.934871000000001,-9.587468,2.07784,8.229493,-10.897049,-0.261025,8.600561
-12.259829,4.241282,10.980791,-11.77069,4.404807,11.247269000000001,-11.534851,4.461484,10.397411,-10.694272,1.9539229999999999,8.935544,-9.584429,2.0842549999999997,8.224967999999999,-10.898251,-0.254367,8.594477000000001
-12.235352,4.234388,10.983027,-11.755944,4.436351,11.234900999999999,-11.534608,4.473781,10.397066,-10.713336,1.949134,8.973393,-9.574978999999999,2.077522,8.224501,-10.896697999999999,-0.24484099999999998,8.578667
-12.232972,4.254748,11.016132,-11.75889,4.435347,11.247396,-11.521939999999999,4.492979,10.360866999999999,-10.722271000000001,1.989064,8.960111,-9.575003,2.0793220000000003,8.260114999999999,-10.893564,-0.24675,8.589588000000001
-12.228992,4.2613650000000005,11.017168,-11.751635,4.4307099999999995,11.28237,-11.515148,4.517982,10.355207,-10.727383999999999,2.017663,8.952428999999999,-9.548657,2.114011,8.224319,-10.886374,-0.262824,8.614699
-12.216793,4.292976,11.003697,-11.759505,4.436082,11.280353999999999,-11.506127000000001,4.518528,10.371825,-10.708347999999999,2.001521,8.921138000000001,-9.535644,2.1411569999999998,8.200834,-10.879192,-0.24572600000000003,8.609633
-12.208158000000001,4.322108999999999,10.996652000000001,-11.760214,4.452022,11.276251,-11.484755,4.5358540000000005,10.392942,-10.720656,2.025291,8.920944,-9.552241,2.143024,8.226185000000001,-10.869042,-0.237211,8.611721000000001
-12.188044,4.369375,10.976958,-11.720791,4.495832,11.256653,-11.475403,4.555744,10.413486,-10.718982,2.046288,8.930035,-9.542819999999999,2.160253,8.273256,-10.864133,-0.251155,8.623961999999999
-12.166489,4.414016999999999,10.952873,-11.721892,4.500516,11.269283,-11.462288000000001,4.580114,10.42944,-10.699155000000001,2.071179,8.928019,-9.533766,2.149953,8.327255000000001,-10.847169000000001,-0.253929,8.630505
-12.140414,4.456673,10.918011,-11.700641000000001,4.516614,11.270814,-11.452573,4.5957870000000005,10.402969,-10.680705,2.0886669999999996,8.930128999999999,-9.526058,2.160911,8.328081,-10.803755,-0.21286300000000002,8.593755
-12.127767,4.459755,10.918,-11.683078,4.516387,11.315921000000001,-11.444694,4.619818,10.40811,-10.663677999999999,2.097474,8.945185,-9.49677,2.157612,8.366403,-10.777269,-0.172451,8.549139
-12.104196,4.510765,10.923058000000001,-11.667052,4.53022,11.342908,-11.444469999999999,4.650931,10.347109,-10.647407000000001,2.11672,8.953151,-9.484963,2.1688240000000003,8.382491,-10.776296,-0.188104,8.551057
-12.095227000000001,4.538938,10.888523,-11.657314,4.545303,11.323428999999999,-11.419285,4.668208,10.382298,-10.626578,2.1132560000000002,8.957084,-9.467687,2.1859580000000003,8.367351,-10.749842999999998,-0.15804200000000002,8.518925999999999
-12.082999000000001,4.544567,10.923939,-11.631008,4.5806569999999995,11.296975,-11.371639,4.693782,10.417928999999999,-10.597396,2.16489,8.930317,-9.466389,2.208227,8.388238000000001,-10.745102000000001,-0.15738,8.533197
-12.067969,4.533187,10.980133,-11.616563000000001,4.576407,11.324428999999999,-11.333777,4.702586,10.464396,-10.64437,2.1102060000000002,8.988142999999999,-9.454071,2.208935,8.419766000000001,-10.713486999999999,-0.12847,8.48472
-12.033543,4.548401999999999,11.005216,-11.571246,4.5881739999999995,11.348618,-11.301167,4.702208000000001,10.486895,-10.628424,2.130171,8.996108,-9.435822,2.218032,8.431610000000001,-10.724232,-0.127155,8.495053
-12.0,4.567428,11.003017999999999,-11.570157,4.585678,11.352317999999999,-11.31431,4.662703,10.513441,-10.597318,2.168063,8.978106,-9.412467,2.243472,8.385187,-10.719046,-0.12255999999999999,8.480442
-11.966357,4.580811,11.009544,-11.545082,4.615933999999999,11.317632000000001,-11.250059,4.723192,10.45626,-10.571906,2.199896,8.984021,-9.405968,2.2098560000000003,8.444179,-10.756122,-0.152369,8.521939
,,,,,,,,,,,,,,,,,
,,,,,,,,,,,,,,,,,
,,,,,,,,,,,,,,,,,
,,,,,,,,,,,,,,,,,
,,,,,,,,,,,,,,,,,
,,,,,,,,,,,,,,,,,
,,,,,,,,,,,,,,,,,
,,,,,,,,,,,,,,,,,
,,,,,,,,,,,,,,,,,
,,,,,,,,,,,,,,,,,
,,,,,,,,,,,,,,,,,
,,,,,,,,,,,,,,,,,
,,,,,,,,,,,,,,,,,
,,,,,,,,,,,,,,,,,
,,,,,,,,,,,,,,,,,
,,,,,,,,,,,,,,,,,
,,,,,,,,,,,,,,,,,
,,,,,,,,,,,,,,,,,
,,,,,,,,,,,,,,,,,
,,,,,,,,,,,,,,,,,
,,,,,,,,,,,,,,,,,
,,,,,,,,,,,,,,,,,
,,,,,,,,,,,,,,,,,
,,,,,,,,,,,,,,,,,
,,,,,,,,,,,,,,,,,
,,,,,,,,,,,,,,,,,
,,,,,,,,,,,,,,,,,
,,,,,,,,,,,,,,,,,
,,,,,,,,,,,,,,,,,
,,,,,,,,,,,,,,,,,
,,,,,,,,,,,,,,,,,
,,,,,,,,,,,,,,,,,
,,,,,,,,,,,,,,,,,
,,,,,,,,,,,,,,,,,
,,,,,,,,,,,,,,,,,
,,,,,,,,,,,,,,,,,
,,,,,,,,,,,,,,,,,
,,,,,,,,,,,,,,,,,
,,,,,,,,,,,,,,,,,
,,,,,,,,,,,,,,,,,
,,,,,,,,,,,,,,,,,
,,,,,,,,,,,,,,,,,
,,,,,,,,,,,,,,,,,
,,,,,,,,,,,,,,,,,
,,,,,,,,,,,,,,,,,
,,,,,,,,,,,,,,,,,
,,,,,,,,,,,,,,,,,
,,,,,,,,,,,,,,,,,
,,,,,,,,,,,,,,,,,
,,,,,,,,,,,,,,,,,
,,,,,,,,,,,,,,,,,
,,,,,,,,,,,,,,,,,
,,,,,,,,,,,,,,,,,
,,,,,,,,,,,,,,,,,
,,,,,,,,,,,,,,,,,
,,,,,,,,,,,,,,,,,
,,,,,,,,,,,,,,,,,
,,,,,,,,,,,,,,,,,
,,,,,,,,,,,,,,,,,
,,,,,,,,,,,,,,,,,
,,,,,,,,,,,,,,,,,
,,,,,,,,,,,,,,,,,
,,,,,,,,,,,,,,,,,
,,,,,,,,,,,,,,,,,
,,,,,,,,,,,,,,,,,
,,,,,,,,,,,,,,,,,
,,,,,,,,,,,,,,,,,
,,,,,,,,,,,,,,,,,
,,,,,,,,,,,,,,,,,
,,,,,,,,,,,,,,,,,
,,,,,,,,,,,,,,,,,
,,,,,,,,,,,,,,,,,
,,,,,,,,,,,,,,,,,
,,,,,,,,,,,,,,,,,
,,,,,,,,,,,,,,,,,
,,,,,,,,,,,,,,,,,
,,,,,,,,,,,,,,,,,
,,,,,,,,,,,,,,,,,
,,,,,,,,,,,,,,,,,
,,,,,,,,,,,,,,,,,
,,,,,,,,,,,,,,,,,
,,,,,,,,,,,,,,,,,
,,,,,,,,,,,,,,,,,
,,,,,,,,,,,,,,,,,
,,,,,,,,,,,,,,,,,
,,,,,,,,,,,,,,,,,
,,,,,,,,,,,,,,,,,
,,,,,,,,,,,,,,,,,
,,,,,,,,,,,,,,,,,
,,,,,,,,,,,,,,,,,
,,,,,,,,,,,,,,,,,
,,,,,,,,,,,,,,,,,
,,,,,,,,,,,,,,,,,
,,,,,,,,,,,,,,,,,
,,,,,,,,,,,,,,,,,
,,,,,,,,,,,,,,,,,
,,,,,,,,,,,,,,,,,
,,,,,,,,,,,,,,,,,
,,,,,,,,,,,,,,,,,
,,,,,,,,,,,,,,,,,
,,,,,,,,,,,,,,,,,
,,,,,,,,,,,,,,,,,
,,,,,,,,,,,,,,,,,
,,,,,,,,,,,,,,,,,
,,,,,,,,,,,,,,,,,
,,,,,,,,,,,,,,,,,
,,,,,,,,,,,,,,,,,
,,,,,,,,,,,,,,,,,
,,,,,,,,,,,,,,,,,
,,,,,,,,,,,,,,,,,
,,,,,,,,,,,,,,,,,
,,,,,,,,,,,,,,,,,
,,,,,,,,,,,,,,,,,
,,,,,,,,,,,,,,,,,
,,,,,,,,,,,,,,,,,
,,,,,,,,,,,,,,,,,
,,,,,,,,,,,,,,,,,
,,,,,,,,,,,,,,,,,
,,,,,,,,,,,,,,,,,
,,,,,,,,,,,,,,,,,
,,,,,,,,,,,,,,,,,
,,,,,,,,,,,,,,,,,
,,,,,,,,,,,,,,,,,
,,,,,,,,,,,,,,,,,
,,,,,,,,,,,,,,,,,
,,,,,,,,,,,,,,,,,
,,,,,,,,,,,,,,,,,
,,,,,,,,,,,,,,,,,
,,,,,,,,,,,,,,,,,
,,,,,,,,,,,,,,,,,
,,,,,,,,,,,,,,,,,
,,,,,,,,,,,,,,,,,
,,,,,,,,,,,,,,,,,
,,,,,,,,,,,,,,,,,
,,,,,,,,,,,,,,,,,
,,,,,,,,,,,,,,,,,
,,,,,,,,,,,,,,,,,
,,,,,,,,,,,,,,,,,
,,,,,,,,,,,,,,,,,
,,,,,,,,,,,,,,,,,
,,,,,,,,,,,,,,,,,
,,,,,,,,,,,,,,,,,
,,,,,,,,,,,,,,,,,
,,,,,,,,,,,,,,,,,
,,,,,,,,,,,,,,,,,
,,,,,,,,,,,,,,,,,
,,,,,,,,,,,,,,,,,
,,,,,,,,,,,,,,,,,
,,,,,,,,,,,,,,,,,
,,,,,,,,,,,,,,,,,
,,,,,,,,,,,,,,,,,
,,,,,,,,,,,,,,,,,
,,,,,,,,,,,,,,,,,
,,,,,,,,,,,,,,,,,
,,,,,,,,,,,,,,,,,
,,,,,,,,,,,,,,,,,
,,,,,,,,,,,,,,,,,
,,,,,,,,,,,,,,,,,
,,,,,,,,,,,,,,,,,
,,,,,,,,,,,,,,,,,
,,,,,,,,,,,,,,,,,
,,,,,,,,,,,,,,,,,
,,,,,,,,,,,,,,,,,
,,,,,,,,,,,,,,,,,
,,,,,,,,,,,,,,,,,
,,,,,,,,,,,,,,,,,
,,,,,,,,,,,,,,,,,
,,,,,,,,,,,,,,,,,
,,,,,,,,,,,,,,,,,
,,,,,,,,,,,,,,,,,
,,,,,,,,,,,,,,,,,
,,,,,,,,,,,,,,,,,
,,,,,,,,,,,,,,,,,
,,,,,,,,,,,,,,,,,
,,,,,,,,,,,,,,,,,
,,,,,,,,,,,,,,,,,
,,,,,,,,,,,,,,,,,
,,,,,,,,,,,,,,,,,
,,,,,,,,,,,,,,,,,
,,,,,,,,,,,,,,,,,
,,,,,,,,,,,,,,,,,
,,,,,,,,,,,,,,,,,
,,,,,,,,,,,,,,,,,
,,,,,,,,,,,,,,,,,
,,,,,,,,,,,,,,,,,
,,,,,,,,,,,,,,,,,
,,,,,,,,,,,,,,,,,
,,,,,,,,,,,,,,,,,
,,,,,,,,,,,,,,,,,
,,,,,,,,,,,,,,,,,
,,,,,,,,,,,,,,,,,
,,,,,,,,,,,,,,,,,
,,,,,,,,,,,,,,,,,
,,,,,,,,,,,,,,,,,
,,,,,,,,,,,,,,,,,
,,,,,,,,,,,,,,,,,
,,,,,,,,,,,,,,,,,
,,,,,,,,,,,,,,,,,
,,,,,,,,,,,,,,,,,
,,,,,,,,,,,,,,,,,
,,,,,,,,,,,,,,,,,
,,,,,,,,,,,,,,,,,
,,,,,,,,,,,,,,,,,
,,,,,,,,,,,,,,,,,
,,,,,,,,,,,,,,,,,
,,,,,,,,,,,,,,,,,
,,,,,,,,,,,,,,,,,
,,,,,,,,,,,,,,,,,
,,,,,,,,,,,,,,,,,
,,,,,,,,,,,,,,,,,
,,,,,,,,,,,,,,,,,
,,,,,,,,,,,,,,,,,
,,,,,,,,,,,,,,,,,
,,,,,,,,,,,,,,,,,
,,,,,,,,,,,,,,,,,
,,,,,,,,,,,,,,,,,
,,,,,,,,,,,,,,,,,
,,,,,,,,,,,,,,,,,
,,,,,,,,,,,,,,,,,
,,,,,,,,,,,,,,,,,
,,,,,,,,,,,,,,,,,
,,,,,,,,,,,,,,,,,
,,,,,,,,,,,,,,,,,
,,,,,,,,,,,,,,,,,
,,,,,,,,,,,,,,,,,
,,,,,,,,,,,,,,,,,
,,,,,,,,,,,,,,,,,
,,,,,,,,,,,,,,,,,
,,,,,,,,,,,,,,,,,
,,,,,,,,,,,,,,,,,
,,,,,,,,,,,,,,,,,
,,,,,,,,,,,,,,,,,
,,,,,,,,,,,,,,,,,
,,,,,,,,,,,,,,,,,
,,,,,,,,,,,,,,,,,
,,,,,,,,,,,,,,,,,
,,,,,,,,,,,,,,,,,
,,,,,,,,,,,,,,,,,
,,,,,,,,,,,,,,,,,
,,,,,,,,,,,,,,,,,
,,,,,,,,,,,,,,,,,
,,,,,,,,,,,,,,,,,
,,,,,,,,,,,,,,,,,
,,,,,,,,,,,,,,,,,
,,,,,,,,,,,,,,,,,
,,,,,,,,,,,,,,,,,
,,,,,,,,,,,,,,,,,
,,,,,,,,,,,,,,,,,
,,,,,,,,,,,,,,,,,
,,,,,,,,,,,,,,,,,
,,,,,,,,,,,,,,,,,
,,,,,,,,,,,,,,,,,
,,,,,,,,,,,,,,,,,
,,,,,,,,,,,,,,,,,
,,,,,,,,,,,,,,,,,
,,,,,,,,,,,,,,,,,
,,,,,,,,,,,,,,,,,
,,,,,,,,,,,,,,,,,
,,,,,,,,,,,,,,,,,
,,,,,,,,,,,,,,,,,
,,,,,,,,,,,,,,,,,
,,,,,,,,,,,,,,,,,
,,,,,,,,,,,,,,,,,
,,,,,,,,,,,,,,,,,
,,,,,,,,,,,,,,,,,
,,,,,,,,,,,,,,,,,
,,,,,,,,,,,,,,,,,
,,,,,,,,,,,,,,,,,
,,,,,,,,,,,,,,,,,
,,,,,,,,,,,,,,,,,
,,,,,,,,,,,,,,,,,
,,,,,,,,,,,,,,,,,
,,,,,,,,,,,,,,,,,
,,,,,,,,,,,,,,,,,
,,,,,,,,,,,,,,,,,
,,,,,,,,,,,,,,,,,
,,,,,,,,,,,,,,,,,
,,,,,,,,,,,,,,,,,
,,,,,,,,,,,,,,,,,
,,,,,,,,,,,,,,,,,
,,,,,,,,,,,,,,,,,
,,,,,,,,,,,,,,,,,
,,,,,,,,,,,,,,,,,
,,,,,,,,,,,,,,,,,
,,,,,,,,,,,,,,,,,
,,,,,,,,,,,,,,,,,
,,,,,,,,,,,,,,,,,
,,,,,,,,,,,,,,,,,
,,,,,,,,,,,,,,,,,
,,,,,,,,,,,,,,,,,
,,,,,,,,,,,,,,,,,
,,,,,,,,,,,,,,,,,
,,,,,,,,,,,,,,,,,
,,,,,,,,,,,,,,,,,
,,,,,,,,,,,,,,,,,
,,,,,,,,,,,,,,,,,
,,,,,,,,,,,,,,,,,
,,,,,,,,,,,,,,,,,
,,,,,,,,,,,,,,,,,
,,,,,,,,,,,,,,,,,
,,,,,,,,,,,,,,,,,
,,,,,,,,,,,,,,,,,
,,,,,,,,,,,,,,,,,
,,,,,,,,,,,,,,,,,
,,,,,,,,,,,,,,,,,
,,,,,,,,,,,,,,,,,
,,,,,,,,,,,,,,,,,
,,,,,,,,,,,,,,,,,
,,,,,,,,,,,,,,,,,
,,,,,,,,,,,,,,,,,
,,,,,,,,,,,,,,,,,
,,,,,,,,,,,,,,,,,
,,,,,,,,,,,,,,,,,
,,,,,,,,,,,,,,,,,
,,,,,,,,,,,,,,,,,
,,,,,,,,,,,,,,,,,
,,,,,,,,,,,,,,,,,
,,,,,,,,,,,,,,,,,
,,,,,,,,,,,,,,,,,
,,,,,,,,,,,,,,,,,
,,,,,,,,,,,,,,,,,
,,,,,,,,,,,,,,,,,
,,,,,,,,,,,,,,,,,
,,,,,,,,,,,,,,,,,
,,,,,,,,,,,,,,,,,
,,,,,,,,,,,,,,,,,
,,,,,,,,,,,,,,,,,
,,,,,,,,,,,,,,,,,
,,,,,,,,,,,,,,,,,
,,,,,,,,,,,,,,,,,
,,,,,,,,,,,,,,,,,
,,,,,,,,,,,,,,,,,
,,,,,,,,,,,,,,,,,
,,,,,,,,,,,,,,,,,
,,,,,,,,,,,,,,,,,
,,,,,,,,,,,,,,,,,
,,,,,,,,,,,,,,,,,
,,,,,,,,,,,,,,,,,
,,,,,,,,,,,,,,,,,
,,,,,,,,,,,,,,,,,
,,,,,,,,,,,,,,,,,
,,,,,,,,,,,,,,,,,
,,,,,,,,,,,,,,,,,
,,,,,,,,,,,,,,,,,
,,,,,,,,,,,,,,,,,
