pt1_X,pt1_Y,pt1_Z,pt2_X,pt2_Y,pt2_Z,pt3_X,pt3_Y,pt3_Z,pt4_X,pt4_Y,pt4_Z,pt5_X,pt5_Y,pt5_Z,pt6_X,pt6_Y,pt6_Z,pt7_X,pt7_Y,pt7_Z
,,,,,,,,,,,,,,,,,,,,
,,,,,,,,,,,,,,,,,,,,
,,,,,,,,,,,,,,,,,,,,
,,,,,,,,,,,,,,,,,,,,
,,,,,,,,,,,,,,,,,,,,
,,,,,,,,,,,,,,,,,,,,
,,,,,,,,,,,,,,,,,,,,
,,,,,,,,,,,,,,,,,,,,
,,,,,,,,,,,,,,,,,,,,
,,,,,,,,,,,,,,,,,,,,
,,,,,,,,,,,,,,,,,,,,
,,,,,,,,,,,,,,,,,,,,
,,,,,,,,,,,,,,,,,,,,
,,,,,,,,,,,,,,,,,,,,
,,,,,,,,,,,,,,,,,,,,
,,,,,,,,,,,,,,,,,,,,
,,,,,,,,,,,,,,,,,,,,
,,,,,,,,,,,,,,,,,,,,
,,,,,,,,,,,,,,,,,,,,
,,,,,,,,,,,,,,,,,,,,
,,,,,,,,,,,,,,,,,,,,
,,,,,,,,,,,,,,,,,,,,
,,,,,,,,,,,,,,,,,,,,
,,,,,,,,,,,,,,,,,,,,
,,,,,,,,,,,,,,,,,,,,
,,,,,,,,,,,,,,,,,,,,
,,,,,,,,,,,,,,,,,,,,
,,,,,,,,,,,,,,,,,,,,
,,,,,,,,,,,,,,,,,,,,
,,,,,,,,,,,,,,,,,,,,
,,,,,,,,,,,,,,,,,,,,
,,,,,,,,,,,,,,,,,,,,
,,,,,,,,,,,,,,,,,,,,
,,,,,,,,,,,,,,,,,,,,
,,,,,,,,,,,,,,,,,,,,
,,,,,,,,,,,,,,,,,,,,
,,,,,,,,,,,,,,,,,,,,
,,,,,,,,,,,,,,,,,,,,
,,,,,,,,,,,,,,,,,,,,
,,,,,,,,,,,,,,,,,,,,
,,,,,,,,,,,,,,,,,,,,
,,,,,,,,,,,,,,,,,,,,
,,,,,,,,,,,,,,,,,,,,
,,,,,,,,,,,,,,,,,,,,
,,,,,,,,,,,,,,,,,,,,
,,,,,,,,,,,,,,,,,,,,
,,,,,,,,,,,,,,,,,,,,
,,,,,,,,,,,,,,,,,,,,
,,,,,,,,,,,,,,,,,,,,
,,,,,,,,,,,,,,,,,,,,
,,,,,,,,,,,,,,,,,,,,
,,,,,,,,,,,,,,,,,,,,
,,,,,,,,,,,,,,,,,,,,
,,,,,,,,,,,,,,,,,,,,
,,,,,,,,,,,,,,,,,,,,
,,,,,,,,,,,,,,,,,,,,
,,,,,,,,,,,,,,,,,,,,
,,,,,,,,,,,,,,,,,,,,
,,,,,,,,,,,,,,,,,,,,
,,,,,,,,,,,,,,,,,,,,
,,,,,,,,,,,,,,,,,,,,
,,,,,,,,,,,,,,,,,,,,
,,,,,,,,,,,,,,,,,,,,
,,,,,,,,,,,,,,,,,,,,
,,,,,,,,,,,,,,,,,,,,
,,,,,,,,,,,,,,,,,,,,
,,,,,,,,,,,,,,,,,,,,
,,,,,,,,,,,,,,,,,,,,
,,,,,,,,,,,,,,,,,,,,
,,,,,,,,,,,,,,,,,,,,
,,,,,,,,,,,,,,,,,,,,
,,,,,,,,,,,,,,,,,,,,
,,,,,,,,,,,,,,,,,,,,
,,,,,,,,,,,,,,,,,,,,
,,,,,,,,,,,,,,,,,,,,
,,,,,,,,,,,,,,,,,,,,
,,,,,,,,,,,,,,,,,,,,
,,,,,,,,,,,,,,,,,,,,
,,,,,,,,,,,,,,,,,,,,
,,,,,,,,,,,,,,,,,,,,
,,,,,,,,,,,,,,,,,,,,
,,,,,,,,,,,,,,,,,,,,
,,,,,,,,,,,,,,,,,,,,
,,,,,,,,,,,,,,,,,,,,
,,,,,,,,,,,,,,,,,,,,
,,,,,,,,,,,,,,,,,,,,
,,,,,,,,,,,,,,,,,,,,
,,,,,,,,,,,,,,,,,,,,
,,,,,,,,,,,,,,,,,,,,
,,,,,,,,,,,,,,,,,,,,
,,,,,,,,,,,,,,,,,,,,
,,,,,,,,,,,,,,,,,,,,
,,,,,,,,,,,,,,,,,,,,
,,,,,,,,,,,,,,,,,,,,
,,,,,,,,,,,,,,,,,,,,
,,,,,,,,,,,,,,,,,,,,
,,,,,,,,,,,,,,,,,,,,
,,,,,,,,,,,,,,,,,,,,
,,,,,,,,,,,,,,,,,,,,
,,,,,,,,,,,,,,,,,,,,
,,,,,,,,,,,,,,,,,,,,
,,,,,,,,,,,,,,,,,,,,
,,,,,,,,,,,,,,,,,,,,
,,,,,,,,,,,,,,,,,,,,
,,,,,,,,,,,,,,,,,,,,
,,,,,,,,,,,,,,,,,,,,
,,,,,,,,,,,,,,,,,,,,
,,,,,,,,,,,,,,,,,,,,
,,,,,,,,,,,,,,,,,,,,
,,,,,,,,,,,,,,,,,,,,
,,,,,,,,,,,,,,,,,,,,
,,,,,,,,,,,,,,,,,,,,
,,,,,,,,,,,,,,,,,,,,
,,,,,,,,,,,,,,,,,,,,
,,,,,,,,,,,,,,,,,,,,
,,,,,,,,,,,,,,,,,,,,
,,,,,,,,,,,,,,,,,,,,
,,,,,,,,,,,,,,,,,,,,
,,,,,,,,,,,,,,,,,,,,
,,,,,,,,,,,,,,,,,,,,
,,,,,,,,,,,,,,,,,,,,
,,,,,,,,,,,,,,,,,,,,
,,,,,,,,,,,,,,,,,,,,
,,,,,,,,,,,,,,,,,,,,
,,,,,,,,,,,,,,,,,,,,
,,,,,,,,,,,,,,,,,,,,
,,,,,,,,,,,,,,,,,,,,
,,,,,,,,,,,,,,,,,,,,
,,,,,,,,,,,,,,,,,,,,
,,,,,,,,,,,,,,,,,,,,
,,,,,,,,,,,,,,,,,,,,
,,,,,,,,,,,,,,,,,,,,
,,,,,,,,,,,,,,,,,,,,
,,,,,,,,,,,,,,,,,,,,
,,,,,,,,,,,,,,,,,,,,
,,,,,,,,,,,,,,,,,,,,
,,,,,,,,,,,,,,,,,,,,
,,,,,,,,,,,,,,,,,,,,
,,,,,,,,,,,,,,,,,,,,
,,,,,,,,,,,,,,,,,,,,
,,,,,,,,,,,,,,,,,,,,
,,,,,,,,,,,,,,,,,,,,
,,,,,,,,,,,,,,,,,,,,
,,,,,,,,,,,,,,,,,,,,
,,,,,,,,,,,,,,,,,,,,
,,,,,,,,,,,,,,,,,,,,
,,,,,,,,,,,,,,,,,,,,
,,,,,,,,,,,,,,,,,,,,
,,,,,,,,,,,,,,,,,,,,
,,,,,,,,,,,,,,,,,,,,
,,,,,,,,,,,,,,,,,,,,
,,,,,,,,,,,,,,,,,,,,
,,,,,,,,,,,,,,,,,,,,
,,,,,,,,,,,,,,,,,,,,
,,,,,,,,,,,,,,,,,,,,
,,,,,,,,,,,,,,,,,,,,
,,,,,,,,,,,,,,,,,,,,
,,,,,,,,,,,,,,,,,,,,
,,,,,,,,,,,,,,,,,,,,
,,,,,,,,,,,,,,,,,,,,
,,,,,,,,,,,,,,,,,,,,
,,,,,,,,,,,,,,,,,,,,
,,,,,,,,,,,,,,,,,,,,
,,,,,,,,,,,,,,,,,,,,
,,,,,,,,,,,,,,,,,,,,
,,,,,,,,,,,,,,,,,,,,
,,,,,,,,,,,,,,,,,,,,
,,,,,,,,,,,,,,,,,,,,
,,,,,,,,,,,,,,,,,,,,
,,,,,,,,,,,,,,,,,,,,
,,,,,,,,,,,,,,,,,,,,
,,,,,,,,,,,,,,,,,,,,
,,,,,,,,,,,,,,,,,,,,
,,,,,,,,,,,,,,,,,,,,
,,,,,,,,,,,,,,,,,,,,
,,,,,,,,,,,,,,,,,,,,
,,,,,,,,,,,,,,,,,,,,
,,,,,,,,,,,,,,,,,,,,
,,,,,,,,,,,,,,,,,,,,
,,,,,,,,,,,,,,,,,,,,
,,,,,,,,,,,,,,,,,,,,
,,,,,,,,,,,,,,,,,,,,
,,,,,,,,,,,,,,,,,,,,
,,,,,,,,,,,,,,,,,,,,
,,,,,,,,,,,,,,,,,,,,
,,,,,,,,,,,,,,,,,,,,
,,,,,,,,,,,,,,,,,,,,
,,,,,,,,,,,,,,,,,,,,
,,,,,,,,,,,,,,,,,,,,
20.701653,3.395078,19.200768,21.497152,3.5064910000000005,19.271463,21.637893,3.47715,18.658247,23.147712,1.2318559999999998,16.933553,24.408129000000002,1.254262,16.46673,23.278716,0.221252,16.054851,,,
20.716842,3.4311800000000003,19.195795,21.517265,3.5275410000000003,19.277617000000003,21.641539,3.524056,18.615971,23.155598,1.2550700000000001,16.917862,24.429931,1.326282,16.400558,23.274219,0.216009,16.068509,,,
20.741563,3.465124,19.219593,21.525083,3.600432,19.218199,21.658387,3.5526910000000003,18.653,23.153052,1.2751370000000002,16.91892,24.412022,1.2939399999999999,16.452428,23.286673,0.24144200000000002,16.03645,,,
20.74924,3.513287,19.192341,21.524853,3.6298220000000003,19.235661,21.65563,3.605947,18.638755,23.144323999999997,1.274766,16.951931,24.406336,1.263307,16.499792000000003,23.291504,0.261495,16.010105,,,
20.737862,3.5460830000000003,19.199284,21.559294,3.6593379999999995,19.26546,21.673575,3.658735,18.616734,23.143268,1.3238940000000001,16.898004999999998,24.420328,1.2940399999999999,16.461266000000002,23.290085,0.270291,16.006866,,,
20.749723,3.6214519999999997,19.173197000000002,21.575634,3.628982,19.342738,21.684212,3.66879,18.637999999999998,23.156533,1.343148,16.944549,24.421770000000002,1.265033,16.505151,23.281829000000002,0.258355,16.032896,,,
20.753852,3.6435089999999994,19.21365,21.581502,3.702549,19.307553,21.704032,3.707302,18.627316,23.134643,1.368131,16.915065,24.414731,1.281449,16.496727,23.283321,0.284734,16.008422,,,
20.764352,3.6611730000000002,19.223256,21.592988000000002,3.751082,19.293178,21.715555,3.7649199999999996,18.603916,23.133785,1.407088,16.876606,24.437098000000002,1.308554,16.488295,23.285982,0.253576,16.062749,,,
20.763907,3.7275730000000005,19.196205,21.622815,3.812579,19.273154,21.727095000000002,3.787808,18.629617,23.109178,1.462204,16.832782,24.404575,1.314309,16.489727,23.280260000000002,0.264448,16.042198000000003,,,
20.766389,3.767523,19.212422,21.644486999999998,3.8423019999999997,19.279675,21.737654,3.800768,18.653457,23.107167,1.485823,16.833463000000002,24.416099,1.334591,16.498499,23.293573000000002,0.252948,16.066529,,,
20.780317,3.825906,19.194620999999998,21.651625,3.867113,19.282064000000002,21.717931,3.846606,18.6287,23.125145,1.453307,16.898015,24.402210999999998,1.343674,16.491947,23.296572,0.274889,16.034269000000002,,,
20.810851,3.8803389999999998,19.141707999999998,21.654532999999997,3.8984010000000002,19.288928,21.739192000000003,3.8852279999999997,18.614207,23.10894,1.493296,16.884593,24.411678,1.349544,16.502308,23.299557999999998,0.284573,16.028387,,,
20.803651000000002,3.901465,19.181804999999997,21.656379,3.9329730000000005,19.301364000000003,21.745587,3.93355,18.618416,23.093164,1.511625,16.900729000000002,24.399604,1.3681370000000002,16.475994,23.298994,0.299534,16.038439999999998,,,
20.812401,3.933293,19.207760999999998,21.657721,3.993638,19.276467,21.759547,3.965735,18.627471,23.086001,1.5482,16.878985,24.392868,1.394562,16.473029999999998,23.296127,0.311131,16.041435999999997,,,
20.82626,3.979284,19.184986,21.67145,4.013757,19.306316,21.751352,3.9834669999999996,18.641545,23.080468,1.594074,16.854788,24.394405,1.408205,16.478061,23.279439,0.316826,16.041656,,,
20.830112,4.019565,19.197786999999998,21.667088,4.053876,19.28974,21.746648,4.018294,18.652947,23.077885000000002,1.622685,16.853077,24.39821,1.429828,16.475655,23.279807,0.33762600000000004,16.019482,,,
20.825448,4.026742,19.198915,21.670668,4.080963,19.292563,21.755997,4.043209,18.659882999999997,23.06857,1.6489770000000001,16.861082,24.397842999999998,1.415936,16.512362,23.269029,0.358207,16.022647,,,
20.81865,4.114,19.154121,21.669372,4.113599,19.315573,21.742221,4.0807150000000005,18.664939999999998,23.048920000000003,1.6765849999999998,16.868803,24.400474,1.440658,16.474426,23.279708,0.351721,16.043855999999998,,,
20.803976000000002,4.183761,19.113982999999998,21.659564000000003,4.167692,19.284728,21.748117,4.123258,18.653527,23.038047,1.720173,16.850663,24.380627,1.458305,16.45588,23.278479,0.361692,16.022845,,,
20.802355,4.193578,19.126423000000003,21.664951000000002,4.218852,19.266953,21.747407,4.176298,18.617867999999998,23.025894,1.763739,16.839832,24.359289999999998,1.5010219999999999,16.435636,23.273339,0.362269,16.026756,,,
20.793357,4.226589,19.167251,21.639644,4.236816,19.264253,21.748391,4.2223440000000005,18.600013,23.017303,1.7908080000000002,16.848456,24.356417999999998,1.5267309999999998,16.438285,23.279964,0.38193,16.011557,,,
20.784423999999998,4.251487,19.187347,21.631811,4.274204,19.287994,21.733513000000002,4.2564839999999995,18.623032000000002,23.020053,1.793608,16.867991,24.350554000000002,1.544447,16.448391,23.272257999999997,0.385852,16.010834,,,
20.773376000000003,4.27571,19.176001,21.625308,4.344796,19.241163,21.727726999999998,4.298830000000001,18.6137,22.995404,1.8110419999999998,16.888503,24.320045999999998,1.571135,16.433208999999998,23.265676000000003,0.395339,16.007811,,,
20.755271,4.3449349999999995,19.13257,21.612095,4.388006,19.231562,21.708267000000003,4.336576,18.595947,22.982264,1.845148,16.886807,24.293813,1.58275,16.435103,23.258287,0.384789,16.016317,,,
20.745714000000003,4.380921,19.146307999999998,21.590607000000002,4.410351,19.232051000000002,21.683418,4.359780000000001,18.593536999999998,22.960738,1.8807200000000002,16.863534,24.291808,1.604212,16.433798,23.248507,0.408107,16.033419,,,
20.72158,4.403455999999999,19.178684,21.569751,4.468111,19.218398,21.665671,4.4127410000000005,18.581923,22.935803,1.9189200000000002,16.867831,24.267737,1.604235,16.463342,23.241816,0.427005,16.02027,,,
20.700797,4.43876,19.181625,21.550727,4.506809,19.217173000000003,21.634610000000002,4.471832,18.567975,22.908582,1.947688,16.88855,24.231273,1.630649,16.470132999999997,23.233845000000002,0.457507,15.987646,,,
20.689214,4.484292,19.142878,21.525803,4.566517,19.194183,21.621993,4.512534,18.555103,22.891310999999998,1.992784,16.827604,24.199935999999997,1.637764,16.49005,23.217579999999998,0.47009700000000004,15.990533,,,
20.658944,4.5336669999999994,19.132561,21.491398,4.5963080000000005,19.18797,21.595045000000002,4.586786,18.491654999999998,22.852132,2.038795,16.792727,24.176938,1.6977380000000002,16.443719,23.233802999999998,0.469948,16.010486,,,
20.625672,4.578743,19.131772,21.451454000000002,4.615259,19.196262,21.550796,4.597085,18.512587,22.820121,2.0490459999999997,16.794118,24.162546,1.7298580000000001,16.41261,23.207051,0.471742,16.017623,,,
20.587826999999997,4.6358,19.115057999999998,21.386885999999997,4.678659,19.184178,21.534392999999998,4.647611,18.50593,22.7843,2.06921,16.801698000000002,24.149883,1.7603509999999998,16.414658,23.204195000000002,0.46956800000000004,16.041769,,,
20.54676,4.678927,19.115959,21.369846,4.731693,19.142072,21.509815,4.70033,18.492076,22.766081,2.108996,16.78171,24.10531,1.7698720000000001,16.463898999999998,23.189246,0.476558,16.054636,,,
20.495823,4.728504,19.100063000000002,21.32628,4.787801,19.131120000000003,21.467157999999998,4.758343,18.465592,22.727231,2.150579,16.770781,24.071937,1.802109,16.461268,23.167794,0.46671999999999997,16.066461999999998,,,
20.450432,4.788587000000001,19.083572,21.288464,4.842401000000001,19.110870000000002,21.425649,4.767923000000001,18.488889999999998,22.695457,2.1886259999999997,16.77279,24.028883,1.8192130000000002,16.447059,23.157006,0.481179,16.082808,,,
20.402286,4.863325,19.033266,21.247114,4.880395,19.110765,21.36269,4.838536,18.477547,22.657142999999998,2.188792,16.794201,23.978201000000002,1.869016,16.435799,23.142027,0.502039,16.070837,,,
20.34123,4.9186440000000005,19.005938,21.183646,4.943312000000001,19.095701000000002,21.295658,4.890733999999999,18.457132,22.607657999999997,2.2552529999999997,16.769388,23.946973,1.8925830000000001,16.466967,23.116239999999998,0.551207,16.050383,,,
20.285045,4.943415,19.034897,21.118046,5.008989,19.076570999999998,21.24686,4.931824,18.444214000000002,22.539735,2.30227,16.733973000000002,23.897942999999998,1.961911,16.420585,23.081319,0.582433,16.038954,,,
20.20934,5.014182,19.002332,21.07612,5.053229,19.066288,21.186733,4.984955,18.44068,22.499414,2.364503,16.714156,23.851734,1.9931439999999998,16.426702,23.073817000000002,0.586011,16.071807999999997,,,
20.168748,5.086888,18.963642,21.014628,5.106639,19.051645,21.138082,5.021073,18.43723,22.444202,2.405802,16.709585,23.78688,2.024788,16.419501,23.06145,0.59577,16.076122,,,
20.10716,5.154594,18.931296,20.941516,5.123142,19.059412,21.072615,5.061817,18.455276,22.365436,2.453256,16.701031,23.736616,2.066751,16.404654,23.042721,0.602299,16.084493,,,
20.048842999999998,5.211714,18.909004,20.863834,5.225904,19.024176,21.00466,5.104978,18.447537,22.283931,2.501427,16.690125,23.670594,2.1354849999999996,16.403160999999997,23.012416,0.629344,16.06953,,,
19.990192999999998,5.263592,18.898635000000002,20.794632,5.3259739999999995,18.942366,20.937486,5.183930999999999,18.430623,22.225724,2.5492049999999997,16.660595,23.609419,2.198643,16.378235999999998,22.982470000000003,0.678762,16.033944,,,
19.889858,5.322136,18.879727,20.726416,5.35435,18.97775,20.828998000000002,5.286768,18.318497,22.124256,2.648425,16.588248,23.558434,2.188997,16.421642000000002,22.940358,0.719143,16.022913,,,
19.80096,5.398415,18.859519,20.631575,5.426602,18.95148,20.736634,5.360361,18.308466,22.051274,2.658132,16.631304999999998,23.440196,2.2647209999999998,16.391539,22.911654000000002,0.737046,16.04478,,,
19.728870999999998,5.456487999999999,18.848566,20.548807,5.472491000000001,18.969075,20.640507999999997,5.429803,18.284662,21.930972,2.719399,16.621856,23.388145,2.3222869999999998,16.394579,22.875167,0.768261,16.055788,,,
19.616552,5.535227,18.831965,20.439598999999998,5.523588,18.953574,20.55996,5.484566,18.262104,21.830005,2.7603299999999997,16.611218,23.287874,2.369652,16.404954,22.827128,0.812299,16.051460000000002,,,
19.51931,5.606113,18.824099,20.3353,5.631454,18.888123,20.453965,5.543369,18.240741,21.732442000000002,2.801952,16.614421,23.196494,2.388562,16.447007,22.775223999999998,0.8668100000000001,16.037704,,,
19.392953,5.721287,18.774542999999998,20.221489000000002,5.704932,18.8471,20.345813,5.626424,18.200505,21.637822,2.8550259999999996,16.571841,23.079361,2.485795,16.383699,22.707286,0.924277,16.066814,,,
19.293437,5.768887,18.761682,20.105988,5.762625,18.832797,20.218076,5.7458730000000005,18.117731,21.515468,2.8837509999999997,16.591876,22.977867,2.562459,16.375341,22.657646,0.9729620000000001,16.040329999999997,,,
19.160171,5.84619,18.740783999999998,20.008470000000003,5.856285,18.774348,20.120576999999997,5.798277,18.144029999999997,21.365482999999998,2.954875,16.575314000000002,22.849573,2.635982,16.365802,22.603787,1.03434,16.021554000000002,,,
19.061505,5.896396,18.732747,19.851848,5.9169849999999995,18.787171,19.989385000000002,5.883724,18.082367,21.252848,3.092859,16.460442999999998,22.744912,2.699202,16.342312,22.529135999999998,1.093972,15.999452,,,
18.891042000000002,5.989749,18.68604,19.723685,6.001343,18.767384,19.867345,5.952685,18.069789,21.098085,3.0918240000000003,16.541717000000002,22.573267,2.826213,16.278142000000003,22.448275,1.157813,16.003266,,,
18.761736,6.098838,18.608435,19.600619000000002,6.096531,18.709872,19.74435,6.041874,18.064746,20.98039,3.207198,16.448719,22.447219,2.90104,16.234579999999998,22.365472,1.203841,16.035368,,,
18.635422,6.198029,18.535508,19.469819,6.169511,18.678736999999998,19.601572,6.096838,18.046881,20.836523,3.269332,16.419041,22.319278,2.961741,16.233891,22.277451,1.316881,15.982998,,,
18.478147,6.292176,18.50711,19.319447,6.2400400000000005,18.679206,19.42122,6.189883999999999,18.015399,20.656278,3.334803,16.388018,22.169767999999998,3.025019,16.253284,22.171210000000002,1.409484,15.955116,,,
18.323406,6.359573,18.515233,19.159764000000003,6.361853,18.568043,19.276355,6.264098000000001,17.986013,20.469356,3.4209099999999997,16.342089,21.99404,3.128488,16.230646,22.053644,1.505472,15.925594,,,
18.175826,6.4566669999999995,18.496693,19.01846,6.424566,18.595855,19.126135,6.352685,17.951195000000002,20.310676,3.5435529999999997,16.279969,21.857255,3.196911,16.203637,21.929948,1.5761479999999999,15.946975,,,
18.005602,6.542321,18.44567,18.841664,6.558803999999999,18.483178,18.936497,6.4581230000000005,17.893514,20.112842,3.588832,16.274099,21.649151999999997,3.3107260000000003,16.144148,21.798143,1.6641709999999998,15.949839,,,
17.819019,6.601174,18.479802,18.671495,6.603757000000001,18.491046,18.761207000000002,6.567864,17.837370999999997,19.925512,3.696273,16.243713,21.493692000000003,3.4109760000000002,16.086935999999998,21.645039,1.8011979999999999,15.854288,,,
17.624313,6.756360000000001,18.334578,18.46484,6.711102,18.424043,18.577271,6.63828,17.805498,19.747849,3.782882,16.203163,21.307647,3.489719,16.046625,21.464747,1.901007,15.833826,,,
17.457708,6.840062,18.291622,18.276869,6.777738,18.443866,18.394586999999998,6.7182770000000005,17.742175,19.562564000000002,3.8610889999999998,16.159944,21.096981,3.6015129999999997,16.01631,21.311543,2.0013490000000003,15.827291,,,
17.247816,6.902807000000001,18.285936,18.107898000000002,6.876786999999999,18.381445000000003,18.198937,6.783836999999999,17.748198000000002,19.359296,3.8916239999999998,16.172863,20.90775,3.723421,15.936162,21.131294,2.076851,15.843267,,,
17.027894,7.031299000000001,18.212275,17.914164000000003,7.018567999999999,18.273209,18.031745,6.900814,17.669592,19.133103,3.983196,16.127835,20.673147,3.8163339999999994,15.923165,20.956599,2.182153,15.809076999999998,,,
16.820176,7.097237,18.201945000000002,17.701113,7.088922,18.269292,17.802129,7.019027,17.597037,18.931986,4.0889370000000005,16.050911,20.475017,3.957592,15.824357000000001,20.776492,2.2687939999999998,15.782858,,,
16.632171,7.210659,18.12751,17.459298999999998,7.183110000000001,18.219079999999998,17.618272,7.108792,17.545517,18.748238,4.170505,15.991016,20.265411,4.0372,15.770605999999999,20.539116,2.422283,15.693949,,,
16.424052,7.307349,18.057431,17.257673999999998,7.2679089999999995,18.168805,17.405328,7.173049000000001,17.517205,18.479654999999998,4.256117,15.954726,20.04384,4.133991,15.734009,20.322896,2.507787,15.664558999999999,,,
16.220487,7.415108999999999,17.980127,17.048886,7.389537,18.086413,17.154122,7.285863000000001,17.454245,18.279538,4.334101,15.918207,19.819389,4.28981,15.621792999999998,20.102905,2.6214150000000003,15.608505,,,
15.975891,7.500219,17.928701,16.813571,7.449521000000001,18.072328,16.927282,7.313728,17.468839000000003,18.025379,4.461429,15.811022,19.568602,4.354429,15.607839000000002,19.883012,2.737688,15.518467000000001,,,
15.741667000000001,7.579871000000001,17.895846,16.555519,7.566578999999999,17.986145999999998,16.679764000000002,7.375825999999999,17.438229999999997,17.821372,4.548513,15.766453,19.332421,4.436672,15.565686999999999,19.64038,2.795497,15.530493,,,
15.513689000000001,7.601617999999999,17.943429000000002,16.328602,7.602158,17.975487,16.458064,7.513678,17.321028,17.571057,4.624386,15.733632,19.07545,4.543846,15.514317000000002,19.398926,2.902507,15.457835000000001,,,
15.271298999999999,7.798767999999999,17.73669,16.112361,7.727359,17.857356,16.195906,7.62432,17.250387,17.327070000000003,4.721206,15.676623000000001,18.828467,4.592381,15.502010999999998,19.170181,2.970788,15.392079999999998,,,
15.017529999999999,7.864917999999999,17.722873999999997,15.881545999999998,7.8331550000000005,17.776765,15.983076,7.735358,17.149735,17.051544,4.841663,15.598017,18.583985000000002,4.651349,15.468310999999998,18.875239999999998,2.9798970000000002,15.416673000000001,,,
14.768398000000001,7.915927000000001,17.702249,15.635639000000001,7.896761,17.755239000000003,15.728548000000002,7.763799000000001,17.166992,16.7995,4.941828,15.526851999999998,18.331962,4.797829,15.335004999999999,18.61573,3.127004,15.305670000000001,,,
14.522095000000002,8.027422,17.572723999999997,15.368954,8.011818,17.633191,15.439420000000002,7.874592,17.052027,16.557481,5.0364379999999995,15.436391,18.070476,4.897917,15.260185,18.325470000000003,3.231096,15.171121,,,
14.278374,8.10858,17.533203,15.091091,8.033614,17.646027,15.189262,7.931903999999999,17.042873999999998,16.317014,5.097936,15.410338000000001,17.821965,4.961705,15.220766000000001,18.067556,3.291593,15.147195000000002,,,
13.986212,8.157467,17.487829,14.821785,8.158878999999999,17.526452,14.931587,8.040892,16.901982,16.049387,5.234046,15.268875,17.541843,5.071244999999999,15.1288,17.795341,3.371486,15.115,,,
13.731542000000001,8.209989,17.459533,14.564917000000001,8.204424000000001,17.510888,14.667423000000001,8.103833999999999,16.885397,15.758442,5.272654,15.280282999999999,17.266992000000002,5.116865,15.120403,17.478599,3.415304,15.071535999999998,,,
13.478439000000002,8.257413,17.415297,14.277614000000002,8.300997,17.373719,14.398057999999999,8.174516,16.808228,15.494181,5.325499,15.265857,16.999133999999998,5.201448,15.040682,17.198421,3.532779,14.89528,,,
13.194591,8.37381,17.298507,14.016457999999998,8.353682000000001,17.346307,14.120448999999999,8.267325,16.715199,15.220319,5.4221129999999995,15.164916,16.746554999999997,5.303356,14.917397,16.872414000000003,3.5821330000000002,14.834883999999999,,,
12.941997,8.443719999999999,17.229744,13.735892000000002,8.401496,17.324132000000002,13.849687,8.306757000000001,16.667513,14.963167000000002,5.522441000000001,15.099065,16.459981,5.337279,14.908485999999998,16.569282,3.620378,14.811898000000001,,,
12.661430000000001,8.446986,17.232132999999997,13.490523999999999,8.405479,17.304462,13.571454000000001,8.364989,16.600371,14.705135,5.589208,15.023299,16.152963,5.3868849999999995,14.849634,16.240320999999998,3.671821,14.746285,,,
12.360916,8.543625,17.095696,13.198630999999999,8.499432,17.225463,13.307138,8.401164999999999,16.554183,14.406998999999999,5.647343,14.953702,15.886648999999998,5.391909,14.833932,15.930238000000001,3.7252379999999996,14.674382999999999,,,
12.090152999999999,8.578489999999999,17.08466,12.930869,8.548902,17.156281,13.03191,8.483216,16.457342999999998,14.148562,5.712071,14.875054,15.583809,5.516225,14.688232000000001,15.636341,3.8006510000000002,14.561623,,,
11.833331,8.621942,17.013824,12.63915,8.605897,17.080675,12.766110000000001,8.502038,16.438593,13.894729000000002,5.740073000000001,14.849409,15.339839000000001,5.5683739999999995,14.595683,15.32135,3.860723,14.439979999999998,,,
11.557121,8.671402,16.947892,12.331374,8.685503,16.967551999999998,12.478336,8.543683999999999,16.376951000000002,13.621108999999999,5.763225,14.845042999999999,15.029775,5.681976000000001,14.434406,14.991225,3.919582,14.350329,,,
11.255649,8.770253,16.772509,12.087347,8.733036,16.898751,12.193184,8.552802,16.322607,13.286494,5.783939,14.792838,14.749537,5.6664,14.44633,14.605217000000001,3.973124,14.273665,,,
11.026897,8.761333,16.774869,11.848362,8.710235,16.898476000000002,11.90944,8.622748,16.225273,13.032765,5.888362,14.649011999999999,14.482320999999999,5.6762120000000005,14.380073999999999,14.299087,3.956526,14.243998000000001,,,
10.734924000000001,8.777003,16.755827,11.574985,8.777975,16.799256,11.603328,8.654922000000001,16.161161,12.806044,5.896108,14.623755,14.183660999999999,5.714278,14.29323,14.015116,4.080278,14.044807,,,
10.456752,8.824069,16.659585999999997,11.3122,8.774303999999999,16.76378,11.371747000000001,8.656623,16.141077,12.498223,5.977926,14.50044,13.89495,5.743818,14.213833,13.632751999999998,4.077391,14.024016,,,
10.1991,8.847059,16.614469,11.024474,8.770645,16.759152,11.10024,8.711789,16.031892000000003,12.245702,5.995888,14.471483,13.634913000000001,5.752896,14.142651,13.305612,4.099099,13.923913,,,
9.935011,8.847827,16.532304,10.74646,8.784819,16.708311,10.84389,8.731682000000001,15.931726999999999,11.976693,5.991643,14.428926,13.370185000000001,5.760979,14.016704999999998,12.971463,4.130554,13.863168,,,
9.687126,8.866774000000001,16.473682999999998,10.499949,8.791091,16.654042,10.554175,8.72753,15.891803,11.70175,6.0319139999999996,14.360682999999998,13.07886,5.7609900000000005,13.991354000000001,12.651228999999999,4.160652,13.771059,,,
9.404902,8.857864999999999,16.441311,10.230328,8.832825,16.532203,10.308738,8.723625,15.878675,11.430525,6.066003,14.253648000000002,12.813024,5.754398999999999,13.908894,12.315987,4.175951,13.678859,,,
9.141686,8.894297,16.316973,9.95278,8.880384,16.40302,10.012880000000001,8.694647999999999,15.841854000000001,11.168202,6.091646,14.186754,12.535584,5.78481,13.794328,11.979633,4.2170309999999995,13.558459,,,
8.876037,8.874053,16.283745,9.660866,8.833193,16.400256,9.762591,8.738234,15.747183999999999,10.918942999999999,6.116153,14.141766,12.280428,5.744456,13.717425,11.633426,4.196182,13.523825,,,
8.622142,8.879246,16.194644,9.433792,8.860087,16.323481,9.486350999999999,8.727679,15.667682999999998,10.663062,6.096906,14.101638000000001,12.0171,5.747528,13.647751999999999,11.315719999999999,4.2653739999999996,13.357752,,,
8.349081,8.816121,16.216289,9.175098,8.877396000000001,16.225622,9.225516,8.723460000000001,15.635579000000002,10.392068,6.1075800000000005,14.012846,11.709035,5.684758,13.615753,10.978003,4.306851,13.266352,,,
8.099997,8.842433999999999,16.099672,8.895414,8.861265,16.169745000000002,8.998130999999999,8.76022,15.504032,10.17491,6.120418,13.934988,11.454898,5.637556,13.558772,10.64776,4.360166,13.119623,,,
7.876925999999999,8.854659,16.019048,8.631331,8.860612,16.075494,8.739428,8.719794,15.498175,9.923261,6.099908,13.905445,11.155965,5.664626999999999,13.415372,10.304467,4.343205,13.101064,,,
7.599452,8.807578,15.981979999999998,8.401374,8.862003,15.998682,8.488905,8.656609,15.485553,9.656169,6.072044,13.878091,10.9129,5.632748,13.317283999999999,9.989835000000001,4.349418,12.977602000000001,,,
7.345847999999999,8.810172999999999,15.885617000000002,8.16964,8.774381,16.030229000000002,8.243532,8.640737,15.414952,9.419832000000001,6.073995,13.754054,10.631611,5.624912,13.246984,9.643811999999999,4.358473,12.922475,,,
7.113974000000001,8.782955000000001,15.845256,7.878361,8.779769,15.926503,8.005216,8.672742,15.309648000000001,9.137313,6.041592,13.730447,10.323867,5.527397000000001,13.216798,9.342122,4.349098000000001,12.830925,,,
6.84063,8.774573,15.757776000000002,7.647148,8.775454,15.859054,7.736750999999999,8.655758,15.212797,8.885361,5.987177,13.675576000000001,10.095019,5.552149,13.065532000000001,9.034945,4.335383,12.743212,,,
6.590215,8.699741,15.759448,7.39997,8.718752,15.821819,7.484,8.569227,15.220317999999999,8.644461,6.016198999999999,13.582305999999999,9.820149,5.450223,13.022953,8.706737,4.331462999999999,12.653030000000001,,,
6.323382,8.648937,15.721729999999999,7.159427,8.691616999999999,15.752313000000001,7.2350270000000005,8.545243,15.16349,8.386036,5.981451,13.519195999999999,9.578248,5.4416400000000005,12.889283,8.347421,4.2810690000000005,12.625638,,,
6.063593,8.645128,15.615257999999999,6.929187,8.598545,15.777591000000001,6.999138,8.582238,15.041778,8.13086,5.996808000000001,13.38465,9.271705,5.3666849999999995,12.863356,8.069481,4.2866290000000005,12.513607,,,
5.829079,8.599768,15.548245999999999,6.638702,8.622427,15.609579,6.749847999999999,8.468003,15.03129,7.835303,5.8937669999999995,13.405724,8.967799000000001,5.349526999999999,12.712683,7.755005000000001,4.274392,12.42891,,,
5.579489,8.556383,15.482953,6.4117120000000005,8.5445,15.604492,6.4829989999999995,8.461623,14.933902999999999,7.575221000000001,5.865434,13.349417,8.689816,5.282039,12.65247,7.423023,4.299087,12.328292,,,
5.338019,8.462759,15.481084,6.170074,8.512511,15.518759,6.239331,8.42659,14.808082999999998,7.341049000000001,5.881473000000001,13.191969,8.420669,5.186687,12.581047,7.105612,4.314513,12.227027,,,
5.131834,8.474075,15.364754999999999,5.92351,8.46689,15.451789999999999,5.983258999999999,8.343373,14.810438000000001,7.076392,5.800894,13.170444,8.141067999999999,5.123991,12.522248,6.799405999999999,4.275682,12.19393,,,
4.862,8.398402,15.334535999999998,5.666164,8.408155,15.379357999999998,5.731211,8.309942999999999,14.733029,6.807399,5.766167,13.076663,7.843392,5.037058,12.445779,6.5011209999999995,4.209214,12.153055,,,
4.608524,8.376268,15.210810999999998,5.426749,8.334693,15.343478,5.481267,8.259233,14.6906,6.5348690000000005,5.713242,13.022049,7.565785000000001,4.951169999999999,12.37994,6.204162,4.242204,12.020331,,,
4.376336,8.281965,15.218287,5.181724,8.288658,15.272666000000001,5.247022,8.216192999999999,14.600141,6.305623000000001,5.70286,12.905497,7.285947999999999,4.934568,12.234682000000001,5.88511,4.136981,12.013721,,,
4.1198879999999996,8.217592999999999,15.146517999999999,4.925572,8.224364,15.203102,4.993051,8.133671000000001,14.553417000000001,6.077505,5.639104,12.876749,7.010337,4.822669,12.176062,5.518434,4.1005139999999995,11.950632,,,
3.8762980000000002,8.173736,15.065646,4.697801999999999,8.188024,15.099707,4.755598,8.069814,14.496732999999999,5.763253,5.546059,12.819576,6.713829,4.729368,12.135322,5.2311510000000006,4.051711,11.875569,,,
3.634644,8.116836,14.970907999999998,4.450177,8.086058,15.104262,4.513369,7.949126,14.480128,5.479406,5.440603,12.811995,6.415083999999999,4.649724,12.047044,4.9746239999999995,4.004512999999999,11.807064,,,
3.414949,8.033904,14.933357999999998,4.187364,8.032005,15.005915,4.276064,7.917515,14.390611999999999,5.234198999999999,5.407655,12.666151,6.14922,4.493946,12.034894,4.652833,3.933025,11.772219,,,
3.1234990000000002,7.9631419999999995,14.877560999999998,3.9392739999999997,7.922211999999999,14.976898,4.060238,7.869841,14.313970999999999,4.990418,5.310866000000001,12.677619,5.8371830000000005,4.467038,11.8689,4.3404419999999995,3.935565,11.644615,,,
2.874813,7.904941,14.800177,3.69945,7.855952,14.913304,3.808935,7.799488,14.236335,4.735101,5.272723,12.553098,5.581118,4.392523000000001,11.789456,4.043451,3.820893,11.659025,,,
2.602661,7.7748550000000005,14.769142,3.46242,7.818428,14.80579,3.5390580000000003,7.676577,14.229087,4.433035,5.210133,12.396166000000001,5.254525,4.281328,11.766672999999999,3.7597080000000003,3.77105,11.567153999999999,,,
2.373472,7.719699,14.681126,3.204486,7.745611,14.717637,3.281306,7.598013000000001,14.15296,4.172931,5.1058959999999995,12.385875,5.001583,4.17633,11.654567,3.4694199999999995,3.6656839999999997,11.5369,,,
2.1322810000000003,7.6573210000000005,14.605447,2.979664,7.688066,14.5805,3.077541,7.557554,14.045921,3.910374,4.965424,12.398330999999999,4.6969449999999995,4.102613,11.547135,3.173991,3.5709489999999997,11.516874000000001,,,
1.915931,7.558964,14.544673999999999,2.713387,7.565207000000001,14.592553,2.761365,7.430018,13.993751000000001,3.655588,4.911341999999999,12.284186,4.445546,4.0075449999999995,11.455086999999999,2.880327,3.499968,11.436950999999999,,,
1.681156,7.51854,14.447994,2.451381,7.464297999999999,14.528739000000002,2.540232,7.335423,13.952444,3.4012050000000005,4.816915,12.228117999999998,4.15634,3.8472989999999996,11.46578,2.5845599999999997,3.445985,11.343016,,,
1.3975469999999999,7.3874130000000005,14.398541,2.226937,7.371983,14.492332999999999,2.2917400000000003,7.285784,13.788731,3.135898,4.74981,12.121727,3.851914,3.701888,11.393602,2.301429,3.3287190000000004,11.281336999999999,,,
1.1407209999999999,7.2668550000000005,14.342698,1.970361,7.3081320000000005,14.363219,2.042319,7.164022999999999,13.794366,2.871455,4.6647419999999995,12.032786,3.5673480000000004,3.5747449999999996,11.330103,2.004432,3.170394,11.243166,,,
0.916589,7.183723,14.276051,1.70717,7.198030999999999,14.324992000000002,1.8137299999999998,7.048178999999999,13.764118,2.562046,4.551076,11.987291,3.2623889999999998,3.4407669999999997,11.291442,1.725116,3.114064,11.139902000000001,,,
0.6689930000000001,7.111422999999999,14.179904999999998,1.498116,7.098584,14.249747,1.574918,6.972633,13.681707999999999,2.302925,4.412953,11.965699,2.9855099999999997,3.394513,11.109216,1.440569,2.957007,11.128936,,,
0.44491499999999995,7.0153,14.102910999999999,1.2291530000000002,7.002225999999999,14.140702,1.303311,6.859017,13.591501000000001,2.039686,4.299752,11.881889,2.684062,3.19781,11.137467,1.144843,2.798947,11.048199,,,
0.160391,6.883932000000001,14.065914999999999,1.014514,6.907100999999999,14.092568,1.0606719999999998,6.73808,13.5599,1.8108810000000002,4.243991,11.740879,2.405609,3.063545,11.059178999999999,0.865732,2.672329,10.982809,,,
-0.071496,6.767675,13.996147,0.731379,6.727677000000001,14.088317000000002,0.816353,6.6389320000000005,13.476505,1.525053,4.097455,11.688323,2.112022,2.932232,11.000223,0.5649,2.513548,10.987865,,,
-0.344406,6.657011,13.93965,0.49746999999999997,6.6083240000000005,14.029662,0.5604100000000001,6.530911,13.386404,1.2717,3.9595949999999998,11.637635000000001,1.868027,2.838345,10.865565,0.289588,2.3568,10.938402,,,
-0.570503,6.508617,13.918199,0.244862,6.524148,13.903269,0.343449,6.450011,13.258689000000002,1.015483,3.836154,11.552959,1.566216,2.706408,10.790532,0.013498,2.243223,10.822534,,,
-0.8357709999999999,6.447128,13.739533999999999,0.020428,6.346579,13.947123999999999,0.104548,6.336402,13.175839999999999,0.731205,3.6577699999999997,11.51694,1.253283,2.503979,10.779492,-0.27838,2.062652,10.791742999999999,,,
-1.088644,6.276751,13.747147,-0.262254,6.2123870000000005,13.846046,-0.142955,6.177475,13.181972,0.47049799999999997,3.551857,11.431212,0.98656,2.350765,10.696031,-0.569209,1.893384,10.747921,,,
-1.287664,6.176762999999999,13.639823999999999,-0.464843,6.1515629999999994,13.706009,-0.395019,5.980694000000001,13.188867000000002,0.195363,3.40691,11.370787,0.700485,2.211232,10.631784,-0.874531,1.7003270000000001,10.697983,,,
-1.546953,6.046863,13.545069,-0.746366,5.993633,13.629751,-0.6135970000000001,5.896737,13.052142,-0.056839,3.33555,11.230879,0.409646,1.9991,10.610997,-1.120858,1.534864,10.645709,,,
-1.7454319999999999,5.965028,13.442463,-0.9704280000000001,5.870988,13.569460999999999,-0.892908,5.739445,13.012488000000001,-0.297084,3.139098,11.261792999999999,0.131379,1.8378240000000001,10.54686,-1.404779,1.359583,10.617036,,,
-2.017491,5.798686,13.383841,-1.213447,5.697628,13.526745000000002,-1.1289360000000002,5.612504,12.908854,-0.6228020000000001,2.940445,11.19369,-0.145896,1.704918,10.460157,-1.667242,1.23668,10.523715,,,
-2.2796950000000002,5.632311,13.35235,-1.472642,5.534791,13.447488,-1.361151,5.459404,12.864647999999999,-0.878764,2.799317,11.086062,-0.44273,1.563458,10.353860000000001,-1.982796,1.035159,10.433096,,,
-2.5175810000000003,5.486083,13.250232999999998,-1.71658,5.417395,13.368838,-1.610726,5.323099,12.794758,-1.115702,2.7116759999999998,10.957046,-0.6768770000000001,1.404578,10.279509,-2.243993,0.916715,10.334489,,,
-2.7729150000000002,5.3188889999999995,13.199129000000001,-1.929457,5.259325,13.295097,-1.8587189999999998,5.200476,12.614742999999999,-1.393256,2.489723,10.954403999999998,-0.945109,1.193751,10.294145,-2.501528,0.7885310000000001,10.279945,,,
-3.000157,5.145233999999999,13.161485,-2.1958349999999998,5.111751,13.189573000000001,-2.083416,5.034299,12.605031,-1.607233,2.423368,10.797708,-1.202069,1.110358,10.144891000000001,-2.743378,0.673802,10.190555999999999,,,
-3.242354,5.000267,13.080278,-2.4730689999999997,4.951343,13.121664,-2.360792,4.844608,12.595708,-1.8306630000000002,2.23734,10.821624,-1.436569,1.053973,9.979386,-2.986666,0.49374300000000004,10.128923,,,
-3.480974,4.8827300000000005,12.956853,-2.698537,4.787972,13.076083,-2.602948,4.68229,12.494284,-2.109121,2.204372,10.586089999999999,-1.6719560000000002,1.000834,9.832594,-3.168365,0.336283,10.129096,,,
-3.745887,4.721826999999999,12.899333,-2.941147,4.657976000000001,12.970975,-2.809215,4.5584739999999995,12.458197,-2.364041,2.0169259999999998,10.555338,-1.8838830000000002,0.929126,9.688781,-3.330447,0.207565,10.084713,,,
-3.9958099999999996,4.503778,12.906696,-3.212941,4.4728330000000005,12.942423,-3.075605,4.401507,12.374932000000001,-2.589216,1.867516,10.523982,-2.0657919999999996,0.8169390000000001,9.608775,-3.4726550000000005,0.105733,10.023113,,,
-4.273137999999999,4.364446,12.821658,-3.45747,4.310255000000001,12.867806,-3.357375,4.247947,12.269003,-2.809966,1.7232319999999999,10.46327,-2.230975,0.693458,9.545702,-3.5526410000000004,0.049395999999999995,9.97947,,,
-4.512911,4.207237,12.722539999999999,-3.722406,4.153449,12.779985,-3.5651800000000002,4.134914,12.167367,-2.9914970000000003,1.58412,10.340996,-2.32329,0.670892,9.372502,-3.64929,-0.012261,9.95513,,,
-4.751654,4.05566,12.609778,-3.934074,4.0338,12.64815,-3.812437,3.9728220000000003,12.108823,-3.127911,1.4965959999999998,10.221997,-2.363861,0.67009,9.292106,-3.6804410000000005,0.04241,9.834387,,,
-4.9843470000000005,3.8759589999999995,12.547428,-4.161554,3.8813419999999996,12.582001,-4.059572,3.8074470000000002,12.029975,-3.239005,1.390085,10.16413,-2.4217619999999997,0.673338,9.228739,-3.7018480000000005,0.021609,9.808958,,,
-5.225405,3.716358,12.471895,-4.424864,3.687641,12.569628999999999,-4.293722,3.634988,12.015794,-3.331685,1.353949,10.080453,-2.463549,0.7022689999999999,9.20561,-3.7074199999999995,0.012949,9.7848,,,
-5.455566999999999,3.5566720000000003,12.401689999999999,-4.647404,3.53332,12.519852,-4.527773000000001,3.493267,11.935436,-3.4677019999999996,1.238181,10.075619999999999,-2.515853,0.751867,9.177386,-3.739753,0.029142,9.762331,,,
-5.651477,3.423564,12.321891,-4.872872,3.3802790000000003,12.466573,-4.726279,3.3669599999999997,11.844985000000001,-3.560336,1.213783,10.003997,-2.573528,0.747977,9.213731,-3.788094,0.057353999999999995,9.74206,,,
-5.852564,3.287839,12.264577000000001,-5.023666,3.337065,12.307541,-4.9181550000000005,3.257762,11.771166000000001,-3.675968,1.164561,9.976828999999999,-2.671843,0.7564390000000001,9.213863,-3.810406,0.09978,9.73075,,,
-6.028323,3.17963,12.197329,-5.240479,3.209502,12.288739,-5.099271,3.184158,11.676189,-3.7599980000000004,1.169921,9.973362,-2.740097,0.8520690000000001,9.1899,-3.851467,0.069838,9.76056,,,
-6.171193,3.0588830000000002,12.155204,-5.425217,3.08386,12.235759,-5.287571,3.077856,11.661399000000001,-3.830175,1.182914,9.938676,-2.8117419999999997,0.969282,9.186655,-3.866052,0.104967,9.74129,,,
-6.366909,2.980859,12.099966,-5.596322,3.055539,12.243768,-5.479008,2.98462,11.655471,-3.896443,1.2324549999999999,9.908177,-2.838499,1.0885989999999999,9.188245,-3.8652889999999998,0.149238,9.705614,,,
-6.561749000000001,2.875602,12.12991,-5.750401999999999,2.9965650000000004,12.175778,-5.653764,3.004178,11.562258,-3.9600989999999996,1.252837,9.937142,-2.86879,1.170427,9.213572000000001,-3.849126,0.15097,9.722713,,,
-6.714366,2.873206,12.029981,-5.9178370000000005,2.998736,12.148141,-5.829661,2.950498,11.554528,-4.028436,1.2896299999999998,9.95796,-2.952438,1.173187,9.303287,-3.890535,0.17297300000000002,9.7033,,,
-6.848078999999999,2.814717,12.093691,-6.045503,3.000736,12.135183,-5.935118,2.979423,11.564665,-4.118786,1.3118319999999999,9.952223,-3.062302,1.217804,9.274861,-3.9343739999999996,0.19023299999999999,9.713306,,,
-6.982997999999999,2.825944,12.087972,-6.203525,3.0222130000000003,12.125687,-6.081619,2.996766,11.559104,-4.218623,1.424607,9.905417,-3.160458,1.313508,9.199281,-4.004217,0.201575,9.729806,,,
-7.069547999999999,2.868688,12.029665,-6.313823999999999,3.012932,12.118957,-6.211379,3.04679,11.506342,-4.344328,1.484205,9.851939999999999,-3.3055589999999997,1.32141,9.193353,-4.07826,0.197983,9.745528,,,
-7.214686,2.877774,12.052029,-6.432827,3.02815,12.123619999999999,-6.337439,3.058976,11.520442999999998,-4.4687779999999995,1.490074,9.877075999999999,-3.372062,1.387435,9.091575,-4.126229,0.215504,9.751515,,,
-7.308035,2.898974,12.042287,-6.5517959999999995,3.04687,12.109014,-6.434652,3.072891,11.50649,-4.538389,1.463908,9.889622,-3.4691690000000004,1.389316,9.140378,-4.124776,0.19803900000000002,9.792725,,,
-7.39628,2.943432,12.063419,-6.638692999999999,3.120535,12.092897,-6.514925,3.095962,11.527154,-4.640989,1.4657229999999999,9.865383,-3.540915,1.4494209999999998,9.107741,-4.139029,0.244523,9.764535,,,
-7.471951,3.010707,12.020885,-6.705811,3.1937759999999997,12.056536,-6.621728,3.1278900000000003,11.515298,-4.672543,1.537598,9.786906,-3.582723,1.548178,9.015614,-4.148251999999999,0.299547,9.729082,,,
-7.563016999999999,3.025496,12.049806,-6.776307000000001,3.234487,12.046253,-6.695169,3.205902,11.463375,-4.780547,1.488278,9.840489999999999,-3.681447,1.540036,9.068572,-4.177669,0.36606700000000003,9.639014999999999,,,
-7.624021000000001,3.090117,12.025765,-6.838646000000001,3.272322,12.036431,-6.7544059999999995,3.22991,11.518222,-4.877937999999999,1.511583,9.818311999999999,-3.774722,1.5354139999999998,9.070694,-4.1923699999999995,0.34871599999999997,9.673161,,,
-7.692987,3.123168,12.084562,-6.91286,3.32156,12.055655999999999,-6.8168820000000006,3.304657,11.460519,-4.949022,1.5378319999999999,9.773212,-3.835532,1.5509700000000002,9.072783,-4.222995,0.365652,9.656823,,,
-7.742075999999999,3.20292,12.055344999999999,-6.968033999999999,3.396156,12.052628,-6.869167999999999,3.3939199999999996,11.451357000000002,-4.983423,1.543996,9.758683,-3.9285419999999998,1.5184819999999999,9.108696,-4.2493050000000006,0.397748,9.633385,,,
-7.8136,3.271224,12.038376,-7.006569,3.4429769999999995,12.040907,-6.929938000000001,3.429636,11.465449000000001,-5.083189,1.560208,9.74056,-3.9909809999999997,1.6116700000000002,8.988693,-4.286854,0.440145,9.595701,,,
-7.8752699999999995,3.326398,12.057766,-7.049371000000001,3.504926,12.049938000000001,-7.003789,3.5173160000000006,11.414276,-5.172611,1.596732,9.706576,-4.058115,1.646914,8.975589,-4.301576,0.500147,9.505074,,,
-7.9496649999999995,3.394545,12.084256,-7.107889,3.58566,12.051487,-7.045377,3.5697870000000003,11.473967,-5.235483,1.638052,9.648653999999999,-4.096931,1.6653650000000002,8.994667999999999,-4.284429,0.499118,9.586971,,,
-7.974861,3.500639,12.036833,-7.156441,3.665089,12.027076,-7.11043,3.6900519999999997,11.379754,-5.288394,1.6401990000000002,9.712228999999999,-4.128794,1.693271,9.018495,-4.310301,0.532557,9.588144,,,
-8.007174000000001,3.5808519999999997,12.044004,-7.206419,3.681172,12.083672,-7.143600999999999,3.728354,11.445644,-5.348864,1.7520240000000002,9.628191000000001,-4.1669410000000005,1.7463080000000002,9.029322,-4.336288,0.544985,9.605963000000001,,,
-8.051102,3.679536,11.995203,-7.262786999999999,3.7598529999999997,12.096226,-7.176877,3.797306,11.42693,-5.394608,1.8159779999999999,9.642638999999999,-4.185926,1.7776299999999998,9.078646,-4.3382,0.506319,9.663003,,,
-8.09575,3.723957,12.056569999999999,-7.291527,3.827389,12.071045,-7.215383,3.865943,11.451707,-5.443226,1.8452669999999998,9.646144,-4.20752,1.822986,9.102646,-4.3642449999999995,0.550841,9.631797,,,
-8.15066,3.817043,12.044255,-7.320351,3.8965419999999997,12.064285,-7.246372,3.89794,11.497785,-5.503602,1.958394,9.58966,-4.231363,1.90703,9.079003,-4.441352999999999,0.663088,9.535687,,,
-8.187707000000001,3.8758739999999996,12.065158,-7.399738,3.9268680000000002,12.093467,-7.301286999999999,3.980348,11.465983,-5.586937,1.9538330000000002,9.675608,-4.2584919999999995,1.8953470000000001,9.161306,-4.485082,0.679122,9.537709,,,
-8.213769000000001,3.9456160000000002,12.068561,-7.403271000000001,4.0159400000000005,12.069306,-7.326882,4.030782,11.492086,-5.629851,2.010165,9.684433,-4.317674,2.0014849999999997,9.116413,-4.550369,0.728683,9.504565,,,
-8.240903,4.0332,12.03331,-7.442322,4.066261,12.098751,-7.345691,4.075225,11.486553,-5.668456,2.04976,9.661999,-4.387866000000001,2.0354360000000002,9.137344,-4.615096,0.7536189999999999,9.484542,,,
-8.277996,4.105916000000001,12.045860000000001,-7.47535,4.132662,12.094503999999999,-7.386319,4.145039,11.487175,-5.7186699999999995,2.098595,9.645556,-4.440474,2.04866,9.149599,-4.688964,0.733889,9.523280999999999,,,
-8.308328999999999,4.135788,12.092022,-7.5033710000000005,4.162884,12.106855,-7.412178999999999,4.169884,11.532473,-5.775855,2.103712,9.691402,-4.461466000000001,2.116858,9.09826,-4.741161,0.713734,9.552752,,,
-8.325693,4.192735,12.134936,-7.521122,4.225348,12.09963,-7.442769,4.214206,11.525936,-5.865602,2.089264,9.703963,-4.505795,2.13117,9.126239,-4.802865,0.676004,9.568588,,,
-8.346163,4.248730999999999,12.155101,-7.532595,4.254504,12.125797,-7.46155,4.248012,11.559898,-5.928921,2.125722,9.704138,-4.583925,2.124539,9.148475999999999,-4.879865000000001,0.628685,9.644317,,,
-8.353941,4.29974,12.132159,-7.536641,4.297564,12.135793,-7.470442,4.29646,11.563423,-5.984948999999999,2.171335,9.69161,-4.641947,2.13122,9.141143,-4.914681,0.595482,9.651396,,,
-8.363172,4.33622,12.171663,-7.547031,4.310931,12.171147,-7.490702000000001,4.330257,11.570016,-6.0581510000000005,2.182532,9.726484,-4.685101,2.1741029999999997,9.116551,-4.950031,0.621182,9.641198,,,
-8.354842999999999,4.412975,12.164324,-7.533125999999999,4.347192,12.194828,-7.497058,4.386758,11.566149000000001,-6.102103,2.246051,9.696579,-4.727807,2.153861,9.140616,-5.010962999999999,0.630847,9.624835000000001,,,
-8.349845,4.466283,12.191561,-7.529761,4.40527,12.156419999999999,-7.498081,4.427201,11.598778999999999,-6.136011,2.273112,9.689842,-4.782719,2.133607,9.182864,-5.078099,0.590842,9.637773,,,
-8.362656,4.542072,12.167475999999999,-7.537453,4.436769,12.174097999999999,-7.4954410000000005,4.446663,11.620956,-6.170693,2.222905,9.687710000000001,-4.840898999999999,2.152819,9.14442,-5.139911,0.543574,9.657825,,,
,,,,,,,,,,,,,,,,,,,,
,,,,,,,,,,,,,,,,,,,,
,,,,,,,,,,,,,,,,,,,,
,,,,,,,,,,,,,,,,,,,,
,,,,,,,,,,,,,,,,,,,,
,,,,,,,,,,,,,,,,,,,,
,,,,,,,,,,,,,,,,,,,,
,,,,,,,,,,,,,,,,,,,,
,,,,,,,,,,,,,,,,,,,,
,,,,,,,,,,,,,,,,,,,,
,,,,,,,,,,,,,,,,,,,,
,,,,,,,,,,,,,,,,,,,,
,,,,,,,,,,,,,,,,,,,,
,,,,,,,,,,,,,,,,,,,,
,,,,,,,,,,,,,,,,,,,,
,,,,,,,,,,,,,,,,,,,,
,,,,,,,,,,,,,,,,,,,,
,,,,,,,,,,,,,,,,,,,,
,,,,,,,,,,,,,,,,,,,,
,,,,,,,,,,,,,,,,,,,,
,,,,,,,,,,,,,,,,,,,,
,,,,,,,,,,,,,,,,,,,,
,,,,,,,,,,,,,,,,,,,,
,,,,,,,,,,,,,,,,,,,,
,,,,,,,,,,,,,,,,,,,,
,,,,,,,,,,,,,,,,,,,,
,,,,,,,,,,,,,,,,,,,,
,,,,,,,,,,,,,,,,,,,,
,,,,,,,,,,,,,,,,,,,,
,,,,,,,,,,,,,,,,,,,,
,,,,,,,,,,,,,,,,,,,,
,,,,,,,,,,,,,,,,,,,,
,,,,,,,,,,,,,,,,,,,,
,,,,,,,,,,,,,,,,,,,,
,,,,,,,,,,,,,,,,,,,,
,,,,,,,,,,,,,,,,,,,,
,,,,,,,,,,,,,,,,,,,,
,,,,,,,,,,,,,,,,,,,,
,,,,,,,,,,,,,,,,,,,,
,,,,,,,,,,,,,,,,,,,,
,,,,,,,,,,,,,,,,,,,,
,,,,,,,,,,,,,,,,,,,,
,,,,,,,,,,,,,,,,,,,,
,,,,,,,,,,,,,,,,,,,,
,,,,,,,,,,,,,,,,,,,,
,,,,,,,,,,,,,,,,,,,,
,,,,,,,,,,,,,,,,,,,,
,,,,,,,,,,,,,,,,,,,,
,,,,,,,,,,,,,,,,,,,,
,,,,,,,,,,,,,,,,,,,,
,,,,,,,,,,,,,,,,,,,,
,,,,,,,,,,,,,,,,,,,,
,,,,,,,,,,,,,,,,,,,,
,,,,,,,,,,,,,,,,,,,,
,,,,,,,,,,,,,,,,,,,,
,,,,,,,,,,,,,,,,,,,,
,,,,,,,,,,,,,,,,,,,,
,,,,,,,,,,,,,,,,,,,,
,,,,,,,,,,,,,,,,,,,,
,,,,,,,,,,,,,,,,,,,,
,,,,,,,,,,,,,,,,,,,,
,,,,,,,,,,,,,,,,,,,,
,,,,,,,,,,,,,,,,,,,,
,,,,,,,,,,,,,,,,,,,,
,,,,,,,,,,,,,,,,,,,,
,,,,,,,,,,,,,,,,,,,,
,,,,,,,,,,,,,,,,,,,,
,,,,,,,,,,,,,,,,,,,,
,,,,,,,,,,,,,,,,,,,,
,,,,,,,,,,,,,,,,,,,,
,,,,,,,,,,,,,,,,,,,,
,,,,,,,,,,,,,,,,,,,,
,,,,,,,,,,,,,,,,,,,,
,,,,,,,,,,,,,,,,,,,,
,,,,,,,,,,,,,,,,,,,,
,,,,,,,,,,,,,,,,,,,,
,,,,,,,,,,,,,,,,,,,,
,,,,,,,,,,,,,,,,,,,,
,,,,,,,,,,,,,,,,,,,,
,,,,,,,,,,,,,,,,,,,,
,,,,,,,,,,,,,,,,,,,,
,,,,,,,,,,,,,,,,,,,,
,,,,,,,,,,,,,,,,,,,,
,,,,,,,,,,,,,,,,,,,,
,,,,,,,,,,,,,,,,,,,,
,,,,,,,,,,,,,,,,,,,,
,,,,,,,,,,,,,,,,,,,,
,,,,,,,,,,,,,,,,,,,,
,,,,,,,,,,,,,,,,,,,,
,,,,,,,,,,,,,,,,,,,,
,,,,,,,,,,,,,,,,,,,,
,,,,,,,,,,,,,,,,,,,,
,,,,,,,,,,,,,,,,,,,,
,,,,,,,,,,,,,,,,,,,,
,,,,,,,,,,,,,,,,,,,,
,,,,,,,,,,,,,,,,,,,,
,,,,,,,,,,,,,,,,,,,,
,,,,,,,,,,,,,,,,,,,,
,,,,,,,,,,,,,,,,,,,,
,,,,,,,,,,,,,,,,,,,,
,,,,,,,,,,,,,,,,,,,,
,,,,,,,,,,,,,,,,,,,,
,,,,,,,,,,,,,,,,,,,,
,,,,,,,,,,,,,,,,,,,,
,,,,,,,,,,,,,,,,,,,,
,,,,,,,,,,,,,,,,,,,,
,,,,,,,,,,,,,,,,,,,,
,,,,,,,,,,,,,,,,,,,,
,,,,,,,,,,,,,,,,,,,,
,,,,,,,,,,,,,,,,,,,,
,,,,,,,,,,,,,,,,,,,,
,,,,,,,,,,,,,,,,,,,,
,,,,,,,,,,,,,,,,,,,,
,,,,,,,,,,,,,,,,,,,,
,,,,,,,,,,,,,,,,,,,,
,,,,,,,,,,,,,,,,,,,,
,,,,,,,,,,,,,,,,,,,,
,,,,,,,,,,,,,,,,,,,,
,,,,,,,,,,,,,,,,,,,,
,,,,,,,,,,,,,,,,,,,,
,,,,,,,,,,,,,,,,,,,,
,,,,,,,,,,,,,,,,,,,,
,,,,,,,,,,,,,,,,,,,,
,,,,,,,,,,,,,,,,,,,,
,,,,,,,,,,,,,,,,,,,,
,,,,,,,,,,,,,,,,,,,,
,,,,,,,,,,,,,,,,,,,,
,,,,,,,,,,,,,,,,,,,,
,,,,,,,,,,,,,,,,,,,,
,,,,,,,,,,,,,,,,,,,,
,,,,,,,,,,,,,,,,,,,,
,,,,,,,,,,,,,,,,,,,,
,,,,,,,,,,,,,,,,,,,,
,,,,,,,,,,,,,,,,,,,,
,,,,,,,,,,,,,,,,,,,,
,,,,,,,,,,,,,,,,,,,,
,,,,,,,,,,,,,,,,,,,,
,,,,,,,,,,,,,,,,,,,,
,,,,,,,,,,,,,,,,,,,,
,,,,,,,,,,,,,,,,,,,,
,,,,,,,,,,,,,,,,,,,,
,,,,,,,,,,,,,,,,,,,,
,,,,,,,,,,,,,,,,,,,,
,,,,,,,,,,,,,,,,,,,,
,,,,,,,,,,,,,,,,,,,,
,,,,,,,,,,,,,,,,,,,,
,,,,,,,,,,,,,,,,,,,,
,,,,,,,,,,,,,,,,,,,,
,,,,,,,,,,,,,,,,,,,,
,,,,,,,,,,,,,,,,,,,,
,,,,,,,,,,,,,,,,,,,,
,,,,,,,,,,,,,,,,,,,,
,,,,,,,,,,,,,,,,,,,,
,,,,,,,,,,,,,,,,,,,,
,,,,,,,,,,,,,,,,,,,,
,,,,,,,,,,,,,,,,,,,,
,,,,,,,,,,,,,,,,,,,,
,,,,,,,,,,,,,,,,,,,,
,,,,,,,,,,,,,,,,,,,,
,,,,,,,,,,,,,,,,,,,,
,,,,,,,,,,,,,,,,,,,,
,,,,,,,,,,,,,,,,,,,,
,,,,,,,,,,,,,,,,,,,,
,,,,,,,,,,,,,,,,,,,,
,,,,,,,,,,,,,,,,,,,,
,,,,,,,,,,,,,,,,,,,,
,,,,,,,,,,,,,,,,,,,,
,,,,,,,,,,,,,,,,,,,,
,,,,,,,,,,,,,,,,,,,,
,,,,,,,,,,,,,,,,,,,,
,,,,,,,,,,,,,,,,,,,,
,,,,,,,,,,,,,,,,,,,,
,,,,,,,,,,,,,,,,,,,,
,,,,,,,,,,,,,,,,,,,,
,,,,,,,,,,,,,,,,,,,,
,,,,,,,,,,,,,,,,,,,,
,,,,,,,,,,,,,,,,,,,,
,,,,,,,,,,,,,,,,,,,,
,,,,,,,,,,,,,,,,,,,,
,,,,,,,,,,,,,,,,,,,,
,,,,,,,,,,,,,,,,,,,,
,,,,,,,,,,,,,,,,,,,,
,,,,,,,,,,,,,,,,,,,,
,,,,,,,,,,,,,,,,,,,,
,,,,,,,,,,,,,,,,,,,,
,,,,,,,,,,,,,,,,,,,,
,,,,,,,,,,,,,,,,,,,,
,,,,,,,,,,,,,,,,,,,,
,,,,,,,,,,,,,,,,,,,,
,,,,,,,,,,,,,,,,,,,,
,,,,,,,,,,,,,,,,,,,,
,,,,,,,,,,,,,,,,,,,,
,,,,,,,,,,,,,,,,,,,,
