pt1_X,pt1_Y,pt1_Z,pt2_X,pt2_Y,pt2_Z,pt3_X,pt3_Y,pt3_Z,pt4_X,pt4_Y,pt4_Z,pt5_X,pt5_Y,pt5_Z,pt6_X,pt6_Y,pt6_Z,pt7_X,pt7_Y,pt7_Z
18.301472,3.236923,20.53716,19.084920999999998,3.250132,20.438168,18.961365,3.4163620000000003,19.528439000000002,18.377444,1.198791,17.866639000000003,19.217357,1.022229,16.851051000000002,17.837276,0.731416,16.927671,,,
18.310642,3.154473,20.656589,19.106776,3.2881169999999997,20.354288,18.975734,3.397071,19.558114,18.345151,1.167676,17.872457999999998,19.196136,1.0443790000000002,16.842082,17.798318,0.784576,16.882179,,,
18.310188,3.158259,20.655824,19.106314,3.291898,20.353524,18.976029,3.4018870000000003,19.555623,18.345151,1.167676,17.872457999999998,19.196136,1.0443790000000002,16.842082,17.798318,0.784576,16.882179,,,
18.310448,3.160524,20.656112,19.107325,3.2952160000000004,20.352053,18.976108,3.4037900000000003,19.556448,18.344435,1.169202,17.871436,19.195416,1.045896,16.841075,17.79828,0.785086,16.882641,,,
18.310755,3.165363,20.653591,19.106863,3.298996,20.351289,18.975649,3.4075559999999996,19.555698,18.344548,1.1705940000000001,17.871814,19.194845,1.048295,16.839986,17.797759,0.78698,16.881089000000003,,,
18.309653,3.1694869999999997,20.654954999999998,19.106370000000002,3.3032980000000003,20.350976,18.975303,3.4127099999999997,19.555319,18.343982999999998,1.172998,17.870711,19.194274,1.050693,16.838897,17.797759,0.78698,16.881089000000003,,,
18.30936,3.177239,20.651754,19.106201000000002,3.3119129999999997,20.34769,18.975028,3.4199050000000004,19.551707999999998,18.34319,1.172448,17.872885999999998,19.193554000000002,1.05221,16.837889999999998,17.797759,0.78698,16.881089000000003,,,
18.308452,3.184809,20.650225,19.105242,3.3169,20.348972,18.974079,3.427952,19.550664,18.342586999999998,1.175366,17.872242,19.192797,1.054236,16.837341000000002,17.797199,0.789383,16.879998999999998,,,
18.307042000000003,3.19359,20.65074,19.104432,3.325851,20.347814,18.973274,3.43687,19.549536,18.341870999999998,1.176892,17.87122,19.190796,1.056578,16.836493,17.796525,0.7903979999999999,16.878526,,,
18.305972,3.206688,20.648279000000002,19.101898000000002,3.3388690000000003,20.34562,18.97061,3.448981,19.547456,18.340589,1.180823,17.869094,19.190188,1.059485,16.835862,17.795091,0.790353,16.87875,,,
18.303007,3.2235150000000004,20.645301999999997,19.100342,3.355725,20.342404000000002,18.967454,3.4653709999999998,19.545082,18.33923,1.182677,17.870166,19.188859,1.063909,16.834224,17.793857,0.793771,16.876188,,,
18.302232,3.250493,20.644273000000002,19.096320000000002,3.375455,20.343987,18.963233,3.485346,19.543616,18.337912,1.1871209999999999,17.8685,19.186139,1.067767,16.832369,17.793183,0.794786,16.874716,,,
18.298353,3.275314,20.654215,19.093010999999997,3.4037620000000004,20.353482999999997,18.959388,3.5150669999999997,19.554841,18.335836999999998,1.190502,17.868548999999998,19.184276999999998,1.07408,16.829183999999998,17.79119,0.797144,16.87385,,,
18.292196,3.294036,20.645917,19.086349,3.4231269999999996,20.346816,18.952073000000002,3.535354,19.546766,18.332518,1.1973,17.866014,19.179669,1.081668,16.826857,17.789198000000003,0.799502,16.872984,,,
18.233079,3.420657,20.567144,19.068153,3.428785,20.472804,18.966910000000002,3.5679160000000003,19.587132,18.363149,1.305973,17.902060000000002,19.175546,1.090968,16.824279999999998,17.798048,0.7236060000000001,16.933255,,,
18.226273000000003,3.4276660000000003,20.555055,19.051206,3.4570819999999998,20.455313,18.934801999999998,3.578762,19.596553,18.334479,1.326393,17.894744,19.169573,1.103488,16.820773000000003,17.785102,0.732597,16.91638,,,
18.205379999999998,3.4645449999999998,20.533621,19.029431,3.4931129999999997,20.43759,18.927334,3.61173,19.60236,18.332928,1.335393,17.878742000000003,19.16231,1.11992,16.815170000000002,17.780165,0.735649,16.917367000000002,,,
18.189164,3.4896809999999996,20.538895999999998,19.008606,3.546011,20.413419,18.906935999999998,3.659,19.608315,18.340512,1.348208,17.886246,19.141325,1.16001,16.795856,17.772095999999998,0.759429,16.892747,,,
18.170302,3.511656,20.53681,18.994435,3.5492790000000003,20.448281,18.875035,3.656597,19.622967000000003,18.313057999999998,1.360977,17.861294,19.132375,1.177445,16.791498999999998,17.765416000000002,0.726965,16.927083,,,
18.147563,3.5374209999999997,20.536731,18.995241,3.55251,20.480078,18.845273000000002,3.6696410000000004,19.627022,18.275,1.403724,17.836451999999998,19.121745,1.192382,16.79109,17.765954999999998,0.753239,16.89573,,,
18.11564,3.5520059999999996,20.56963,18.970957000000002,3.5974720000000002,20.453084,18.831372,3.6892099999999997,19.656381,18.262821,1.438949,17.799397,19.111261,1.2215200000000002,16.795799,17.750534,0.758879,16.899009,,,
18.090807,3.593583,20.55034,18.957323000000002,3.662213,20.431101,18.800103,3.752522,19.62204,18.255834,1.44465,17.822607,19.094261,1.2338049999999998,16.805146,17.741218,0.765883,16.914339000000002,,,
18.074482999999997,3.625377,20.547654,18.931372,3.686607,20.41935,18.791126000000002,3.791895,19.602113,18.238170999999998,1.455176,17.836764000000002,19.056147,1.221811,16.853793,17.719596,0.7831739999999999,16.913839000000003,,,
18.045698,3.6746589999999997,20.522226,18.878541000000002,3.763271,20.363116,18.753809,3.8270160000000004,19.605843,18.211098,1.5009709999999998,17.824592000000003,19.040534,1.246681,16.849875,17.708497,0.782254,16.916443,,,
18.020758999999998,3.708268,20.522876,18.847909,3.774829,20.420084,18.722777999999998,3.846283,19.615883,18.186426,1.512784,17.812666,19.015905,1.2893430000000001,16.839396,17.708639,0.780355,16.914722,,,
17.999215,3.7946910000000003,20.469256,18.817436999999998,3.7929199999999996,20.418859,18.660915,3.912614,19.594237,18.143452,1.5558459999999998,17.816248,18.996557,1.318403,16.828323,17.699731,0.815513,16.900431,,,
17.96165,3.8471879999999996,20.459131,18.77605,3.8382120000000004,20.412232,18.608931,3.9816839999999996,19.556607,18.126016,1.607709,17.805044,18.974975,1.3441049999999999,16.826364,17.668047,0.7888229999999999,16.937905999999998,,,
17.905676999999997,3.851489,20.514785,18.736154,3.8720120000000002,20.417633,18.58948,3.982693,19.569699,18.097229000000002,1.6122459999999998,17.846283,18.947313,1.372005,16.831739000000002,17.644565,0.797794,16.936987,,,
17.870589000000002,3.9379779999999998,20.456735000000002,18.692027,3.917239,20.409972,18.555588,4.04005,19.572753,18.060188,1.6315629999999999,17.841920000000002,18.929353,1.3532790000000001,16.905777,17.636211,0.813418,16.95648,,,
17.825769,3.984979,20.441533,18.661879000000003,3.988921,20.361382,18.50505,4.080171,19.550639,18.028598000000002,1.669111,17.829424,18.887228,1.3497620000000001,16.928616,17.619961,0.842399,16.929395,,,
17.782163,4.024848,20.43101,18.603817000000003,4.033869999999999,20.344571,18.452804,4.102461,19.571519,17.995835999999997,1.6799099999999998,17.865783,18.831995000000003,1.4697040000000001,16.844307,17.601225,0.8680370000000001,16.922457,,,
17.739843,4.092441,20.398034,18.544445,4.051403,20.377689,18.406091,4.160989,19.55879,17.945122,1.691648,17.886866,18.800488,1.496505,16.850209,17.562106,0.861526,16.960608999999998,,,
17.66788,4.139194,20.409747,18.48858,4.092747,20.374663,18.352165,4.183104,19.583371,17.902859,1.76975,17.845803,18.778086,1.5478450000000001,16.839577,17.531406,0.8772260000000001,16.987015,,,
17.605256,4.180251,20.435223999999998,18.418423999999998,4.189182,20.339654,18.279582,4.236747,19.575682999999998,17.858422,1.8098349999999999,17.839856,18.726554999999998,1.554945,16.895112,17.51839,0.8992209999999999,16.978407999999998,,,
17.546369,4.248074,20.417536,18.346349,4.2594449999999995,20.296948,18.208819000000002,4.310256,19.540195,17.79808,1.8587939999999998,17.829074,18.665392999999998,1.587178,16.935935999999998,17.491702,0.921481,16.98058,,,
17.484579,4.322818,20.388307,18.280254,4.32148,20.289932999999998,18.140767999999998,4.402604,19.472770999999998,17.73845,1.9111330000000002,17.828404000000003,18.630708,1.648665,16.956198999999998,17.454467,0.986856,16.947253,,,
17.414627,4.390778,20.35697,18.210085999999997,4.366514,20.277091,18.062144,4.470515,19.457469,17.67061,1.972723,17.833318,18.583183,1.757448,16.881584,17.420606,0.991748,16.961882,,,
17.313703,4.457398,20.349585,18.132581,4.380766,20.331895000000003,17.998065,4.503255,19.46102,17.603012,2.018155,17.830318,18.505357999999998,1.822446,16.82874,17.366728,1.019759,16.958226999999997,,,
17.236117999999998,4.491124,20.382702,18.054399,4.470108,20.276907,17.930947,4.531877,19.471473,17.544839,2.062668,17.832828,18.453435,1.871718,16.908323,17.337132,1.0287950000000001,16.991072,,,
17.137864999999998,4.603674,20.277463,17.979511,4.518413,20.293612,17.851236,4.582706,19.475003,17.482467,2.116989,17.806372,18.387736999999998,1.9245009999999998,16.881508,17.257938,1.077094,17.012825,,,
17.074151,4.641102,20.315285,17.880084,4.600947,20.279246,17.75068,4.652518,19.480467,17.403185999999998,2.196197,17.799863000000002,18.328057,1.9367720000000002,16.91788,17.212314000000003,1.111007,17.018172,,,
16.974628,4.7099269999999995,20.293920999999997,17.799519,4.664919,20.246924,17.64142,4.75791,19.428541,17.302315,2.235025,17.800013,18.233552,2.0274099999999997,16.892984,17.165236,1.1464889999999999,17.012552,,,
16.869029,4.814652,20.264566000000002,17.69262,4.714194,20.246238,17.546110000000002,4.828253,19.443794,17.211026999999998,2.293304,17.795928,18.151975,2.082695,16.904073,17.11022,1.203482,16.983654,,,
16.762739,4.898935,20.225645,17.57786,4.7963830000000005,20.216452,17.470413,4.8822220000000005,19.43611,17.123734,2.377671,17.759687,18.056366,2.146766,16.927535,17.053414,1.229905,16.973012,,,
16.675541,4.942961,20.245366,17.455821,4.874397,20.204641,17.337818,4.984968,19.373165,17.014729,2.459125,17.715632,17.957651000000002,2.204009,16.924069,16.985426,1.2977459999999998,16.928919,,,
16.583776999999998,5.009862,20.256612,17.347616,4.931769999999999,20.24251,17.213751000000002,5.055201,19.369997,16.915706,2.555046,17.649563,17.842523999999997,2.276657,16.884138,16.90186,1.332773,16.927442000000003,,,
16.46673,5.049604,20.293186,17.257682,5.033211,20.167486,17.103498000000002,5.108679,19.371779,16.791495,2.580553,17.663322,17.75455,2.354093,16.898746,16.810688,1.365449,16.916556,,,
16.324745,5.11964,20.295008,17.117244,5.134755999999999,20.12356,16.981791,5.202208000000001,19.282597,16.659945999999998,2.578535,17.734586,17.648201,2.434644,16.861685,16.728913000000002,1.424405,16.878279,,,
16.205003,5.215055,20.259553,16.999214000000002,5.231532,20.071373,16.878131,5.26018,19.28045,16.571347,2.6853569999999998,17.691183,17.536728,2.507343,16.845539000000002,16.620248,1.517955,16.865696,,,
16.088303,5.305716,20.185661,16.88366,5.282767,20.056248999999998,16.743115,5.368099,19.228998999999998,16.436066,2.759855,17.679420999999998,17.41112,2.600778,16.814631,16.544659,1.522665,16.911154999999997,,,
15.955654000000001,5.398698,20.139184,16.772560000000002,5.337063,20.034554,16.619384,5.425404,19.241092000000002,16.338178,2.8194220000000003,17.648939000000002,17.268462,2.665835,16.84159,16.446073000000002,1.608647,16.850770999999998,,,
15.824831,5.503961,20.083679,16.604404000000002,5.436885,20.011571,16.475863,5.489399,19.247242,16.191817,2.897182,17.623701999999998,17.142242,2.754436,16.791781,16.341028,1.650049,16.841834,,,
15.654282,5.534986,20.149433,16.486642,5.490837,19.99301,16.318571,5.568835,19.212403,16.079373999999998,2.985929,17.561717,17.020053,2.846845,16.738329,16.249505,1.71295,16.774928,,,
15.514828,5.66171,20.018701,16.322055,5.6064680000000005,19.967848999999998,16.183756,5.632102,19.176582,15.916068,3.016902,17.628944,16.86176,2.9040060000000003,16.754057,16.095796,1.7355470000000002,16.795022,,,
15.385131,5.726251,19.937610999999997,16.19655,5.704724,19.910104,16.071538,5.708024,19.142476000000002,15.766354999999999,3.071793,17.631503,16.705985000000002,3.022221,16.708609,15.958785,1.7661069999999999,16.829743,,,
15.229820000000002,5.778241,19.938612,16.036599,5.786607,19.851998000000002,15.880069,5.783888,19.090034,15.625385999999999,3.148011,17.611074,16.580945,3.108753,16.642504000000002,15.846781,1.863518,16.75463,,,
15.058991,5.878508,19.880303,15.879979,5.8550260000000005,19.868269,15.736801999999999,5.82592,19.113517,15.467778,3.247577,17.553486,16.431038,3.1280490000000003,16.683270999999998,15.737325,1.91988,16.737513,,,
14.883476000000002,5.954553,19.85645,15.71795,5.912348000000001,19.849232,15.593231,5.968889,18.999954000000002,15.324152,3.302336,17.53033,16.29413,3.236573,16.61187,15.565577,1.991091,16.747887,,,
14.746216,6.025664,19.817247000000002,15.565279,5.945925,19.893295000000002,15.446577,6.03161,18.940526000000002,15.202588,3.370103,17.503989,16.121206,3.31466,16.574765,15.394848999999999,2.064421,16.743789000000003,,,
14.545385999999999,6.071937,19.851704,15.403960000000001,6.072384,19.789842999999998,15.278912,6.153768,18.827605,15.037618,3.4540870000000004,17.44517,16.008374,3.3721360000000002,16.548627,15.281357999999999,2.134239,16.704567,,,
14.412420999999998,6.208519,19.723684,15.222169000000001,6.170099,19.716236,15.125241,6.174768,18.840532999999997,14.871364999999999,3.503254,17.436507000000002,15.840335000000001,3.403428,16.580467000000002,15.133085000000001,2.189975,16.697252,,,
14.223542000000002,6.315653,19.606134,15.055359,6.275116000000001,19.650014000000002,14.927425,6.269735,18.799779,14.728860000000001,3.5577900000000002,17.415925,15.705039000000001,3.527546,16.480449,14.965307999999999,2.2842540000000002,16.666137,,,
14.059999,6.341012,19.659710999999998,14.878835,6.346764,19.591271,14.760513000000001,6.329043,18.782887,14.601016,3.676104,17.311167,15.501298,3.5764769999999997,16.481241,14.802164000000001,2.350912,16.634381,,,
13.887541,6.411789,19.625069,14.685542000000002,6.389826,19.611473,14.556131,6.436146,18.720146,14.408494000000001,3.7101800000000003,17.31788,15.381677999999999,3.5949459999999998,16.517893,14.638058,2.407428,16.662825,,,
13.695867999999999,6.4923910000000005,19.553528,14.498535999999998,6.512269,19.533919,14.379938000000001,6.515197,18.679057999999998,14.240563,3.7624589999999998,17.314752,15.231354999999999,3.709429,16.454253,14.438018,2.552105,16.508226,,,
13.50279,6.522268,19.554095999999998,14.325507,6.574363000000001,19.502685999999997,14.217611999999999,6.525629,18.680192,14.094160999999998,3.818749,17.3174,15.064576,3.7594339999999997,16.456409,14.287020000000002,2.536448,16.590981,,,
13.333647000000001,6.6174740000000005,19.454932,14.157254,6.635173,19.4737,14.024569,6.6229119999999995,18.62916,13.924419,3.8849519999999997,17.276502,14.879009,3.80605,16.422572,14.102898000000001,2.651711,16.528361,,,
13.134573999999999,6.667225999999999,19.416285000000002,13.971332,6.746611,19.378868,13.846051000000001,6.700922,18.564941,13.772447,3.9971389999999998,17.173635,14.731301,3.88725,16.352164000000002,13.915779999999998,2.755821,16.484931,,,
12.952227,6.7653229999999995,19.330937,13.788845000000002,6.846673,19.294926999999998,13.671489999999999,6.800482000000001,18.448297,13.602342000000002,4.065477,17.108155,14.576742999999999,3.9704029999999997,16.28349,13.728676,2.82695,16.443315,,,
12.746792,6.805203999999999,19.347525,13.595103,6.9074860000000005,19.281525,13.485126000000001,6.828763,18.471939000000003,13.430760000000001,4.097180000000001,17.146024,14.37263,4.052412,16.217556,13.552532999999999,2.897199,16.410242,,,
12.551426,6.894943,19.260232000000002,13.365908,6.944025999999999,19.251553,13.299029999999998,6.863994,18.420249,13.210785000000001,4.14499,17.118268,14.22425,4.101719,16.218742000000002,13.349175,2.975852,16.379063000000002,,,
12.374778,7.02168,19.079801999999997,13.178292,7.059760000000001,19.135178,13.112157,6.959960000000001,18.358444,13.077145,4.205586,17.076923999999998,14.047360000000001,4.165225,16.150966,13.122264999999999,3.058093,16.340998000000003,,,
12.211012,7.042045,19.110135,12.948356,7.1249910000000005,19.111347,12.902811,7.053476,18.290123,12.859568,4.285817,17.00838,13.875563,4.194627,16.135698,12.907216,3.126805,16.299973,,,
11.976754,7.0851869999999995,19.086042000000003,12.7838,7.15787,19.113873,12.73447,7.126001,18.240524,12.682852,4.327026,16.985205,13.664835,4.229086,16.097175,12.756089,3.160838,16.286773999999998,,,
11.789552,7.120003,19.05186,12.558795,7.246389,19.055585,12.508215,7.152626,18.224238,12.536228,4.385902,16.953101999999998,13.519317000000001,4.284893,16.042558,12.538071,3.284864,16.195022,,,
11.572174,7.14951,19.06602,12.364084,7.2913440000000005,19.048437,12.317973,7.184514999999999,18.247018,12.300616999999999,4.41747,16.971238,13.328397,4.354044999999999,15.984746,12.332282000000001,3.2998819999999998,16.193161,,,
11.384708999999999,7.276138,18.9322,12.174101,7.327307000000001,19.023258,12.126206,7.273744000000001,18.142889999999998,12.154913,4.493273,16.894661,13.120476000000002,4.39976,15.926825,12.123944999999999,3.314488,16.197298,,,
11.178244,7.335567999999999,18.857837,11.966241,7.384755999999999,18.945134,11.947600999999999,7.364675,18.069124,11.977671,4.541422,16.85312,12.931500999999999,4.431508999999999,15.926763000000001,11.890974,3.3794440000000003,16.167535,,,
10.985922,7.355463,18.843355,11.741211999999999,7.438018,18.952397,11.733825,7.419826,18.035764999999998,11.75929,4.627267,16.767422,12.730285,4.507275,15.831705,11.708665,3.5095410000000005,16.034221,,,
10.771806,7.389364,18.819172000000002,11.565451,7.5361270000000005,18.837995000000003,11.529921,7.437666,18.000823,11.582671000000001,4.664942,16.707815,12.504975,4.499661,15.826557000000001,11.470295,3.5159830000000003,16.042923000000002,,,
10.563789,7.49217,18.741229,11.356778,7.579608,18.792015,11.337555,7.542851,17.884009,11.388424,4.689172,16.701882,12.334980999999999,4.574454,15.729548999999999,11.256509,3.5020879999999996,16.05804,,,
10.37236,7.445403,18.763873,11.154812,7.591545,18.823631,11.11079,7.514309,17.972552,11.173649000000001,4.760312,16.640196,12.110678,4.586804,15.698920999999999,11.027441,3.637549,15.918189000000002,,,
10.184882,7.5298929999999995,18.655058,10.928592,7.649503999999999,18.776891,10.909208999999999,7.572553,17.90416,10.969953,4.806858,16.580301000000002,11.902791,4.593818,15.652287,10.81188,3.687986,15.876739,,,
9.973316,7.621021000000001,18.565701,10.750513,7.704847999999999,18.708203,10.688783,7.580778,17.908489000000003,10.759121,4.850141000000001,16.521335999999998,11.698435,4.562755999999999,15.708629,10.599603,3.6949199999999998,15.843857,,,
9.78015,7.6337470000000005,18.575975,10.545925,7.7542539999999995,18.653139000000003,10.503635000000001,7.691203999999999,17.763419,10.561552,4.856053,16.529384,11.483541,4.653595,15.575253,10.356158,3.748098,15.769579,,,
9.576143,7.643135000000001,18.557747,10.317497,7.806430000000001,18.610805,10.348241,7.704816,17.743548999999998,10.349986,4.8992629999999995,16.44414,11.285471000000001,4.6678809999999995,15.505377,10.130806,3.828707,15.706320000000002,,,
9.417734,7.715725999999999,18.479687,10.108264,7.822292,18.584581,10.115344,7.722767999999999,17.760496,10.142228999999999,4.925,16.397560000000002,11.055095,4.649316000000001,15.474858,9.892921000000001,3.8645769999999997,15.639062,,,
9.198729,7.687297999999999,18.490739,9.945901,7.875710000000001,18.511906,9.916724,7.792959,17.678616,9.918076,4.959964,16.368397,10.824607,4.6207769999999995,15.45319,9.63557,3.9427830000000004,15.575575,,,
8.989500999999999,7.763466,18.374679,9.737210000000001,7.888949,18.485076,9.771642,7.824431,17.654791,9.727642999999999,5.022654,16.254199,10.617830999999999,4.628188,15.410957999999999,9.377317999999999,3.934538,15.537423,,,
8.829191,7.791094999999999,18.364953,9.537911,7.944942,18.418360999999997,9.519547,7.898935000000001,17.532566,9.508275,4.997666000000001,16.282436999999998,10.346886,4.5822199999999995,15.372520999999999,9.147337,3.919087,15.572099,,,
8.612083,7.8233369999999995,18.347310999999998,9.355239,7.974253,18.349729,9.353158,7.908533,17.476512,9.293471,5.049126,16.180455,10.141445,4.635344,15.299052,8.885284,3.9108870000000002,15.561829000000001,,,
8.385159,7.835780000000001,18.320973000000002,9.163145,7.996239999999999,18.318607,9.168277999999999,7.915614,17.470153,9.034824,4.994498,16.236595,9.884586,4.5962190000000005,15.28723,8.649205,3.9626449999999998,15.446294,,,
8.246217,7.8660630000000005,18.239786,8.958102,7.991963,18.306328,8.96043,7.874566000000001,17.535882,8.799691000000001,5.00614,16.150123999999998,9.644978,4.640438,15.196198999999998,8.421536,4.048729,15.330314999999999,,,
8.028669,7.86653,18.221281,8.749214,7.992300999999999,18.325492999999998,8.75085,7.9413789999999995,17.431495,8.626215,5.0948459999999995,16.003275,9.421802,4.643216000000001,15.128725,8.121711,4.019751,15.324798000000001,,,
7.842046000000001,7.877458,18.187693,8.57142,8.029900999999999,18.211079,8.562321,7.956419,17.383856,8.404565,5.073707,16.039207,9.19965,4.596811,15.134934,7.873245,4.039061,15.228503,,,
7.607918,7.87069,18.179604,8.367803,8.016347,18.208097,8.423426,7.9904,17.334808,8.211661,5.110608999999999,15.944915,8.955589999999999,4.626866000000001,14.994876999999999,7.594266,4.019497,15.249894,,,
7.457445,7.926596000000001,18.091979000000002,8.216986,8.049322,18.149175,8.229189,7.974491,17.326238,7.947528,5.088929,15.929225,8.714831,4.615495,14.955471,7.3780470000000005,4.053804,15.135609,,,
7.307983,7.943519,18.030885,8.020227,8.03839,18.147745999999998,7.997085,7.986197,17.262873000000003,7.729539999999999,5.123880000000001,15.840989000000002,8.450614999999999,4.5506470000000006,14.942875,7.145222,4.029861,15.125929999999999,,,
7.067294,7.948019,17.996651999999997,7.798723,8.021811999999999,18.151884,7.81217,8.01872,17.174042,7.479724000000001,5.096243,15.827101999999998,8.181925999999999,4.482791000000001,14.964517,6.85877,3.993515,15.150445999999999,,,
6.9156059999999995,7.929943,17.997118,7.639823,8.0036,18.11981,7.627175,7.977866000000001,17.199864,7.2725100000000005,5.0835870000000005,15.794463,7.956521,4.510484,14.852224,6.636747,4.033353,15.033043,,,
6.712057000000001,7.924129,17.935401000000002,7.486295,8.045143,18.032915,7.435975999999999,7.987349000000001,17.156723,7.0775820000000005,5.077861,15.766329,7.6959919999999995,4.473681,14.821053,6.392424,3.9760470000000003,15.083485000000001,,,
6.500008,7.907976,17.924459,7.277145,8.044686,17.958966,7.246828999999999,7.950538000000001,17.186097,6.804894,5.044348,15.735517999999999,7.442373,4.420049,14.796024,6.1264400000000006,4.008055000000001,14.98456,,,
6.3083730000000005,7.924904,17.844305,7.08858,8.045542999999999,17.92148,7.048264,7.927003,17.108066,6.606128999999999,5.035469,15.670637,7.206825,4.3921660000000005,14.755201000000001,5.868785,3.974217,14.953312,,,
6.159001,7.889272999999999,17.853258,6.879427000000001,8.008369,17.872529999999998,6.922602,7.925610000000001,17.058383,6.393987999999999,5.0026720000000005,15.639529999999999,6.947367,4.346012,14.711969,5.62758,3.968695,14.879391,,,
5.967404,7.882460000000001,17.818482,6.713276,8.005091,17.828975,6.721457000000001,7.945375,16.980741000000002,6.149122,4.954273000000001,15.671807000000001,6.734648,4.326442,14.681362,5.399139,3.956675,14.803542000000002,,,
5.789286,7.812658,17.805781,6.5243150000000005,7.9593110000000005,17.819489,6.508673,7.8612020000000005,16.997227,5.978674,4.951967,15.599782000000001,6.480018,4.278111,14.631832000000001,5.166476,3.92317,14.801810000000001,,,
5.585006,7.826022999999999,17.692123000000002,6.317979,7.919517,17.785917,6.3063080000000005,7.857049000000001,16.928307999999998,5.779496,4.9750309999999995,15.479585,6.255653,4.266901,14.540388,4.9156889999999995,3.899324,14.778288,,,
5.401582,7.7858279999999995,17.69407,6.112322,7.883571000000001,17.787773,6.138528,7.836635,16.897885000000002,5.572347,4.904534,15.494136,6.023636,4.237794999999999,14.456315,4.66483,3.795033,14.774717,,,
5.194363,7.663976,17.78541,5.940033000000001,7.8399339999999995,17.7476,5.939934,7.799552,16.842807999999998,5.320118,4.8636099999999995,15.456188000000001,5.7732019999999995,4.177221,14.431451000000001,4.445076,3.818908,14.620714999999999,,,
5.035,7.712657000000001,17.613707,5.762754,7.833769,17.658049,5.770612,7.775878,16.793684,5.103021,4.852993,15.360842000000002,5.536607,4.0830589999999995,14.471502,4.181833,3.7435389999999997,14.633376,,,
4.846412,7.726072,17.508718,5.590016,7.757387,17.706352,5.593073,7.687086,16.82485,4.886024,4.821919,15.303268,5.313194,4.018011,14.446922,3.989091,3.712599,14.582698,,,
4.666253,7.634581,17.535841,5.389265,7.71271,17.629631,5.416658,7.702286,16.709485,4.675765,4.766782,15.264474,5.076745,3.984365,14.414364,3.754107,3.681376,14.546525,,,
4.482329,7.594833,17.487057,5.20911,7.684683000000001,17.569706,5.221783,7.623697999999999,16.724383,4.461723,4.681775,15.266353,4.878469,3.9311760000000002,14.362627,3.5451309999999996,3.6365839999999996,14.509909,,,
4.311299,7.510466,17.465787,5.022568,7.617233000000001,17.575034,5.002152,7.578929,16.68224,4.256931,4.663855,15.187531,4.657235,3.847165,14.336072,3.32484,3.577116,14.473554,,,
4.097633,7.404211,17.515801,4.845917,7.544924000000001,17.549241000000002,4.820587000000001,7.542802,16.602272,4.023511,4.549432,15.190445,4.427067,3.8382129999999997,14.210666,3.124977,3.4752910000000004,14.469512,,,
3.9291139999999998,7.418842999999999,17.383689999999998,4.653454,7.495485,17.491869,4.683825,7.49535,16.552264,3.787437,4.5744620000000005,15.013098999999999,4.222739,3.7712120000000002,14.193048000000001,2.925718,3.4072400000000003,14.401476999999998,,,
3.72937,7.3609990000000005,17.337086,4.495833,7.4551289999999995,17.400719,4.487468,7.3529789999999995,16.627039,3.664331,4.5071330000000005,15.012642999999999,4.003019999999999,3.701399,14.155209,2.7130650000000003,3.370165,14.332162,,,
3.5341370000000003,7.2915589999999995,17.260343,4.296409,7.362897,17.398789999999998,4.302849,7.345988,16.480766,3.4258480000000002,4.39297,15.056669,3.7924830000000003,3.604308,14.135995000000001,2.513139,3.251491,14.321,,,
3.371548,7.273611,17.193696,4.102859,7.312327000000001,17.285753,4.136909999999999,7.272924000000001,16.475862,3.23041,4.3078650000000005,15.027092999999999,3.592289,3.500353,14.128545,2.2808439999999996,3.145969,14.323116,,,
3.187548,7.153649000000001,17.209123,3.913877,7.227503,17.317679000000002,3.917928,7.164421000000001,16.468585,3.059784,4.257899,14.922495999999999,3.3695199999999996,3.4300839999999995,14.078408,2.083153,3.0712639999999998,14.298882,,,
2.998571,7.048335000000001,17.197183,3.729085,7.146966,17.263810999999997,3.750201,7.056239,16.499839,2.8411470000000003,4.1514940000000005,14.886985999999998,3.15014,3.302561,14.089620000000002,1.879284,2.980788,14.2168,,,
2.7807880000000003,6.940891000000001,17.17624,3.513958,7.081069,17.225362,3.5810660000000003,6.999285,16.414062,2.66296,4.118911,14.809578,2.9885669999999998,3.259684,14.020617000000001,1.6892900000000002,2.8432619999999997,14.256010999999999,,,
2.6125,6.867111,17.117972,3.364355,6.9954149999999995,17.170651,3.411275,6.905605,16.376402,2.476804,4.015981,14.776487,2.7711490000000003,3.139462,14.015088,1.496393,2.773685,14.147402,,,
2.4479,6.777063,17.108393,3.183235,6.919034,17.117016,3.21982,6.82797,16.302007,2.302543,3.9185230000000004,14.751681,2.568092,3.005464,13.981622,1.313041,2.637882,14.17015,,,
2.246142,6.686491999999999,17.021754,2.9882619999999998,6.770803,17.135582,3.031096,6.7252160000000005,16.291132,2.098932,3.806207,14.723495000000002,2.3809810000000002,2.913637,13.931149,1.093999,2.510688,14.120538,,,
2.067144,6.596384,16.993309,2.808523,6.680396000000001,17.055717,2.8157490000000003,6.66684,16.189054000000002,1.8850619999999998,3.6421059999999996,14.769795000000002,2.161954,2.827403,13.843375,0.946332,2.458866,14.043299,,,
1.8801560000000002,6.467786,16.948928,2.62304,6.5492550000000005,17.042398000000002,2.697705,6.548708,16.173516,1.697164,3.531484,14.685661999999999,1.965659,2.700104,13.851857999999998,0.7208479999999999,2.342904,13.991357,,,
1.699055,6.325146,16.960891,2.422977,6.450175,17.007666,2.446614,6.403679,16.164196,1.526477,3.416845,14.653711,1.81368,2.601445,13.784154999999998,0.508779,2.137973,14.005091,,,
1.495174,6.248945,16.902672,2.261319,6.347055999999999,16.966824,2.276268,6.3205089999999995,16.116413,1.323058,3.289858,14.624815,1.619817,2.4662439999999997,13.736901999999999,0.346393,2.056623,13.924263,,,
1.3202479999999999,6.123929,16.890975,2.0676349999999997,6.256428,16.90502,2.114202,6.202083,16.070715,1.150565,3.200856,14.560029,1.421649,2.326032,13.754104000000002,0.149528,1.833391,13.966453,,,
1.138807,5.997897,16.813461,1.8733540000000002,6.123088,16.894515,1.928082,6.05839,16.080026999999998,0.9704729999999999,3.091042,14.501978,1.24211,2.216918,13.700527,-0.011073999999999999,1.715516,13.900479999999998,,,
0.9464450000000001,5.843446,16.794114999999998,1.713827,5.981466,16.887002,1.730277,5.924773,15.996247,0.79235,2.970332,14.443164000000001,1.0176100000000001,2.055606,13.635288000000001,-0.18891,1.5598969999999999,13.873207,,,
0.769467,5.783715,16.680588,1.481365,5.839018,16.837872,1.579359,5.804269000000001,15.974998999999999,0.570804,2.8026,14.458445999999999,0.8740190000000001,1.9262150000000002,13.625873,-0.37712199999999996,1.397601,13.829770000000002,,,
0.5868939999999999,5.644817,16.629354,1.291081,5.702182,16.813264999999998,1.35188,5.678142,15.928111,0.42067899999999997,2.7002509999999997,14.410179999999999,0.701979,1.8180630000000002,13.547987,-0.559195,1.291266,13.773292999999999,,,
0.392895,5.482344,16.640704,1.124234,5.6036980000000005,16.724348000000003,1.174612,5.605365,15.865217000000001,0.283933,2.642265,14.276935,0.548099,1.7054150000000001,13.500808,-0.66952,1.1669120000000002,13.70491,,,
0.20003800000000002,5.362824,16.606898,0.895229,5.458289,16.723546,0.9883379999999999,5.4956830000000005,15.812832,0.141842,2.506723,14.265652,0.48372600000000004,1.6667319999999999,13.379254999999999,-0.79969,1.0837299999999999,13.606032,,,
0.017141,5.257484,16.554083,0.702665,5.3065430000000005,16.711548,0.789474,5.336318,15.872588,0.010605,2.405668,14.201039999999999,0.371164,1.59191,13.296401000000001,-0.8745790000000001,1.0365010000000001,13.442857,,,
-0.190495,5.11278,16.531439000000002,0.519663,5.210717,16.673741,0.593598,5.219743,15.840864000000002,-0.129492,2.288543,14.134584,0.313108,1.540407,13.211863000000001,-0.8971030000000001,0.9004690000000001,13.458867999999999,,,
-0.405038,5.001256,16.482426999999998,0.329308,5.075029,16.690514,0.398554,5.118526999999999,15.846943,-0.234692,2.2181599999999997,14.082838,0.329096,1.515879,13.121341000000001,-0.8891540000000001,0.816542,13.397657999999998,,,
-0.592934,4.887868,16.442970000000003,0.144485,5.005859,16.609566,0.221156,5.053923,15.767982,-0.282855,2.129857,14.02121,0.297225,1.480535,13.078922,-0.8801389999999999,0.821708,13.322115,,,
-0.77303,4.755337,16.447573000000002,-0.049206,4.861379,16.629951000000002,0.020772,4.943818,15.749638000000001,-0.373965,2.114059,13.937660999999999,0.256159,1.456292,13.026371000000001,-0.880295,0.8037340000000001,13.28439,,,
-0.935894,4.695456,16.390815,-0.238044,4.789213,16.585478,-0.12650799999999998,4.859476,15.713358,-0.448139,2.121274,13.844372,0.213529,1.4776200000000002,12.946928,-0.922823,0.769861,13.250944,,,
-1.106407,4.589533,16.373666,-0.40621399999999996,4.687798,16.567597,-0.294581,4.779137,15.697484,-0.542338,2.074609,13.834988000000001,0.167967,1.463617,12.932184,-0.980409,0.781032,13.264915,,,
-1.282774,4.501594,16.350803,-0.581052,4.614819000000001,16.556166,-0.50605,4.728921,15.633691,-0.657502,2.024132,13.789342000000001,0.102701,1.467496,12.917667,-1.016308,0.80288,13.22185,,,
-1.436726,4.458014,16.313579,-0.751317,4.581608,16.447945999999998,-0.616797,4.697221,15.639648999999999,-0.74679,1.98252,13.76924,0.003951,1.483889,12.874349,-1.048108,0.8092189999999999,13.217274,,,
-1.583561,4.407438,16.257419,-0.8954770000000001,4.501098000000001,16.455407,-0.771965,4.624512999999999,15.609879999999999,-0.850864,1.9823509999999998,13.726263000000001,-0.076304,1.47748,12.889062,-1.112056,0.8100649999999999,13.209639000000001,,,
-1.7333029999999998,4.35141,16.260645999999998,-1.040453,4.468242,16.45125,-0.932682,4.569344999999999,15.569129,-0.935834,1.9720099999999998,13.699162,-0.150607,1.491871,12.902157,-1.1667969999999999,0.820903,13.204156,,,
-1.871791,4.3028889999999995,16.212396,-1.186577,4.45865,16.38186,-1.0746,4.522456,15.531245000000002,-1.016068,1.9590319999999999,13.694232999999999,-0.24076199999999998,1.559264,12.812091,-1.22056,0.8344940000000001,13.208163,,,
-2.028177,4.28391,16.125432,-1.3115860000000001,4.387580000000001,16.362125,-1.1972459999999998,4.49704,15.516214999999999,-1.104419,1.9528599999999998,13.695310999999998,-0.324306,1.555243,12.835930000000001,-1.280261,0.8465459999999999,13.235610999999999,,,
-2.12609,4.2633220000000005,16.112978,-1.44789,4.359501,16.340327,-1.310558,4.4765809999999995,15.503392999999999,-1.211164,1.949285,13.673046,-0.37949099999999997,1.6137540000000001,12.792035,-1.3481319999999999,0.8530260000000001,13.222446,,,
-2.238188,4.284821,16.059445999999998,-1.569782,4.347828,16.334068,-1.403341,4.489633,15.463610000000001,-1.340773,1.966796,13.632578,-0.44869,1.646018,12.76573,-1.496345,1.067968,12.861148,,,
-2.363475,4.268382,16.071149,-1.6635790000000001,4.371023999999999,16.256223000000002,-1.529833,4.476928,15.432310000000001,-1.406074,1.962736,13.630695999999999,-0.529408,1.645561,12.785633,-1.533087,1.035026,12.918606,,,
-2.468658,4.244316,16.059207999999998,-1.764245,4.330499,16.27937,-1.624607,4.492697,15.33089,-1.486744,1.9986,13.570844000000001,-0.616534,1.7100119999999999,12.706543,-1.565772,1.083649,12.876363000000001,,,
-2.58725,4.236031,16.034169,-1.856553,4.323831,16.247042999999998,-1.728477,4.432879,15.388573000000001,-1.566922,2.005725,13.560162,-0.720258,1.72403,12.712825,-1.6406330000000002,1.083715,12.855129,,,
-2.669147,4.290233,15.943838000000001,-1.9492509999999998,4.298401999999999,16.260282,-1.813136,4.419601999999999,15.387279000000001,-1.675252,2.040883,13.515974,-0.80365,1.743934,12.69251,-1.716176,1.161836,12.729331,,,
-2.7698509999999996,4.3102339999999995,15.919282999999998,-2.051558,4.3058510000000005,16.246318,-1.913872,4.432608,15.353045000000002,-1.8009119999999998,2.049864,13.512882999999999,-0.892567,1.765365,12.649302,-1.7829599999999999,1.229333,12.648257000000001,,,
-2.823814,4.324934,15.913151000000001,-2.138664,4.389857,16.122001,-2.0106080000000004,4.4469080000000005,15.322813,-1.868357,2.062431,13.492657999999999,-0.967159,1.7598599999999998,12.670744000000001,-1.825504,1.189691,12.667710000000001,,,
-2.923865,4.3452150000000005,15.859903,-2.216501,4.3484620000000005,16.157681,-2.094348,4.485993,15.255760999999998,-1.9603810000000002,2.0677659999999998,13.442017000000002,-1.067509,1.7724119999999999,12.629731,-1.8985849999999997,1.217123,12.624232000000001,,,
-3.049359,4.322952,15.896903,-2.333802,4.350896,16.148629,-2.160503,4.454537999999999,15.306201000000001,-2.030003,2.054944,13.427751999999998,-1.137591,1.80982,12.531201,-1.9638759999999997,1.2055930000000001,12.639574,,,
-3.138075,4.348368,15.850413,-2.402888,4.377133000000001,16.081211,-2.222731,4.459224,15.297822,-2.1110759999999997,2.045442,13.425051000000002,-1.225011,1.7691009999999998,12.616963,-2.029842,1.161741,12.701691,,,
-3.175984,4.356802,15.858343,-2.469826,4.361031,16.120664,-2.317368,4.4657089999999995,15.267756,-2.184941,2.048554,13.413444,-1.289771,1.776344,12.622043,-2.04438,1.155746,12.741565,,,
-3.276398,4.373175,15.832868,-2.522611,4.362906,16.109571,-2.397999,4.454786,15.297832000000001,-2.261634,2.081548,13.378028,-1.349228,1.7856,12.614902,-2.052852,1.1434309999999999,12.773305,,,
-3.342048,4.380578,15.846164000000002,-2.617409,4.380933,16.099553,-2.4357290000000003,4.511622,15.249339,-2.3461950000000003,2.0785549999999997,13.390046,-1.364997,1.823406,12.581442,-2.0603279999999997,1.162695,12.737786999999999,,,
-3.409756,4.4211279999999995,15.829970000000001,-2.676701,4.385211,16.105551000000002,-2.5102130000000002,4.5392209999999995,15.211569,-2.379721,2.086161,13.388698999999999,-1.438805,1.815264,12.617359,-2.1058619999999997,1.1662299999999999,12.726582,,,
-3.482135,4.452771,15.805579999999999,-2.714873,4.399033,16.108683,-2.57193,4.522007,15.242928,-2.420488,2.101652,13.357626999999999,-1.487265,1.839234,12.613380000000001,-2.1870849999999997,1.168102,12.721533,,,
-3.53292,4.468661,15.804042,-2.809695,4.4188160000000005,16.084575,-2.641938,4.509274,15.285354000000002,-2.464359,2.090648,13.368245000000002,-1.539526,1.813077,12.645489,-2.246471,1.283349,12.551014,,,
-3.5941660000000004,4.476542,15.809595999999999,-2.877384,4.414085,16.090034,-2.6721619999999997,4.554289,15.223137,-2.5221150000000003,2.096965,13.354548000000001,-1.56733,1.8456990000000002,12.635297,-2.2688450000000002,1.3017239999999999,12.530803,,,
-3.660036,4.490238,15.817035999999998,-2.9361490000000003,4.3985449999999995,16.135241,-2.7133700000000003,4.554247,15.224720000000001,-2.575776,2.0836650000000003,13.386691,-1.609592,1.881023,12.641952,-2.106007,0.964823,13.006552000000001,,,
-3.723439,4.4755,15.869137,-2.99628,4.427497,16.119225,-2.76562,4.554607,15.279232,-2.5917060000000003,2.1224689999999997,13.364507999999999,-1.614464,1.893388,12.622442,-2.147716,1.001209,12.970905,,,
-3.7439839999999998,4.473038,15.886445000000002,-3.0314490000000003,4.437654,16.112783,-2.814029,4.5611,15.293156,-2.624263,2.1419080000000004,13.334632000000001,-1.648528,1.908262,12.616413,-2.174083,1.0275450000000002,12.948404,,,
-3.8054699999999997,4.517428,15.830272,-3.049115,4.443449,16.131089000000003,-2.872164,4.600872,15.274262,-2.65711,2.130487,13.351851000000002,-1.6546889999999999,1.9115,12.630135000000001,-2.209059,1.0866930000000001,12.864878,,,
-3.8356589999999997,4.517912,15.8439,-3.08563,4.433073,16.142757,-2.8969080000000003,4.6143540000000005,15.274011999999999,-2.6847830000000004,2.153099,13.362381,-1.6710779999999998,1.888459,12.653914,-2.196355,1.076156,12.883506,,,
-3.869583,4.529483,15.8579,-3.128123,4.4448099999999995,16.15311,-2.931173,4.607341,15.292397,-2.705578,2.171684,13.33871,-1.689604,1.9779639999999998,12.624312,-2.226554,1.080833,12.884497999999999,,,
-3.9054559999999996,4.535931,15.874099,-3.1869330000000002,4.441794,16.180664,-2.9635830000000003,4.641529,15.258201999999999,-2.7214080000000003,2.171735,13.32518,-1.6890900000000002,1.982377,12.642524,-2.227637,1.067194,12.896935000000001,,,
-3.952165,4.574639,15.836324,-3.197523,4.436786,16.176416,-2.9955700000000003,4.637606,15.293148,-2.721936,2.151418,13.348389000000001,-1.7070009999999998,1.970818,12.659768,-2.222467,1.060281,12.907672999999999,,,
-3.961617,4.5794120000000005,15.862616000000001,-3.2076599999999997,4.439482,16.187219,-2.9983009999999997,4.615891,15.311871,-2.751656,2.1426790000000002,13.362065,-1.711755,1.9953720000000001,12.648358,-2.229059,1.039519,12.937989,,,
-3.975996,4.564399,15.871201999999998,-3.227032,4.484162,16.178905,-3.027567,4.616931,15.313335,-2.7440130000000003,2.180201,13.399258999999999,-1.7014099999999999,1.98728,12.713712,-2.2397169999999997,1.051634,12.924642,,,
-3.9908620000000004,4.577948999999999,15.885349,-3.262531,4.472597,16.186591,-3.0418279999999998,4.6074470000000005,15.340067999999999,-2.725535,2.191983,13.381339,-1.7171889999999999,1.976489,12.763108,-2.2328959999999998,1.057294,12.912149000000001,,,
-4.012753,4.589138,15.886910999999998,-3.260194,4.477752,16.198412,-3.0606430000000002,4.606580999999999,15.365184,-2.7420259999999996,2.203132,13.375504000000001,-1.722088,1.9681549999999999,12.807647,-2.230756,1.04857,12.920336,,,
-4.027014,4.583198,15.914810000000001,-3.262759,4.4756849999999995,16.215698,-3.059225,4.6271580000000005,15.364678,-2.739125,2.2004,13.400758999999999,-1.7205529999999998,2.016255,12.815,-2.211729,1.049256,12.931795,,,
-4.051145,4.566105,15.932412,-3.282804,4.449234,16.260076,-3.069401,4.635998000000001,15.395093,-2.7414709999999998,2.204677,13.410684,-1.717803,2.0191060000000003,12.84905,-2.182662,1.029066,12.999983,,,
-4.052919,4.5807150000000005,15.932026,-3.296196,4.445373,16.249788,-3.07955,4.627726,15.395304999999999,-2.750741,2.219304,13.408632999999998,-1.7156669999999998,2.067846,12.836064,-2.12969,1.05611,13.0124,,,
-4.042585,4.591294,15.914418,-3.3028410000000004,4.436403,16.259278,-3.062263,4.6202760000000005,15.437191,-2.741835,2.226219,13.409811,-1.707971,2.0633209999999997,12.852568,-2.119089,1.039484,13.031252,,,
-4.0404480000000005,4.579354,15.931498000000001,-3.3049660000000003,4.440999,16.266772,-3.0786759999999997,4.628778,15.432854,-2.739425,2.232645,13.40714,-1.698103,2.086042,12.860108,-2.121454,1.036192,13.034104,,,
-4.038275,4.575035,15.937916,-3.324192,4.415901,16.322759,-3.081108,4.596879,15.475469,-2.730664,2.261896,13.405404,-1.695566,2.060105,12.877222999999999,-2.120875,1.055418,13.026954,,,
-4.034057,4.5762279999999995,15.942127,-3.3309949999999997,4.409028,16.334187,-3.083479,4.613829,15.480667,-2.7251380000000003,2.253978,13.438132999999999,-1.686622,2.069922,12.921218,-2.11924,1.065564,13.037502,,,
-4.058497,4.542922,15.991013,-3.327068,4.39155,16.340675,-3.108413,4.5779559999999995,15.535982,-2.7459740000000004,2.244178,13.479370999999999,-1.675257,2.0459509999999996,12.974998,-2.109419,1.064138,13.03177,,,
-4.071644,4.532799,16.001642,-3.3343730000000003,4.364982,16.368257999999997,-3.101016,4.560711,15.565667000000001,-2.732304,2.2555330000000002,13.454579,-1.649,2.060883,12.999085000000001,-2.105006,1.068998,13.034216,,,
-4.039196,4.536869,16.014407000000002,-3.323178,4.346915,16.385126,-3.1045220000000002,4.524335,15.608445999999999,-2.7399880000000003,2.242464,13.481262,-1.637418,2.090747,13.006433,-2.086202,1.097117,13.007328,,,
-4.073068,4.5012360000000005,16.084301999999997,-3.327894,4.3359239999999994,16.402675,-3.104699,4.528705,15.601384,-2.72918,2.250235,13.477403,-1.6462720000000002,2.07247,13.034680999999999,-2.054439,1.099604,13.016912,,,
-4.082,4.4923,16.099154000000002,-3.3196660000000002,4.280929,16.457457,-3.109611,4.51719,15.633799,-2.722611,2.273866,13.476291,-1.603113,2.094513,13.005674,-2.044926,1.106865,13.009666000000001,,,
-4.088132,4.488626999999999,16.096698,-3.3077099999999997,4.2653300000000005,16.460645,-3.102605,4.53415,15.627773999999999,-2.724504,2.282061,13.468732999999999,-1.589193,2.1234330000000003,12.990945,-2.0321580000000004,1.116563,12.986056,,,
-4.068183,4.500204,16.085948000000002,-3.3163660000000004,4.231639,16.513742999999998,-3.09884,4.515217,15.635245999999999,-2.7345900000000003,2.271618,13.485497,-1.5982100000000001,2.118816,13.007791000000001,-2.0424,1.118584,12.972907000000001,,,
-4.056816,4.471944000000001,16.111974,-3.3226139999999997,4.22982,16.527054999999997,-3.102522,4.510111,15.639603,-2.718322,2.257372,13.506758999999999,-1.5932520000000001,2.0965830000000003,13.077388000000001,-2.031943,1.082162,13.017773,,,
-4.06536,4.458769,16.123856,-3.33028,4.263426,16.470828,-3.091139,4.495894,15.659525,-2.725263,2.249607,13.519984,-1.596076,2.088753,13.080433,-2.022722,1.084293,13.034939999999999,,,
-4.0464,4.4576139999999995,16.107113000000002,-3.317858,4.240345,16.495857,-3.086795,4.438313,15.709857000000001,-2.726722,2.243607,13.520141,-1.595217,2.092323,13.08033,-2.01585,1.0594270000000001,13.067585000000001,,,
-4.054944,4.444437000000001,16.118996,-3.3110559999999998,4.207037000000001,16.52645,-3.077591,4.44269,15.691554,-2.719582,2.2159720000000003,13.555254000000001,-1.582874,2.078336,13.119163,-2.002225,1.070768,13.042547,,,
-4.056953,4.446556,16.110521,-3.316385,4.218116,16.506474,-3.0821680000000002,4.4287540000000005,15.703098,-2.714476,2.23697,13.554712,-1.576271,2.073127,13.138532000000001,-2.001306,1.041862,13.086302,,,
-4.038682,4.455845,16.087201999999998,-3.313826,4.2076970000000005,16.506781,-3.083021,4.421368,15.700498000000001,-2.7160830000000002,2.244278,13.564529,-1.5750709999999999,2.080228,13.120791,-1.995054,1.048604,13.084583,,,
-4.041993,4.419752,16.131228,-3.29322,4.213294,16.474498999999998,-3.072243,4.419398,15.701941,-2.701036,2.236183,13.557922,-1.577893,2.082576,13.147592999999999,-1.9842419999999998,1.067725,13.079744999999999,,,
-4.076493,4.152969000000001,16.543169,-3.278075,4.240149,16.440407999999998,-3.057554,4.394654,15.710889000000002,-2.5930880000000003,2.320547,13.621307999999999,-1.426356,2.02245,13.089699000000001,,,,,,
-4.072118,4.146783,16.54583,-3.273726,4.234496,16.443547,-3.096827,4.265526,15.787438,-2.5906599999999997,2.318881,13.624784,-1.421767,2.020463,13.094594,,,,,,
-4.067022,4.1407169999999995,16.546997,-3.26847,4.229763,16.445159,-3.143543,4.304966,15.563687,-2.5869880000000003,2.3159419999999997,13.631226000000002,-1.415994,2.01808,13.09999,,,,,,
-4.061065,4.135733999999999,16.550132,-3.262887,4.222852,16.451326,-3.126289,4.279625,15.601965,-2.585041,2.3147990000000003,13.632720999999998,-1.4121299999999999,2.016321,13.103425,,,,,,
-4.041537,4.107627,16.598997,-3.2408650000000003,4.191403,16.502566,-3.12018,4.276346,15.602521,-2.5802509999999996,2.3134419999999998,13.634214000000002,-1.404046,2.00679,13.119226000000001,,,,,,
-4.034825,4.107055,16.59652,-3.235068,4.189933,16.501586,-3.114882,4.275382,15.599553,-2.576012,2.313272,13.637645999999998,-1.400966,2.005923,13.125105,,,,,,
-4.029026,4.1055660000000005,16.595566,-3.229232,4.18794,16.500123000000002,-3.1091029999999997,4.273917,15.598576999999999,-2.571637,2.310462,13.642616,-1.396715,2.005777,13.12849,,,,,,
-4.023186,4.103559,16.594119,-3.223435,4.18647,16.499143,-3.101859,4.271826,15.597117,-2.566652,2.309907,13.644086999999999,-1.392124,2.003789,13.133385,,,,,,
-4.015409,4.105221,16.590584,-3.215671,4.1881580000000005,16.495568,-3.0939259999999997,4.274655999999999,15.59056,-2.553395,2.294304,13.670936,-1.387829,2.003133,13.136282999999999,,,,,,
-4.008697,4.1046510000000005,16.588106,-3.209488,4.188636,16.491533999999998,-3.086338,4.275026,15.586551,-2.549544,2.2925299999999997,13.674412,-1.383932,2.001015,13.142648000000001,,,,,,
-4.000961,4.106833,16.585062,-3.201046,4.1909730000000005,16.486936,-3.0781560000000003,4.276731,15.585476000000002,-2.54351,2.294222,13.674852,-1.377905,2.002743,13.143041,,,,,,
-3.96604,4.135730000000001,16.536371,-3.168023,4.217473,16.437101000000002,-3.047485,4.300234,15.539573999999998,-2.537866,2.29431,13.675335999999998,-1.3736540000000002,2.002598,13.146425,,,,,,
-3.960171,4.136598,16.536862,-3.162193,4.21889,16.438032,-3.041112,4.3001059999999995,15.541529,-2.5327290000000002,2.295071,13.677271,-1.369699,2.003784,13.147812,,,,,,
-3.9558940000000002,4.13591,16.539881,-3.158582,4.217925,16.439042999999998,-3.037068,4.299167,15.545004,-2.528225,2.29504,13.67676,-1.365505,2.005267,13.148685,,,,,,
-3.9497910000000003,4.137055999999999,16.539854000000002,-3.152483,4.219091000000001,16.438984,-3.030464,4.299309,15.546460999999999,-2.522386,2.295931,13.677221,-1.3601290000000001,2.006355,13.15006,,,,,,
-3.9457470000000003,4.136091,16.543389,-3.147852,4.220887,16.439413000000002,-3.0255549999999998,4.2998080000000005,15.548898999999999,-2.517598,2.298895,13.674692000000002,-1.356365,2.010702,13.150395999999999,,,,,,
-3.9407900000000002,4.136042,16.545403,-3.142851,4.220339,16.440903,-3.0198549999999997,4.2990330000000005,15.551870999999998,-2.513182,2.299892,13.675154000000001,-1.351566,2.0133360000000002,13.150772,,,,,,
-3.9348,4.133936,16.550473,-3.1375599999999997,4.2181370000000005,16.447432,-3.0133810000000003,4.296469,15.558844,-2.508721,2.300375,13.675127999999999,-1.34826,2.013884,13.153141,,,,,,
-3.931079,4.134797,16.552453,-3.13312,4.219138,16.447882,-3.007428,4.294926,15.564305,-2.504786,2.301895,13.673607999999998,-1.339278,2.031022,13.148157999999999,,,,,,
-3.924612,4.133598999999999,16.553489000000003,-3.126459,4.218757,16.448862,-2.988459,4.2726370000000005,15.603964000000001,-2.4910349999999997,2.314167,13.656120000000001,-1.333978,2.032979,13.147089999999999,,,,,,
-3.918428,4.13229,16.558532999999997,-3.119545,4.217601,16.452355999999998,-2.983509,4.272615,15.605922,-2.486054,2.317933,13.653569000000001,-1.305173,2.064347,13.105512,,,,,,
-3.899547,4.10872,16.601759,-3.0987669999999996,4.187588,16.504038,-2.97848,4.2719059999999995,15.603928,-2.482641,2.31617,13.654573999999998,-1.302525,2.063343,13.105514999999999,,,,,,
-3.892926,4.10884,16.603259,-3.0928560000000003,4.187962000000001,16.503999,-2.972397,4.273072,15.603869,-2.480323,2.316995,13.653077,-1.299683,2.0631470000000003,13.105492,,,,,,
-3.8872480000000005,4.108912999999999,16.603773,-3.087469,4.189363,16.502434,-2.966314,4.2745940000000004,15.600817999999999,-2.476626,2.318228,13.652064999999999,-1.297772,2.0625240000000002,13.107451999999999,,,,,,
-3.880314,4.113437,16.597145,-3.08042,4.191288,16.497348000000002,-2.959327,4.277035,15.59625,-2.473588,2.318818,13.65204,-1.294043,2.063263,13.105933,,,,,,
-3.874363,4.113269,16.596649,-3.074087,4.1930879999999995,16.493769,-2.9533560000000003,4.276366,15.59525,-2.469848,2.319537,13.650541,-1.2913940000000002,2.0622599999999998,13.105935,,,,,,
-3.866193,4.116884,16.590053,-3.067038,4.195012999999999,16.488682999999998,-2.9459880000000003,4.280745,15.587651999999999,-2.466634,2.3212919999999997,13.647548,-1.288745,2.061256,13.105938,,,,,,
-3.8598470000000002,4.118664,16.586504,-3.060474,4.197442,16.481589000000003,-2.938593,4.280329,15.583654000000001,-2.463221,2.31953,13.648551999999999,-1.286257,2.0590889999999997,13.108894,,,,,,
-3.850766,4.123197,16.578383,-3.053465,4.199891,16.476987,-2.909079,4.302669,15.539729000000001,-2.461316,2.318902,13.650530999999999,-1.284302,2.0579560000000003,13.110366,,,,,,
-3.81852,4.148676999999999,16.530242,-3.022627,4.2224580000000005,16.429736,-2.903784,4.301709,15.536756,-2.4579470000000003,2.317654,13.652022,-1.280882,2.0562150000000003,13.11134,,,,,,
-3.812329,4.149141,16.526228,-3.017687,4.22384,16.425679000000002,-2.898567,4.301794,15.534742000000001,-2.4541630000000003,2.317859,13.650037,-1.27804,2.056019,13.111316,,,,,,
-3.808872,4.146852,16.526784,-3.0135110000000003,4.221686,16.42472,-2.894175,4.299917,15.533285999999999,-2.450987,2.31581,13.65155,-1.27521,2.0520099999999997,13.115782999999999,,,,,,
-3.8058919999999996,4.145073,16.525320999999998,-3.009821,4.219678,16.424761,-2.889782,4.29804,15.53183,-2.446915,2.314691,13.651566,-1.271982,2.049462,13.116782,,,,,,
-3.8017160000000003,4.142905000000001,16.524379,-3.005302,4.219994,16.421232,-2.885468,4.297208,15.531332,-2.443739,2.312642,13.653079,-1.268843,2.047935,13.118756,,,,,,
-3.7968290000000002,4.140505999999999,16.524939,-3.00124,4.215643,16.422335999999998,-2.881456,4.293393,15.532903,-2.4403259999999998,2.31088,13.654082999999998,-1.265467,2.046704,13.120216000000001,,,,,,
-3.79535,4.136483999999999,16.522023,-2.998749,4.2143690000000005,16.418868,-2.8776990000000002,4.290703,15.528996,-2.4365799999999997,2.30728,13.656604000000002,-1.259195,2.0367830000000002,13.133076,,,,,,
-3.791374,4.133167,16.524106,-2.9955540000000003,4.2036940000000005,16.406696,-2.874669,4.282127,15.518841,-2.43336,2.304716,13.65763,-1.255433,2.0332,13.135558999999999,,,,,,
-3.786165,4.130361,16.520167,-2.992053,4.201249,16.403751,-2.8704669999999997,4.279461,15.517401999999999,-2.428236,2.301525,13.660635000000001,-1.252249,2.0311619999999997,13.137046,,,,,,
-3.78329,4.122452,16.503773000000002,-2.989521,4.199455,16.399798,-2.866938,4.276147,15.516981,-2.416689,2.287723,13.682525,-1.247451,2.029833,13.138494,,,,,,
-3.778839,4.120046,16.501820000000002,-2.983726,4.197993,16.398809,-2.862316,4.274898,15.512034,-2.413093,2.2828060000000003,13.684582,-1.244372,2.025968,13.139032,,,,,,
-3.7746150000000003,4.117711,16.49739,-2.980225,4.1955480000000005,16.395864000000003,-2.857631,4.271732,15.512585000000001,-2.410399,2.281279,13.684114000000001,-1.240461,2.023702,13.141976999999999,,,,,,
-3.770398,4.115025,16.495956,-2.97601,4.192874,16.394419,-2.852945,4.268566000000001,15.513136,-2.406326,2.280161,13.684129,-1.237811,2.0226990000000002,13.141978,,,,,,
-3.7657879999999997,4.114286,16.491471,-2.971834,4.190721,16.393458,-2.848554,4.267047,15.508688000000001,-2.403105,2.277597,13.685156,-1.234583,2.020151,13.142978,,,,,,
-3.760986,4.114345,16.486959,-2.9677599999999997,4.191019,16.387438,-2.8437810000000003,4.267111,15.504202,-2.398945,2.27545,13.684199,-1.229696,2.017802,13.143451,,,,,,
-3.75685,4.112697,16.486507999999997,-2.962718,4.190309,16.385432,-2.838193,4.264864,15.503235,-2.3948720000000003,2.2743330000000004,13.684214,-1.227239,2.015992,13.143479000000001,,,,,,
-3.753304,4.109724,16.483081,-2.958694,4.186839,16.38401,-2.822207,4.237559,15.543497,-2.391044,2.274025,13.68174,-1.222693,2.015485,13.142442,,,,,,
-3.7469129999999997,4.111339,16.476043,-2.9518400000000002,4.187973,16.378947,-2.816532,4.238543,15.537491000000001,-2.387455,2.27343,13.679773999999998,-1.2186219999999999,2.014384,13.14243,,,,,,
-3.74079,4.108034,16.476632000000002,-2.946425,4.184921,16.378003,-2.810858,4.239883,15.528495000000001,-2.384234,2.270866,13.6808,-1.217553,2.008347,13.146476000000002,,,,,,
-3.7197760000000004,4.086423,16.512756,-2.925825,4.1555290000000005,16.423629000000002,-2.807218,4.23876,15.526024,-2.379923,2.270036,13.680306,-1.2137790000000002,2.008578,13.144467,,,,,,
-3.690286,4.109521,16.466191000000002,-2.921791,4.15635,16.41809,-2.803426,4.238951,15.524013,-2.3768599999999998,2.2704779999999998,13.676846,-1.2109370000000002,2.0083830000000003,13.144442000000002,,,,,,
-3.6865879999999995,4.107865,16.463228,-2.892117,4.178101,16.369867000000003,-2.798132,4.238351000000001,15.518046,-2.374209,2.269466,13.676863,-1.208435,2.006063,13.143982000000001,,,,,,
-3.683841,4.10581,16.46228,-2.889371,4.176054,16.368910999999997,-2.774889,4.253952,15.477804999999998,-2.370576,2.268357,13.67441,-1.198921,2.0131740000000002,13.135867000000001,,,,,,
-3.682132,4.105811,16.458278,-2.8878630000000003,4.175262,16.364931,-2.771963,4.2530589999999995,15.473842999999999,-2.367687,2.267632,13.673919,-1.1655440000000001,2.051332,13.08717,,,,,,
-3.6802949999999996,4.102837999999999,16.458853,-2.885831,4.173088,16.365481,-2.769936,4.2508919999999994,15.474385999999999,-2.363008,2.268771,13.670434,-1.162851,2.04982,13.086683,,,,,,
-3.67826,4.101013,16.456405,-2.8839900000000003,4.170475,16.363047,-2.76701,4.249999,15.470424,-2.347959,2.283443,13.647955,-1.160851,2.048178,13.087667,,,,,,
-3.675839,4.100784,16.453903,-2.881616,4.170771,16.361028,-2.764796,4.24898,15.46796,-2.345072,2.282718,13.647463,-1.158736,2.0482110000000002,13.086183,,,,,,
-3.6750800000000003,4.100386,16.451915,-2.880109,4.169979,16.357049,-2.764045,4.248585,15.465982,-2.341288,2.282926,13.645475,-1.155805,2.046996,13.085184,,,,,,
-3.673436,4.096614,16.452517,-2.8782669999999997,4.167009999999999,16.357620999999998,-2.761982,4.246253,15.463057999999998,-2.339121,2.282437,13.643510999999998,-1.154042,2.045058,13.08668,,,,,,
-3.671926,4.095467,16.451538,-2.87676,4.165862000000001,16.356648,-2.7599549999999997,4.244086,15.463601,-2.336233,2.281713,13.643019,-1.1522350000000001,2.042609,13.08769,,,,,,
-3.67076,4.092206,16.450121,-2.876348,4.163353,16.354221,-2.758645,4.242504,15.459665,-2.334811,2.2816080000000003,13.643016000000001,-1.151305,2.043036,13.085707000000001,,,,,,
-3.66929,4.091578,16.449633,-2.873974,4.1636489999999995,16.352202,-2.757853,4.241232,15.460197,-2.3326439999999997,2.281118,13.641053,-1.148462,2.042841,13.08568,,,,,,
-3.668876,4.089065,16.447209,-2.873411,4.162457,16.350236,-2.756391,4.240964,15.456722000000001,-2.330695,2.279977,13.642544000000001,-1.147541,2.039455,13.088187,,,,,,
-3.6675989999999996,4.087638,16.446748,-2.872999,4.159592,16.350814,-2.752424,4.23874,15.449801999999998,-2.328904,2.2818400000000003,13.63955,-1.146655,2.040393,13.086689999999999,,,,,,
-3.6675169999999997,4.086601,16.445764999999998,-2.872246,4.159196,16.348824,-2.7524330000000004,4.234822,15.450888,-2.328334,2.28029,13.640557999999999,-1.14519,2.0397849999999997,13.08619,,,,,,
-3.6660480000000004,4.085973,16.445276999999997,-2.870968,4.157775,16.348357,-2.7516830000000003,4.234426999999999,15.448910999999999,-2.326912,2.280185,13.640554999999999,-1.143961,2.038881,13.086203,,,,,,
-3.6659599999999997,4.085287,16.441299,-2.870214,4.157379,16.346368,-2.750854,4.23299,15.445975,-2.326167,2.2798,13.638594,-1.143427,2.037847,13.087686,,,,,,
-3.665634,4.08346,16.442853,-2.8698799999999998,4.155558,16.347913000000002,-2.7505599999999997,4.231698000000001,15.447982000000001,-2.32564,2.278764,13.640088,-1.142892,2.036812,13.08917,,,,,,
-3.665027,4.081745,16.440401,-2.869239,4.153322,16.344979000000002,-2.749922,4.229469,15.445065,-2.324174,2.278145,13.639598999999999,-1.141917,2.0367290000000002,13.0867,,,,,,
-3.6643160000000004,4.0815150000000004,16.441901,-2.869239,4.153322,16.344979000000002,-2.749021,4.230387,15.443548000000002,-2.323279,2.279076,13.638101999999998,-1.1416190000000002,2.035398,13.088696,,,,,,
-3.664386,4.079162,16.440453,-2.86916,4.152278,16.344013,-2.749844,4.228426,15.444106,-2.323323,2.279591,13.638588,-1.140733,2.036335,13.087199,,,,,,
-3.6647309999999997,4.077047,16.440016,-2.869502,4.150164,16.343575,-2.748761,4.226218,15.443657,-2.323429,2.27776,13.637639000000002,-1.1417680000000001,2.034081,13.088236,,,,,,
-3.66382,4.077965,16.438492999999998,-2.866796,4.1493519999999995,16.33709,-2.74782,4.226615,15.441660999999998,-2.322384,2.280008,13.636606,-1.1417680000000001,2.034081,13.088236,,,,,,
-3.6639720000000002,4.076649,16.438028,-2.866796,4.1493519999999995,16.33709,-2.7477810000000003,4.226094,15.441182000000001,-2.322911,2.281045,13.635112,-1.141224,2.036859,13.085230000000001,,,,,,
-3.663739,4.076929,16.437509,-2.866232,4.147804,16.338129000000002,-2.7477419999999997,4.2255720000000005,15.440701999999998,-2.323473,2.278275,13.638124,-1.1420649999999999,2.035412,13.08624,,,,,,
-3.6637980000000003,4.073505,16.439118,-2.866574,4.145691,16.337691,-2.748123,4.223987999999999,15.44074,-2.323473,2.278275,13.638124,-1.142303,2.0351150000000002,13.086752,,,,,,
-3.663757,4.072987,16.438626,-2.86586,4.145817,16.336185,-2.748084,4.223466999999999,15.440260999999998,-2.3238060000000003,2.280113,13.636609,-1.142837,2.036149,13.085269,,,,,,
-3.66395,4.072189,16.438653,-2.86605,4.145022,16.336207,-2.7482740000000003,4.222675,15.44028,-2.3253779999999997,2.278902,13.636148,-1.142793,2.0356389999999998,13.084782,,,,,,
-3.663909,4.071671,16.438162,-2.866726,4.144373000000001,16.337229999999998,-2.7482349999999998,4.222154,15.4398,-2.325422,2.279416,13.636633999999999,-1.1433719999999998,2.037184,13.083786,,,,,,
-3.664621,4.071901,16.436662,-2.866955,4.1441,16.337736,-2.749176,4.221757,15.441795999999998,-2.325905,2.279938,13.634654000000001,-1.1441,2.037411,13.082328,,,,,,
-3.6641019999999997,4.0708720000000005,16.438189,-2.867107,4.142782,16.337275,-2.747941,4.220862,15.441807999999998,-2.326432,2.280975,13.63316,-1.144986,2.036474,13.083825,,,,,,
-3.665683,4.069666000000001,16.437721,-2.8676310000000003,4.143808,16.335753,-2.74891,4.221862000000001,15.437829999999998,-2.3268,2.279007,13.636151000000002,-1.144942,2.035964,13.083338000000001,,,,,,
-3.665006,4.070304,16.436717,-2.8678220000000003,4.143012000000001,16.335776,-2.74914,4.221591,15.438328,-2.327739,2.2785889999999998,13.638132999999998,-1.1453280000000001,2.0383150000000003,13.082316,,,,,,
-3.6651230000000004,4.068119,16.438756,-2.867029,4.141737,16.336309,-2.7483869999999997,4.22084,15.43934,-2.329161,2.2786939999999998,13.638136,-1.146407,2.036571,13.083838,,,,,,
-3.665683,4.069666000000001,16.437721,-2.867258,4.141464,16.336814999999998,-2.749288,4.219922,15.440856,-2.3283099999999997,2.2801400000000003,13.637125,-1.146259,2.037888,13.084299,,,,,,
-3.6667449999999997,4.067431,16.438779,-2.867973,4.141694,16.335314999999998,-2.750002,4.220151,15.439366,-2.329494,2.280532,13.636621,-1.146601,2.039729,13.082789,,,,,,
-3.6671300000000002,4.065834,16.438834,-2.868878,4.140772,16.336844,-2.749669,4.218338,15.440894,-2.329494,2.280532,13.636621,-1.146749,2.038412,13.082329,,,,,,
-3.665875,4.068868,16.437748000000003,-2.868878,4.140772,16.336844,-2.7510939999999997,4.218441,15.440901,-2.330433,2.2801150000000003,13.638603,-1.1473280000000001,2.039957,13.081332000000002,,,,,,
-3.6676900000000003,4.067381,16.437799,-2.868878,4.140772,16.336844,-2.7510939999999997,4.218441,15.440901,-2.330433,2.2801150000000003,13.638603,-1.146601,2.039729,13.082789,,,,,,
-3.667649,4.066863,16.437307,-2.8690689999999996,4.139977,16.336866,-2.7512849999999998,4.217649,15.440920000000002,-2.3309599999999997,2.281151,13.637108999999999,-1.146943,2.041571,13.08128,,,,,,
-3.6684069999999998,4.067261,16.439294,-2.869974,4.139055,16.338395000000002,-2.751996,4.217523,15.442418,-2.331855,2.28022,13.638606,-1.147873,2.041144,13.083263,,,,,,
-3.6688400000000003,4.065832,16.442836,-2.870879,4.138133,16.339924,-2.751996,4.217523,15.442418,-2.332794,2.279802,13.640589000000002,-1.148408,2.042178,13.08178,,,,,,
-3.6685589999999997,4.065944,16.43883,-2.869935,4.138533,16.337912,-2.752632,4.216709,15.439969,-2.3333209999999998,2.280839,13.639095000000001,-1.148215,2.042985,13.081752999999999,,,,,,
-3.6689849999999997,4.064866,16.439376,-2.871594,4.138363,16.338424,-2.7529,4.21696,15.440945999999999,-2.3333209999999998,2.280839,13.639095000000001,-1.149294,2.041241,13.083276,,,,,,
-3.6697029999999997,4.0647459999999995,16.440870999999998,-2.871785,4.137568,16.338445999999998,-2.753802,4.216042,15.442463,-2.333496,2.279672,13.642064000000001,-1.148611,2.0415240000000003,13.08522,,,,,,
-3.6705730000000005,4.063308999999999,16.441903,-2.871555,4.137841000000001,16.337941,-2.7530490000000003,4.215291000000001,15.443473999999998,-2.3333209999999998,2.280839,13.639095000000001,-1.149146,2.042558,13.083736,,,,,,
-3.670374,4.064458,16.438879999999997,-2.8724990000000004,4.137441,16.339953,-2.753802,4.216042,15.442463,-2.333127,2.281641,13.639073000000002,-1.149146,2.042558,13.083736,,,,,,
-3.67115,4.060914,16.441983999999998,-2.872841,4.1353279999999994,16.339515,-2.7539540000000002,4.214728,15.442001999999999,-2.334066,2.281223,13.641055999999999,-1.149146,2.042558,13.083736,,,,,,
-3.6709980000000004,4.062231,16.442449,-2.87288,4.13585,16.339998,-2.7547040000000003,4.215123,15.443979999999998,-2.333539,2.2801869999999997,13.64255,-1.149146,2.042558,13.083736,,,,,,
-3.672428,4.062341,16.442445000000003,-2.87288,4.13585,16.339998,-2.755379,4.214830999999999,15.442008999999999,-2.334066,2.281223,13.641055999999999,-1.1489969999999998,2.043875,13.084197,,,,,,
-3.6715169999999997,4.0632589999999995,16.440922,-2.87288,4.13585,16.339998,-2.755379,4.214830999999999,15.442008999999999,-2.334961,2.2802919999999998,13.642553,-1.1489969999999998,2.043875,13.084197,,,,,,
-3.6726199999999998,4.061543,16.442472,-2.87431,4.135954,16.340004,-2.75632,4.214434,15.444006,-2.334918,2.279777,13.642067,-1.14876,2.044173,13.083684,,,,,,
-3.6726199999999998,4.061543,16.442472,-2.873786,4.1349279999999995,16.341527,-2.7548939999999997,4.214331,15.443998,-2.3354880000000002,2.281328,13.641059,-1.150076,2.042131,13.08572,,,,,,
-3.6737230000000003,4.059826,16.444022,-2.8752150000000003,4.135032,16.341533,-2.75632,4.214434,15.444006,-2.333583,2.2807009999999996,13.643035000000001,-1.148507,2.043351,13.086167,,,,,,
-3.6725790000000003,4.061024,16.441979999999997,-2.87431,4.135954,16.340004,-2.75628,4.213913,15.443526,-2.333389,2.281503,13.643014,-1.148121,2.0449650000000004,13.086114,,,,,,
-3.672772,4.060226,16.442007999999998,-2.8745,4.1351580000000006,16.340027,-2.755608,4.214561,15.442507999999998,-2.334961,2.2802919999999998,13.642553,-1.1488040000000002,2.044683,13.084171000000001,,,,,,
-3.673571,4.061143,16.444485999999998,-2.8754060000000004,4.1342360000000005,16.341555,-2.75651,4.213642,15.444023999999999,-2.334961,2.2802919999999998,13.642553,-1.1483139999999998,2.0441580000000004,13.086141,,,,,,
-3.6739559999999996,4.059546,16.444541,-2.874015,4.134655,16.342032,-2.75651,4.213642,15.444023999999999,-2.334478,2.279769,13.644532,-1.148077,2.044455,13.085628,,,,,,
-3.674435,4.060055999999999,16.442522,-2.8754060000000004,4.1342360000000005,16.341555,-2.75651,4.213642,15.444023999999999,-2.334478,2.279769,13.644532,-1.1492,2.043221,13.087636999999999,,,,,,
-3.674435,4.060055999999999,16.442522,-2.8754060000000004,4.1342360000000005,16.341555,-2.757412,4.212724,15.445541,-2.334811,2.2816080000000003,13.643016000000001,-1.148121,2.0449650000000004,13.086114,,,,,,
-3.6751120000000004,4.059418,16.443527,-2.8754060000000004,4.1342360000000005,16.341555,-2.757412,4.212724,15.445541,-2.334522,2.280284,13.645017999999999,-1.148166,2.045475,13.086601,,,,,,
-3.6751519999999998,4.059936,16.444018,-2.8754060000000004,4.1342360000000005,16.341555,-2.75651,4.213642,15.444023999999999,-2.334478,2.279769,13.644532,-1.1483139999999998,2.0441580000000004,13.086141,,,,,,
-3.67496,4.060734,16.443991,-2.876311,4.133314,16.343084,-2.757412,4.212724,15.445541,-2.3343279999999997,2.281085,13.644995999999999,-1.148166,2.045475,13.086601,,,,,,
-3.6737230000000003,4.059826,16.444022,-2.8754060000000004,4.1342360000000005,16.341555,-2.7567009999999996,4.21285,15.444042999999999,-2.334478,2.279769,13.644532,-1.148121,2.0449650000000004,13.086114,,,,,,
-3.6737230000000003,4.059826,16.444022,-2.8754060000000004,4.1342360000000005,16.341555,-2.757412,4.212724,15.445541,-2.334522,2.280284,13.645017999999999,-1.148121,2.0449650000000004,13.086114,,,,,,
-3.674919,4.0602160000000005,16.443499,-2.8754060000000004,4.1342360000000005,16.341555,-2.756471,4.213121,15.443545,-2.334811,2.2816080000000003,13.643016000000001,-1.147928,2.045773,13.086088,,,,,,
-3.6744410000000003,4.059705999999999,16.445518,-2.875557,4.132918,16.341095000000003,-2.757563,4.21141,15.445079999999999,-2.3354169999999996,2.279352,13.646514999999999,-1.1476309999999998,2.044441,13.088084,,,,,,
-3.673571,4.061143,16.444485999999998,-2.8754060000000004,4.1342360000000005,16.341555,-2.75651,4.213642,15.444023999999999,-2.333583,2.2807009999999996,13.643035000000001,-1.146744,2.045378,13.086588,,,,,,
-3.674009,4.061134,16.441976,-2.8754060000000004,4.1342360000000005,16.341555,-2.757373,4.212202,15.445062,-2.333583,2.2807009999999996,13.643035000000001,-1.1467,2.044868,13.086101,,,,,,
-3.6737230000000003,4.059826,16.444022,-2.874652,4.13384,16.339566,-2.756622,4.211807,15.443083999999999,-2.334478,2.279769,13.644532,-1.1483139999999998,2.0441580000000004,13.086141,,,,,,
-3.6751519999999998,4.059936,16.444018,-2.875445,4.134759,16.342039,-2.7567009999999996,4.21285,15.444042999999999,-2.334522,2.280284,13.645017999999999,-1.148166,2.045475,13.086601,,,,,,
-3.673875,4.058509,16.443558,-2.8748419999999997,4.133045,16.339588,-2.7566610000000003,4.212329,15.443564000000002,-2.333951,2.2787330000000003,13.646026,-1.147586,2.043931,13.087598,,,,,,
-3.673875,4.058509,16.443558,-2.875596,4.133441,16.341578,-2.757373,4.212202,15.445062,-2.334284,2.280571,13.64451,-1.1467,2.044868,13.086101,,,,,,
-3.673682,4.0593069999999996,16.44353,-2.8754060000000004,4.1342360000000005,16.341555,-2.756471,4.213121,15.443545,-2.333583,2.2807009999999996,13.643035000000001,-1.146937,2.044571,13.086613999999999,,,,,,
-3.6735309999999997,4.060624,16.443995,-2.8754060000000004,4.1342360000000005,16.341555,-2.75651,4.213642,15.444023999999999,-2.334478,2.279769,13.644532,-1.1470420000000001,2.046709,13.084592,,,,,,
-3.6737230000000003,4.059826,16.444022,-2.875596,4.133441,16.341578,-2.7566610000000003,4.212329,15.443564000000002,-2.333583,2.2807009999999996,13.643035000000001,-1.146893,2.044061,13.086127000000001,,,,,,
-3.673875,4.058509,16.443558,-2.875366,4.133714,16.341072,-2.7566610000000003,4.212329,15.443564000000002,-2.333583,2.2807009999999996,13.643035000000001,-1.1467,2.044868,13.086101,,,,,,
-3.6737230000000003,4.059826,16.444022,-2.8748810000000002,4.13321,16.343078,-2.757412,4.212724,15.445541,-2.333056,2.279664,13.644529,-1.1467,2.044868,13.086101,,,,,,
-3.67349,4.060105999999999,16.443503,-2.874461,4.134636,16.339543,-2.756471,4.213121,15.443545,-2.333056,2.279664,13.644529,-1.1467,2.044868,13.086101,,,,,,
-3.6735309999999997,4.060624,16.443995,-2.8754060000000004,4.1342360000000005,16.341555,-2.756471,4.213121,15.443545,-2.334478,2.279769,13.644532,-1.146507,2.045675,13.086075,,,,,,
-3.6734489999999997,4.0595870000000005,16.443012,-2.8748419999999997,4.132688,16.342595000000003,-2.7564319999999998,4.212599,15.443066,-2.333012,2.27915,13.644044000000001,-1.146656,2.0443580000000003,13.085614999999999,,,,,,
-3.6728650000000003,4.062333,16.439935000000002,-2.874422,4.134114,16.33906,-2.756622,4.211807,15.443083999999999,-2.334478,2.279769,13.644532,-1.1467,2.044868,13.086101,,,,,,
-3.673682,4.0593069999999996,16.44353,-2.874652,4.13384,16.339566,-2.7559869999999997,4.2126209999999995,15.445534,-2.333056,2.279664,13.644529,-1.146893,2.044061,13.086127000000001,,,,,,
-3.6730050000000003,4.059946,16.442526,-2.874691,4.134363,16.340049,-2.7567009999999996,4.21285,15.444042999999999,-2.333539,2.2801869999999997,13.64255,-1.146121,2.043324,13.087098,,,,,,
-3.673834,4.057991,16.443066,-2.875327,4.133192,16.340589,-2.7564319999999998,4.212599,15.443066,-2.333583,2.2807009999999996,13.643035000000001,-1.1467,2.044868,13.086101,,,,,,
-3.6727309999999997,4.0597080000000005,16.441516,-2.874128,4.132815,16.341088,-2.756138,4.211307,15.445073,-2.333539,2.2801869999999997,13.64255,-1.1457700000000002,2.045295,13.084118,,,,,,
-3.6736419999999996,4.058789,16.443039000000002,-2.874652,4.13384,16.339566,-2.756622,4.211807,15.443083999999999,-2.3346720000000003,2.2789669999999997,13.644554000000001,-1.1467,2.044868,13.086101,,,,,,
-3.673204,4.058797,16.445549,-2.874167,4.133337,16.341571,-2.756138,4.211307,15.445073,-2.333539,2.2801869999999997,13.64255,-1.146849,2.043551,13.085641,,,,,,
-3.6736419999999996,4.058789,16.443039000000002,-2.8739369999999997,4.13361,16.341066,-2.7564319999999998,4.212599,15.443066,-2.334629,2.278453,13.644067999999999,-1.146893,2.044061,13.086127000000001,,,,,,
-3.672772,4.060226,16.442007999999998,-2.874691,4.134363,16.340049,-2.7566610000000003,4.212329,15.443564000000002,-2.333733,2.279385,13.642572,-1.147383,2.0445849999999997,13.084157000000001,,,,,,
-3.67325,4.060736,16.439989,-2.874652,4.13384,16.339566,-2.75576,4.213247,15.442047,-2.334435,2.279255,13.644047,-1.146507,2.045675,13.086075,,,,,,
-3.6725790000000003,4.061024,16.441979999999997,-2.874461,4.134636,16.339543,-2.756471,4.213121,15.443545,-2.333583,2.2807009999999996,13.643035000000001,-1.1467,2.044868,13.086101,,,,,,
-3.673875,4.058509,16.443558,-2.8739369999999997,4.13361,16.341066,-2.755948,4.212098999999999,15.445054,-2.333777,2.2798990000000003,13.643057,-1.1467,2.044868,13.086101,,,,,,
-3.673834,4.057991,16.443066,-2.874613,4.133318,16.339083,-2.756622,4.211807,15.443083999999999,-2.333733,2.279385,13.642572,-1.147383,2.0445849999999997,13.084157000000001,,,,,,
-3.6736419999999996,4.058789,16.443039000000002,-2.874461,4.134636,16.339543,-2.7564319999999998,4.212599,15.443066,-2.334629,2.278453,13.644067999999999,-1.147383,2.0445849999999997,13.084157000000001,,,,,,
-3.6741610000000002,4.059818,16.441512,-2.874422,4.134114,16.33906,-2.7564319999999998,4.212599,15.443066,-2.334629,2.278453,13.644067999999999,-1.146656,2.0443580000000003,13.085614999999999,,,,,,
-3.673875,4.058509,16.443558,-2.874613,4.133318,16.339083,-2.756622,4.211807,15.443083999999999,-2.33426,2.280421,13.641078,-1.147235,2.045902,13.084617999999999,,,,,,
-3.673834,4.057991,16.443066,-2.875033,4.131893,16.342617,-2.7560990000000003,4.210786,15.444594,-2.335155,2.27949,13.642575,-1.147383,2.0445849999999997,13.084157000000001,,,,,,
-3.673875,4.058509,16.443558,-2.874613,4.133318,16.339083,-2.7564319999999998,4.212599,15.443066,-2.334629,2.278453,13.644067999999999,-1.1483139999999998,2.0441580000000004,13.086141,,,,,,
-3.674353,4.059019999999999,16.441539000000002,-2.874652,4.13384,16.339566,-2.756622,4.211807,15.443083999999999,-2.3355240000000004,2.277521,13.645565,-1.147191,2.0453919999999997,13.084131,,,,,,
-3.6725790000000003,4.061024,16.441979999999997,-2.874461,4.134636,16.339543,-2.756622,4.211807,15.443083999999999,-2.3351990000000002,2.280004,13.64306,-1.147383,2.0445849999999997,13.084157000000001,,,,,,
-3.674201,4.060336,16.442004,-2.874652,4.13384,16.339566,-2.757146,4.212829,15.441575,-2.335155,2.27949,13.642575,-1.147383,2.0445849999999997,13.084157000000001,,,,,,
-3.674931,4.056625,16.44162,-2.8757479999999997,4.132123,16.341117,-2.757524,4.210889,15.444601,-2.335155,2.27949,13.642575,-1.1488040000000002,2.044683,13.084171000000001,,,,,,
-3.675701,4.053432,16.441728,-2.875518,4.132396,16.340611,-2.758047,4.21191,15.443092000000002,-2.3355240000000004,2.277521,13.645565,-1.1482700000000001,2.043648,13.085654,,,,,,
-3.675701,4.053432,16.441728,-2.8757080000000004,4.131601,16.340633999999998,-2.7572970000000003,4.211515,15.441114,-2.336051,2.2785580000000003,13.644070999999999,-1.147725,2.046427,13.082647999999999,,,,,,
-3.6757419999999996,4.0539510000000005,16.442220000000002,-2.8757479999999997,4.132123,16.341117,-2.757336,4.2120370000000005,15.441594,-2.336051,2.2785580000000003,13.644070999999999,-1.147918,2.045619,13.082674,,,,,,
-3.67622,4.054461,16.440201000000002,-2.876233,4.132626,16.339112,-2.7585319999999998,4.21241,15.441103,-2.335155,2.27949,13.642575,-1.1489530000000001,2.043365,13.08371,,,,,,
-3.676804,4.051715,16.443278,-2.876233,4.132626,16.339112,-2.758238,4.211118,15.44311,-2.336051,2.2785580000000003,13.644070999999999,-1.1488040000000002,2.044683,13.084171000000001,,,,,,
-3.676571,4.051995,16.44276,-2.876193,4.132104,16.338628,-2.7581990000000003,4.210597,15.442631,-2.336578,2.279595,13.642577,-1.1488040000000002,2.044683,13.084171000000001,,,,,,
-3.6764129999999997,4.053662999999999,16.440228,-2.876423,4.131831,16.339134,-2.758722,4.211618,15.441120999999999,-2.336051,2.2785580000000003,13.644070999999999,-1.148225,2.043138,13.085167,,,,,,
-3.6764129999999997,4.053662999999999,16.440228,-2.876947,4.132857,16.337612,-2.758952,4.211348,15.44162,-2.336051,2.2785580000000003,13.644070999999999,-1.1488040000000002,2.044683,13.084171000000001,,,,,,
-3.677317,4.053096,16.438755,-2.877138,4.132061,16.337634,-2.758952,4.211348,15.44162,-2.336051,2.2785580000000003,13.644070999999999,-1.149884,2.042938,13.085693,,,,,,
-3.677282,4.052226,16.44126,-2.877328,4.130909,16.340663,-2.758913,4.210827,15.441139999999999,-2.3367709999999997,2.278793,13.642598999999999,-1.1489969999999998,2.043875,13.084197,,,,,,
-3.677801,4.053255,16.439733,-2.877853,4.1319349999999995,16.33914,-2.759624,4.2107,15.442638,-2.337473,2.278663,13.644074,-1.1488040000000002,2.044683,13.084171000000001,,,,,,
-3.678379,4.05086,16.439814000000002,-2.878043,4.131139,16.339163,-2.760338,4.210929,15.441147,-2.3376669999999997,2.277861,13.644096,-1.1494879999999998,2.0444,13.082227,,,,,,
-3.678379,4.05086,16.439814000000002,-2.8781950000000003,4.129821,16.338701999999998,-2.759587,4.210535,15.43917,-2.337623,2.2773470000000002,13.64361,-1.1498389999999998,2.0424279999999997,13.085207,,,,,,
-3.678186,4.051658,16.439787,-2.878043,4.131139,16.339163,-2.759587,4.210535,15.43917,-2.337473,2.278663,13.644074,-1.14983,2.046241,13.080717,,,,,,
-3.679097,4.05074,16.44131,-2.879433,4.130721,16.338686,-2.760528,4.210138,15.441166,-2.338562,2.276929,13.645593,-1.150909,2.0444970000000002,13.082239999999999,,,,,,
-3.6800010000000003,4.050172,16.439837,-2.8796630000000003,4.130448,16.339191,-2.760528,4.210138,15.441166,-2.337623,2.2773470000000002,13.64361,-1.1492950000000002,2.045207,13.082201,,,,,,
-3.6807190000000003,4.050052,16.441333,-2.879433,4.130721,16.338686,-2.761763,4.211032,15.441154999999998,-2.339045,2.2774520000000003,13.643613,-1.150909,2.0444970000000002,13.082239999999999,,,,,,
-3.680193,4.049373999999999,16.439864,-2.879624,4.129925,16.338708,-2.761914,4.209719000000001,15.440694,-2.340135,2.275718,13.645132,-1.14983,2.046241,13.080717,,,,,,
-3.6800010000000003,4.050172,16.439837,-2.8796630000000003,4.130448,16.339191,-2.761914,4.209719000000001,15.440694,-2.340135,2.275718,13.645132,-1.151102,2.0436900000000002,13.082266,,,,,,
-3.6808300000000003,4.048216,16.440376999999998,-2.879585,4.129403,16.338225,-2.762066,4.208406,15.440233,-2.339239,2.27665,13.643635,-1.150909,2.0444970000000002,13.082239999999999,,,,,,
-3.681582,4.048966,16.439367999999998,-2.8803389999999998,4.1301559999999995,16.337208,-2.762105,4.208927,15.440713,-2.339045,2.2774520000000003,13.643613,-1.1514440000000001,2.045531,13.080757,,,,,,
-3.680479,4.050683,16.437819,-2.8803389999999998,4.1301559999999995,16.337208,-2.7625889999999997,4.209427,15.438723999999999,-2.339941,2.27652,13.64511,-1.1508639999999999,2.043987,13.081754,,,,,,
-3.681582,4.048966,16.439367999999998,-2.8812439999999997,4.129233999999999,16.338737,-2.762628,4.209949,15.439203,-2.340661,2.276755,13.643638000000001,-1.152523,2.043787,13.08228,,,,,,
-3.682486,4.048399,16.437895,-2.880529,4.12936,16.337231,-2.762819,4.209157,15.439222000000001,-2.33981,2.2782009999999997,13.642627,-1.151636,2.044724,13.080783,,,,,,
-3.6819669999999998,4.04737,16.439422,-2.8814349999999997,4.128438,16.338759,-2.763681,4.207717,15.440259,-2.340705,2.277269,13.644124,-1.152523,2.043787,13.08228,,,,,,
-3.682638,4.047082,16.437431,-2.88072,4.128565,16.337253,-2.76297,4.207843,15.438760999999998,-2.340661,2.276755,13.643638000000001,-1.152523,2.043787,13.08228,,,,,,
-3.6824449999999995,4.04788,16.437404,-2.88192,4.1289419999999994,16.336754,-2.7634540000000003,4.208343,15.436772,-2.341513,2.275309,13.644649,-1.152671,2.0424700000000002,13.081819,,,,,,
-3.6835480000000005,4.046163,16.438954000000003,-2.882071,4.127624,16.336292999999998,-2.764165,4.208216999999999,15.438270000000001,-2.341145,2.277277,13.641657999999998,-1.152715,2.04298,13.082305999999999,,,,,,
-3.682638,4.047082,16.437431,-2.88211,4.128146,16.336776,-2.7643560000000003,4.207425,15.438289000000001,-2.340855,2.275953,13.64366,-1.15325,2.0440139999999998,13.080822,,,,,,
-3.682486,4.048399,16.437895,-2.88192,4.1289419999999994,16.336754,-2.764205,4.208737999999999,15.43875,-2.341145,2.277277,13.641657999999998,-1.151934,2.046055,13.078787,,,,,,
-3.6831160000000005,4.047592,16.435412,-2.8825950000000002,4.12865,16.334771,-2.7634540000000003,4.208343,15.436772,-2.341557,2.275823,13.645135,-1.1524780000000001,2.0432770000000002,13.081793,,,,,,
-3.6833089999999995,4.046794,16.435439000000002,-2.88211,4.128146,16.336776,-2.7643560000000003,4.207425,15.438289000000001,-2.341339,2.2764759999999997,13.64168,-1.153206,2.043504,13.080336,,,,,,
-3.6833489999999998,4.047313,16.435931,-2.882634,4.1291720000000005,16.335254,-2.764879,4.208446,15.436779999999999,-2.342278,2.2760580000000004,13.643663,-1.153206,2.043504,13.080336,,,,,,
-3.6838339999999996,4.047472,16.436908,-2.883501,4.127728,16.336299,-2.765742,4.207006,15.437817,-2.3420400000000003,2.2763459999999998,13.643154999999998,-1.154136,2.0430770000000003,13.082319,,,,,,
-3.683157,4.0481110000000005,16.435904,-2.8825950000000002,4.12865,16.334771,-2.764879,4.208446,15.436779999999999,-2.342804,2.277095,13.642169,-1.153741,2.044539,13.078852000000001,,,,,,
-3.6844120000000005,4.045077,16.436989,-2.883691,4.126932,16.336322,-2.765932,4.206215,15.437835999999999,-2.342761,2.27658,13.641682999999999,-1.153504,2.044836,13.078339999999999,,,,,,
-3.684604,4.044279,16.437016,-2.883921,4.126659,16.336827,-2.765972,4.206736,15.438315,-2.342761,2.27658,13.641682999999999,-1.1536959999999998,2.044029,13.078366,,,,,,
-3.684738,4.0469040000000005,16.435435000000002,-2.883501,4.127728,16.336299,-2.765781,4.207528,15.438296,-2.342761,2.27658,13.641682999999999,-1.153933,2.043731,13.078878999999999,,,,,,
-3.6849300000000005,4.046106,16.435462,-2.884215,4.1279580000000005,16.334799,-2.7664560000000002,4.207236,15.436326000000001,-2.342278,2.2760580000000004,13.643663,-1.153741,2.044539,13.078852000000001,,,,,,
-3.6851230000000004,4.045308,16.435489,-2.883882,4.126137,16.336344,-2.765932,4.206215,15.437835999999999,-2.342234,2.275544,13.643177,-1.153889,2.043221,13.078392,,,,,,
-3.6849300000000005,4.046106,16.435462,-2.8844060000000002,4.1271629999999995,16.334822,-2.7664560000000002,4.207236,15.436326000000001,-2.343656,2.275649,13.64318,-1.1548200000000002,2.042795,13.080375,,,,,,
-3.684604,4.044279,16.437016,-2.883882,4.126137,16.336344,-2.766162,4.205944000000001,15.438334,-2.34385,2.2748470000000003,13.643201999999999,-1.1548200000000002,2.042795,13.080375,,,,,,
-3.686226,4.043591999999999,16.437039000000002,-2.884445,4.127685,16.335304999999998,-2.766685,4.206966,15.436824,-2.343656,2.275649,13.64318,-1.153741,2.044539,13.078852000000001,,,,,,
-3.686226,4.043591999999999,16.437039000000002,-2.8844060000000002,4.1271629999999995,16.334822,-2.766495,4.207757,15.436805,-2.34385,2.2748470000000003,13.643201999999999,-1.1555030000000002,2.042512,13.078431,,,,,,
-3.686511,4.0449,16.434994,-2.8844060000000002,4.1271629999999995,16.334822,-2.7666459999999997,4.206444,15.436345000000001,-2.343656,2.275649,13.64318,-1.15531,2.043319,13.078405,,,,,,
-3.686552,4.045419,16.435485,-2.885311,4.126241,16.33635,-2.767358,4.206316999999999,15.437842999999999,-2.343656,2.275649,13.64318,-1.154775,2.0422849999999997,13.079889,,,,,,
-3.686552,4.045419,16.435485,-2.885121,4.127036,16.336327999999998,-2.76792,4.20786,15.436813,-2.344552,2.274717,13.644677,-1.154583,2.0430919999999997,13.079862,,,,,,
-3.687422,4.043981,16.436516,-2.885311,4.126241,16.33635,-2.767548,4.205526,15.437860999999998,-2.343656,2.275649,13.64318,-1.154583,2.0430919999999997,13.079862,,,,,,
-3.685993,4.043871,16.43652,-2.885311,4.126241,16.33635,-2.7666459999999997,4.206444,15.436345000000001,-2.3438939999999997,2.275361,13.643688000000001,-1.1555469999999999,2.043022,13.078918,,,,,,
-3.686552,4.045419,16.435485,-2.8858349999999997,4.127267,16.334827999999998,-2.76713,4.206944,15.434356,-2.344745,2.273915,13.644699,-1.15531,2.043319,13.078405,,,,,,
-3.686471,4.044381,16.434502,-2.885272,4.125718,16.335867,-2.767842,4.206818,15.435854,-2.344183,2.276685,13.641685999999998,-1.15531,2.043319,13.078405,,,,,,
-3.686704,4.044102,16.43502,-2.885796,4.126744,16.334345000000003,-2.768032,4.2060260000000005,15.435873,-2.34385,2.2748470000000003,13.643201999999999,-1.154231,2.0450630000000003,13.076883,,,,,,
-3.686663,4.043583,16.434529,-2.8843669999999997,4.12664,16.334339,-2.767091,4.206423,15.433876999999999,-2.345272,2.274952,13.643204999999998,-1.15531,2.043319,13.078405,,,,,,
-3.686552,4.045419,16.435485,-2.8860259999999998,4.126471,16.33485,-2.768071,4.2065470000000005,15.436352,-2.343656,2.275649,13.64318,-1.155117,2.044126,13.078379,,,,,,
-3.686552,4.045419,16.435485,-2.8849299999999998,4.128189,16.333299,-2.766979,4.208257,15.434817,-2.345272,2.274952,13.643204999999998,-1.1555469999999999,2.043022,13.078918,,,,,,
-3.686511,4.0449,16.434994,-2.885311,4.126241,16.33635,-2.7666459999999997,4.206444,15.436345000000001,-2.344789,2.2744299999999997,13.645184,-1.15531,2.043319,13.078405,,,,,,
-3.686704,4.044102,16.43502,-2.885987,4.125948999999999,16.334367,-2.768032,4.2060260000000005,15.435873,-2.345272,2.274952,13.643204999999998,-1.154424,2.0442560000000003,13.076908999999999,,,,,,
-3.688326,4.043414,16.435043,-2.885987,4.125948999999999,16.334367,-2.768032,4.2060260000000005,15.435873,-2.344745,2.273915,13.644699,-1.15531,2.043319,13.078405,,,,,,
-3.6872230000000004,4.045131,16.433493,-2.885082,4.1268709999999995,16.332839,-2.76713,4.206944,15.434356,-2.3452290000000002,2.274438,13.642719,-1.15531,2.043319,13.078405,,,,,,
-3.6868559999999997,4.042785,16.434556,-2.885463,4.124923,16.33589,-2.767993,4.205504,15.435393,-2.345272,2.274952,13.643204999999998,-1.154231,2.0450630000000003,13.076883,,,,,,
-3.6869370000000004,4.043823000000001,16.435538,-2.8860259999999998,4.126471,16.33485,-2.768071,4.2065470000000005,15.436352,-2.345272,2.274952,13.643204999999998,-1.155354,2.043829,13.078892,,,,,,
-3.6877660000000003,4.041866000000001,16.436079,-2.8855020000000002,4.125445,16.336373000000002,-2.768032,4.2060260000000005,15.435873,-2.345316,2.2754659999999998,13.64369,-1.15531,2.043319,13.078405,,,,,,
-3.687375,4.043814,16.433029,-2.885987,4.125948999999999,16.334367,-2.768516,4.206526,15.433883999999999,-2.345272,2.274952,13.643204999999998,-1.15531,2.043319,13.078405,,,,,,
-3.686663,4.043583,16.434529,-2.885987,4.125948999999999,16.334367,-2.767993,4.205504,15.435393,-2.3452290000000002,2.274438,13.642719,-1.154424,2.0442560000000003,13.076908999999999,,,,,,
-3.6872230000000004,4.045131,16.433493,-2.885987,4.125948999999999,16.334367,-2.768071,4.2065470000000005,15.436352,-2.3452290000000002,2.274438,13.642719,-1.1555030000000002,2.042512,13.078431,,,,,,
-3.688052,4.043175,16.434034,-2.885948,4.125426,16.333884,-2.767993,4.205504,15.435393,-2.346168,2.27402,13.644701000000001,-1.15531,2.043319,13.078405,,,,,,
-3.6873339999999994,4.043295,16.432538,-2.885042,4.126348,16.332355,-2.767575,4.206923000000001,15.431888,-2.344745,2.273915,13.644699,-1.154231,2.0450630000000003,13.076883,,,,,,
-3.686897,4.043304,16.435047,-2.885987,4.125948999999999,16.334367,-2.768032,4.2060260000000005,15.435873,-2.344745,2.273915,13.644699,-1.15531,2.043319,13.078405,,,,,,
-3.687375,4.043814,16.433029,-2.885948,4.125426,16.333884,-2.768516,4.206526,15.433883999999999,-2.345423,2.273636,13.642741000000001,-1.15531,2.043319,13.078405,,,,,,
-3.686663,4.043583,16.434529,-2.8860259999999998,4.126471,16.33485,-2.768032,4.2060260000000005,15.435873,-2.345272,2.274952,13.643204999999998,-1.1555030000000002,2.042512,13.078431,,,,,,
-3.687415,4.044333,16.43352,-2.885987,4.125948999999999,16.334367,-2.768223,4.205234,15.435891,-2.344745,2.273915,13.644699,-1.1555030000000002,2.042512,13.078431,,,,,,
-3.687415,4.044333,16.43352,-2.885272,4.126075,16.332860999999998,-2.767805,4.206652,15.432386,-2.344552,2.274717,13.644677,-1.155117,2.044126,13.078379,,,,,,
-3.687375,4.043814,16.433029,-2.885987,4.125948999999999,16.334367,-2.76713,4.206944,15.434356,-2.345272,2.274952,13.643204999999998,-1.1555030000000002,2.042512,13.078431,,,,,,
-3.687567,4.043016000000001,16.433056,-2.885987,4.125948999999999,16.334367,-2.7687459999999997,4.2062550000000005,15.434382000000001,-2.345272,2.274952,13.643204999999998,-1.1555030000000002,2.042512,13.078431,,,,,,
-3.688133,4.044212,16.435016,-2.885987,4.125948999999999,16.334367,-2.768555,4.207047,15.434363000000001,-2.345272,2.274952,13.643204999999998,-1.1556520000000001,2.0451599999999996,13.076896000000001,,,,,,
-3.687375,4.043814,16.433029,-2.885987,4.125948999999999,16.334367,-2.768516,4.206526,15.433883999999999,-2.345316,2.2754659999999998,13.64369,-1.1555469999999999,2.043022,13.078918,,,,,,
-3.688285,4.042895,16.434552,-2.886892,4.125026999999999,16.335895999999998,-2.769418,4.205607,15.4354,-2.344745,2.273915,13.644699,-1.15531,2.043319,13.078405,,,,,,
-3.687608,4.043534999999999,16.433547,-2.886701,4.1261790000000005,16.332867,-2.7687459999999997,4.2062550000000005,15.434382000000001,-2.344745,2.273915,13.644699,-1.155354,2.043829,13.078892,,,,,,
-3.688478,4.042097,16.434579,-2.886177,4.125153,16.33439,-2.768223,4.205234,15.435891,-2.3452290000000002,2.274438,13.642719,-1.155845,2.044353,13.076922,,,,,,
-3.688478,4.042097,16.434579,-2.886662,4.125657,16.332384,-2.768707,4.205734,15.433902,-2.345272,2.274952,13.643204999999998,-1.154959,2.04529,13.075426,,,,,,
-3.68776,4.042218,16.433082000000002,-2.8852330000000004,4.125553,16.332378,-2.768184,4.204712000000001,15.435412,-2.3452290000000002,2.274438,13.642719,-1.15531,2.043319,13.078405,,,,,,
-3.687853,4.044324,16.431010999999998,-2.886662,4.125657,16.332384,-2.768668,4.205212,15.433423000000001,-2.3452290000000002,2.274438,13.642719,-1.155845,2.044353,13.076922,,,,,,
-3.6886699999999997,4.0412989999999995,16.434604999999998,-2.886177,4.125153,16.33439,-2.769125,4.204315,15.437408,-2.346124,2.2735060000000002,13.644216,-1.15531,2.043319,13.078405,,,,,,
-3.6878010000000003,4.042737000000001,16.433574,-2.886407,4.12488,16.334895,-2.768936,4.205463,15.4344,-2.344896,2.272599,13.644235,-1.1556959999999998,2.041705,13.078458,,,,,,
-3.6889559999999997,4.042608,16.432560000000002,-2.887568,4.124735,16.333913,-2.768707,4.205734,15.433902,-2.346318,2.272704,13.644238,-1.156038,2.043546,13.076948,,,,,,
-3.688915,4.042089,16.432069,-2.886584,4.124612,16.331418,-2.768668,4.205212,15.433423000000001,-2.346168,2.27402,13.644701000000001,-1.156038,2.043546,13.076948,,,,,,
-3.688996,4.043126,16.433052,-2.887568,4.124735,16.333913,-2.769609,4.204815,15.435419,-2.345272,2.274952,13.643204999999998,-1.156038,2.043546,13.076948,,,,,,
-3.6890370000000003,4.043645,16.433543,-2.887416,4.126053,16.334373,-2.769269,4.2072769999999995,15.432872,-2.3452290000000002,2.274438,13.642719,-1.1555030000000002,2.042512,13.078431,,,,,,
-3.688996,4.043126,16.433052,-2.887607,4.125257,16.334395999999998,-2.7687459999999997,4.2062550000000005,15.434382000000001,-2.345272,2.274952,13.643204999999998,-1.156038,2.043546,13.076948,,,,,,
-3.688996,4.043126,16.433052,-2.886662,4.125657,16.332384,-2.770093,4.205315000000001,15.43343,-2.346168,2.27402,13.644701000000001,-1.15531,2.043319,13.078405,,,,,,
-3.6891480000000003,4.04181,16.432586999999998,-2.887797,4.124462,16.334418,-2.770322,4.205045,15.433928,-2.346124,2.2735060000000002,13.644216,-1.155801,2.043843,13.076435,,,,,,
-3.689189,4.0423279999999995,16.433078,-2.886853,4.124861,16.332406,-2.769421,4.205963,15.432412,-2.345423,2.273636,13.642741000000001,-1.156038,2.043546,13.076948,,,,,,
-3.6891480000000003,4.04181,16.432586999999998,-2.8868139999999998,4.124339,16.331923,-2.770093,4.205315000000001,15.43343,-2.346318,2.272704,13.644238,-1.155993,2.043036,13.076461,,,,,,
-3.689626,4.04232,16.430569000000002,-2.888243,4.124443,16.33193,-2.770093,4.205315000000001,15.43343,-2.346845,2.273741,13.642744,-1.156038,2.043546,13.076948,,,,,,
-3.6880050000000004,4.043008,16.430546,-2.886623,4.125135,16.331901000000002,-2.769152,4.205712,15.431434,-2.346845,2.273741,13.642744,-1.157459,2.043643,13.076961,,,,,,
-3.689341,4.041012,16.432614,-2.8877580000000003,4.123939,16.333935,-2.769421,4.205963,15.432412,-2.346845,2.273741,13.642744,-1.15688,2.0420990000000003,13.077958,,,,,,
-3.6891480000000003,4.04181,16.432586999999998,-2.8877580000000003,4.123939,16.333935,-2.770283,4.204524,15.433449,-2.346694,2.275057,13.643207,-1.155845,2.044353,13.076922,,,,,,
-3.6893,4.040493,16.432123,-2.8877189999999997,4.123417,16.333451999999998,-2.770244,4.204002,15.432969,-2.347784,2.273324,13.644726,-1.155845,2.044353,13.076922,,,,,,
-3.6898190000000004,4.0415220000000005,16.430595999999998,-2.888243,4.124443,16.33193,-2.7707669999999998,4.205024,15.431460000000001,-2.346845,2.273741,13.642744,-1.156924,2.042609,13.078445,,,,,,
-3.690922,4.039805,16.432145000000002,-2.888204,4.123921,16.331446,-2.770244,4.204002,15.432969,-2.3468880000000003,2.274255,13.643229000000002,-1.15638,2.045387,13.075439,,,,,,
-3.68986,4.042041,16.431086999999998,-2.888243,4.124443,16.33193,-2.770283,4.204524,15.433449,-2.346651,2.274543,13.642722000000001,-1.1563350000000001,2.044877,13.074952,,,,,,
-3.6891480000000003,4.04181,16.432586999999998,-2.887338,4.125365,16.330401000000002,-2.769381,4.205442,15.431932000000002,-2.346845,2.273741,13.642744,-1.156528,2.04407,13.074978,,,,,,
-3.6891480000000003,4.04181,16.432586999999998,-2.888243,4.124443,16.33193,-2.770283,4.204524,15.433449,-2.3468880000000003,2.274255,13.643229000000002,-1.156038,2.043546,13.076948,,,,,,
-3.68986,4.042041,16.431086999999998,-2.888243,4.124443,16.33193,-2.769533,4.204129,15.431472,-2.3468880000000003,2.274255,13.643229000000002,-1.157459,2.043643,13.076961,,,,,,
-3.6907300000000003,4.040603,16.432119,-2.889148,4.123521,16.333458,-2.7716689999999997,4.204105,15.432976000000002,-2.346845,2.273741,13.642744,-1.1563350000000001,2.044877,13.074952,,,,,,
-3.6895339999999996,4.040214,16.432641,-2.8877580000000003,4.123939,16.333935,-2.770283,4.204524,15.433449,-2.346845,2.273741,13.642744,-1.156528,2.04407,13.074978,,,,,,
-3.690403,4.038776,16.433672,-2.888434,4.123648,16.331951999999998,-2.770244,4.204002,15.432969,-2.346845,2.273741,13.642744,-1.1576520000000001,2.042836,13.076986999999999,,,,,,
-3.6908809999999996,4.039287,16.431654,-2.888395,4.123125,16.331469,-2.770435,4.2032099999999994,15.432988,-2.346845,2.273741,13.642744,-1.157222,2.04394,13.076448,,,,,,
-3.6900120000000003,4.040724,16.430622,-2.888243,4.124443,16.33193,-2.7707669999999998,4.205024,15.431460000000001,-2.346845,2.273741,13.642744,-1.1576520000000001,2.042836,13.076986999999999,,,,,,
-3.6905370000000004,4.0414010000000005,16.432092,-2.888243,4.124443,16.33193,-2.7707669999999998,4.205024,15.431460000000001,-2.346651,2.274543,13.642722000000001,-1.156572,2.04458,13.075465,,,,,,
-3.6900120000000003,4.040724,16.430622,-2.888434,4.123648,16.331951999999998,-2.769533,4.204129,15.431472,-2.347546,2.2736110000000003,13.644217999999999,-1.157414,2.043133,13.076475,,,,,,
-3.6900120000000003,4.040724,16.430622,-2.888434,4.123648,16.331951999999998,-2.7709580000000003,4.204232,15.431479000000001,-2.346845,2.273741,13.642744,-1.157414,2.043133,13.076475,,,,,,
-3.6900120000000003,4.040724,16.430622,-2.888395,4.123125,16.331469,-2.7709580000000003,4.204232,15.431479000000001,-2.346845,2.273741,13.642744,-1.157266,2.04445,13.076935,,,,,,
-3.6900519999999997,4.041243,16.431114,-2.888434,4.123648,16.331951999999998,-2.7709580000000003,4.204232,15.431479000000001,-2.34774,2.272809,13.64424,-1.1567209999999999,2.043263,13.075004,,,,,,
-3.6900519999999997,4.041243,16.431114,-2.888624,4.122852,16.331974,-2.770997,4.204753,15.431957999999998,-2.346845,2.273741,13.642744,-1.157414,2.043133,13.076475,,,,,,
-3.6914,4.040316000000001,16.430127,-2.888395,4.123125,16.331469,-2.77163,4.203583999999999,15.432497,-2.346845,2.273741,13.642744,-1.15638,2.045387,13.075439,,,,,,
-3.6901639999999998,4.039407,16.430158,-2.888585,4.122330000000001,16.331491,-2.772091,4.198164,15.419296,-2.34774,2.272809,13.64424,-1.1576520000000001,2.042836,13.076986999999999,,,,,,
-3.6908809999999996,4.039287,16.431654,-2.8893,4.122203,16.332997,-2.772319,4.1975370000000005,15.422782999999999,-2.3468880000000003,2.274255,13.643229000000002,-1.156572,2.04458,13.075465,,,,,,
-3.6908809999999996,4.039287,16.431654,-2.888395,4.123125,16.331469,-2.7719009999999997,4.198956,15.419277,-2.346845,2.273741,13.642744,-1.156528,2.04407,13.074978,,,,,,
-3.691074,4.038489,16.431681,-2.888585,4.122330000000001,16.331491,-2.7719009999999997,4.198956,15.419277,-2.346845,2.273741,13.642744,-1.157607,2.0423259999999996,13.076500999999999,,,,,,
-3.690397,4.039128,16.430676000000002,-2.889109,4.123355999999999,16.329969000000002,-2.772842,4.198558,15.421273000000001,-2.34774,2.272809,13.64424,-1.157414,2.043133,13.076475,,,,,,
-3.6908809999999996,4.039287,16.431654,-2.888395,4.123125,16.331469,-2.771378,4.197934,15.420786999999999,-2.34774,2.272809,13.64424,-1.157414,2.043133,13.076475,,,,,,
-3.6916330000000004,4.040036,16.430645000000002,-2.8895299999999997,4.12193,16.333503,-2.772842,4.198558,15.421273000000001,-2.347546,2.2736110000000003,13.644217999999999,-1.157414,2.043133,13.076475,,,,,,
-3.690922,4.039805,16.432145000000002,-2.8895299999999997,4.12193,16.333503,-2.772842,4.198558,15.421273000000001,-2.34774,2.272809,13.64424,-1.155845,2.044353,13.076922,,,,,,
-3.691593,4.039518,16.430154,-2.889109,4.123355999999999,16.329969000000002,-2.7728029999999997,4.198037,15.420794,-2.346845,2.273741,13.642744,-1.157607,2.0423259999999996,13.076500999999999,,,,,,
-3.691115,4.039007,16.432172,-2.889339,4.122726,16.333479999999998,-2.772842,4.198558,15.421273000000001,-2.348267,2.273846,13.642745999999999,-1.1576520000000001,2.042836,13.076986999999999,,,,,,
-3.690922,4.039805,16.432145000000002,-2.8893,4.122203,16.332997,-2.772319,4.1975370000000005,15.422782999999999,-2.34774,2.272809,13.64424,-1.157607,2.0423259999999996,13.076500999999999,,,,,,
-3.691785,4.03872,16.430181,-2.8893,4.12256,16.329991,-2.772321,4.197893,15.419795,-2.34774,2.272809,13.64424,-1.1576520000000001,2.042836,13.076986999999999,,,,,,
-3.6916330000000004,4.040036,16.430645000000002,-2.889824,4.123229,16.331475,-2.773365,4.19958,15.419764,-2.346845,2.273741,13.642744,-1.1563350000000001,2.044877,13.074952,,,,,,
-3.691593,4.039518,16.430154,-2.8890700000000002,4.122833,16.329486,-2.772091,4.198164,15.419296,-2.348267,2.273846,13.642745999999999,-1.157459,2.043643,13.076961,,,,,,
-3.691593,4.039518,16.430154,-2.890015,4.122433999999999,16.331497,-2.772091,4.198164,15.419296,-2.34774,2.272809,13.64424,-1.157414,2.043133,13.076475,,,,,,
-3.691785,4.03872,16.430181,-2.890015,4.122433999999999,16.331497,-2.773032,4.1977660000000006,15.421292000000001,-2.34774,2.272809,13.64424,-1.157607,2.0423259999999996,13.076500999999999,,,,,,
-3.691593,4.039518,16.430154,-2.890015,4.122433999999999,16.331497,-2.772993,4.197245,15.420813,-2.34774,2.272809,13.64424,-1.157607,2.0423259999999996,13.076500999999999,,,,,,
-3.691593,4.039518,16.430154,-2.890015,4.122433999999999,16.331497,-2.772993,4.197245,15.420813,-2.34774,2.272809,13.64424,-1.157414,2.043133,13.076475,,,,,,
-3.691593,4.039518,16.430154,-2.890015,4.122433999999999,16.331497,-2.773032,4.1977660000000006,15.421292000000001,-2.34774,2.272809,13.64424,-1.1563350000000001,2.044877,13.074952,,,,,,
-3.692111,4.040547,16.428627,-2.890015,4.122433999999999,16.331497,-2.773556,4.1987879999999995,15.419782999999999,-2.348267,2.273846,13.642745999999999,-1.1571069999999999,2.045614,13.073982,,,,,,
-3.691785,4.03872,16.430181,-2.889681,4.120612,16.333042000000003,-2.772993,4.197245,15.420813,-2.348223,2.273332,13.64226,-1.157607,2.0423259999999996,13.076500999999999,,,,,,
-3.691785,4.03872,16.430181,-2.890054,4.122955999999999,16.331979999999998,-2.773556,4.1987879999999995,15.419782999999999,-2.3468009999999997,2.273227,13.642257999999998,-1.157607,2.0423259999999996,13.076500999999999,,,,,,
-3.691785,4.03872,16.430181,-2.890015,4.122433999999999,16.331497,-2.773032,4.1977660000000006,15.421292000000001,-2.348223,2.273332,13.64226,-1.158142,2.04336,13.075018,,,,,,
-3.6917449999999996,4.038201,16.429689,-2.889976,4.121911,16.331014,-2.773287,4.198538,15.418804000000002,-2.348267,2.273846,13.642745999999999,-1.157949,2.044168,13.074991,,,,,,
-3.691593,4.039518,16.430154,-2.890015,4.122433999999999,16.331497,-2.772509,4.196745,15.422801999999999,-2.347178,2.275579,13.641228,-1.156677,2.046719,13.073443,,,,,,
-3.6915519999999997,4.038999,16.429663,-2.890015,4.122433999999999,16.331497,-2.772091,4.198164,15.419296,-2.3491619999999998,2.272914,13.644243,-1.157414,2.043133,13.076475,,,,,,
