,fore-aft,lateral,normal
0,0.11932,-0.0743,1.31343
1,0.15385,-0.06997,1.26955
2,0.15242,-0.09115,1.23974
3,0.1578,-0.08337,1.23302
4,0.15513,-0.10328,1.24265
5,0.16421,-0.0925,1.25439
6,0.21137,-0.08647,1.34149
7,0.23617,-0.07583,1.45094
8,0.23777,-0.0707,1.32743
9,0.21756,-0.07872,1.36694
10,0.22486,-0.10436,1.36299
11,0.25917,-0.06906,1.41517
12,0.29684,-0.0815,1.4511
13,0.30005,-0.06158,1.45134
14,0.29747,-0.1212,1.43159
15,0.31451,-0.0634,1.43761
16,0.31019,-0.11301,1.4443700000000002
17,0.32302,-0.09717,1.43608
18,0.31554,-0.11457,1.4304
19,0.31872,-0.09302,1.41655
20,0.34854,-0.06286,1.39886
21,0.32113,-0.08496000000000001,1.4017700000000002
22,0.33548,-0.10367,1.39931
23,0.31686,-0.09394,1.3997700000000002
24,0.30151999999999995,-0.09619,1.38861
25,0.30678,-0.06915,1.40676
26,0.30592,-0.06747,1.37826
27,0.27918000000000004,-0.09227,1.40839
28,0.29316,-0.04096,1.43077
29,0.28559,-0.06468,1.42574
30,0.26764,-0.06054,1.4356
31,0.29155,-0.04273,1.42623
32,0.30638000000000004,-0.04142,1.42792
33,0.27687,-0.05439,1.43264
34,0.28119,-0.04489,1.42801
35,0.30346,-0.034730000000000004,1.42887
36,0.27555,-0.04942,1.42292
37,0.23576,-0.00629,1.44325
38,0.28535,0.01175,1.42421
39,0.25947,0.00647,1.43359
40,0.28341,-0.00322,1.39615
41,0.26836,-0.01096,1.40983
42,0.26846,-0.02508,1.41315
43,0.27523000000000003,0.00436,1.38217
44,0.26447,-0.00823,1.3976
45,0.2761,-0.034089999999999995,1.39345
46,0.28378000000000003,-0.04227,1.38552
47,0.28529,-0.00999,1.3834799999999998
48,0.28457,-0.05668,1.38395
49,0.27178,-0.04928,1.41184
50,0.24557,-0.02852,1.39565
51,0.28508,-0.04167,1.40877
52,0.28758,-0.08281000000000001,1.41566
53,0.28176,-0.05837000000000001,1.40444
54,0.2701,-0.04902,1.41391
55,0.27394,-0.07513,1.40778
56,0.25662,-0.06788,1.40857
57,0.28366,-0.05761,1.41604
58,0.27936,-0.05593,1.40396
59,0.28094,-0.04477,1.4107
60,0.23461,-0.06352000000000001,1.40686
61,0.30617,-0.0435,1.4082
62,0.26618,-0.05159,1.3923
63,0.2773,-0.04194,1.39789
64,0.27122,-0.02503,1.41062
65,0.27054,-0.030410000000000006,1.38807
66,0.27113000000000004,-0.05224,1.41418
67,0.24922,-0.0489,1.4101
68,0.26795,-0.01936,1.39067
69,0.29084,-0.03242,1.41599
70,0.28663,-0.02149,1.40046
71,0.26296,-0.03958,1.4106
72,0.26369000000000004,-0.02854,1.3954
73,0.26819,-0.06622,1.41179
74,0.25458000000000003,-0.02587,1.39362
75,0.28903,-0.06191,1.40238
76,0.26197,-0.04208,1.39234
77,0.24074,-0.03014,1.41268
78,0.24492,-0.03375,1.40315
79,0.24408,-0.04204,1.39283
80,0.28967,-0.056020000000000014,1.40114
81,0.25389,-0.05078,1.40487
82,0.27142,-0.05555,1.39774
83,0.25804,-0.05234,1.40089
84,0.24674,-0.04155,1.39476
85,0.24992,-0.052729999999999985,1.40126
86,0.25244,-0.03447,1.38665
87,0.27827,-0.03497,1.40342
88,0.25443000000000005,-0.06567,1.39244
89,0.23753,-0.05028,1.41086
90,0.26644,-0.04492,1.3974799999999998
91,0.27169,-0.06798,1.40526
92,0.25492,-0.06201,1.39695
93,0.28952,-0.04868,1.39455
94,0.26274000000000003,-0.03622,1.39755
95,0.25934,-0.04566,1.40616
96,0.25254,-0.051,1.40506
97,0.26735,-0.08387,1.39227
98,0.24804,-0.03039,1.40261
99,0.25155,-0.04574,1.41393
100,0.2642,-0.05779,1.4056799999999998
101,0.2605,-0.02275,1.3925
102,0.25056,-0.03452,1.39884
103,0.25198000000000004,-0.00827,1.40235
104,0.25254,-0.07597000000000001,1.40442
105,0.24734,-0.060029999999999986,1.40318
106,0.27023,-0.03995,1.40922
107,0.25,-0.03143,1.41736
108,0.26729,-0.0459,1.39317
109,0.24702,-0.02684,1.39384
110,0.28056,-0.04318,1.41408
111,0.26787,-0.04928,1.40659
112,0.25898000000000004,-0.02399,1.40267
113,0.26916,-0.03065,1.40716
114,0.27412,0.0068200000000000005,1.40579
115,0.24144,-0.04161,1.40351
116,0.251,-0.016890000000000002,1.39898
117,0.2491,-0.05786,1.40442
118,0.25826,-0.06058,1.39365
119,0.2553,-0.08613,1.40563
120,0.23767,-0.03509,1.40464
121,0.23446,-0.05748,1.3969
122,0.26311,-0.05836,1.40124
123,0.27838,-0.0428,1.39147
124,0.26054,-0.013369999999999998,1.38066
125,0.23629,-0.0438,1.40639
126,0.2628,-0.04406,1.38697
127,0.25049,-0.06929,1.40153
128,0.25553000000000003,-0.04066,1.39456
129,0.25667,-0.03511,1.41288
130,0.22961,-0.042460000000000005,1.38794
131,0.2512,-0.03628,1.38766
132,0.28034000000000003,-0.04515,1.39416
133,0.26118,-0.06022,1.38846
134,0.23181,-0.02964,1.39311
135,0.25259000000000004,-0.03704,1.41419
136,0.24051,-0.05044,1.39277
137,0.22311,-0.04403,1.39307
138,0.25728,-0.035410000000000004,1.3985299999999998
139,0.27287,-0.03735,1.39367
140,0.26367,-0.06116,1.3976
141,0.24557,-0.03917,1.41268
142,0.25381,-0.03311,1.39544
143,0.23591,-0.07393999999999999,1.39703
144,0.25744,-0.02325,1.41317
145,0.25827,-0.052320000000000005,1.3976
146,0.24835,-0.04688,1.39952
147,0.2637,-0.02998,1.40573
148,0.2657,-0.031310000000000004,1.38848
149,0.25711,-0.05412,1.4162
150,0.24471,-0.05095,1.40644
151,0.24511,-0.03877,1.41032
152,0.24561,-0.05476,1.41298
153,0.26538,-0.04653,1.41536
154,0.24207,-0.03915,1.39318
155,0.26501,-0.025710000000000004,1.38448
156,0.24391,-0.02175,1.39579
157,0.23264,-0.02454,1.40753
158,0.22621,-0.04539,1.4206
159,0.25249,-0.03532,1.40803
160,0.22557,-0.01506,1.41417
161,0.24691,-0.04098,1.38726
162,0.25548000000000004,-0.02407,1.41014
163,0.27765,-0.03178,1.41695
164,0.2351,-0.03481,1.39936
165,0.24218,-0.00889,1.38696
166,0.2309,-0.06447,1.40449
167,0.20341,-0.03469,1.42569
168,0.27275,-0.03387,1.4055
169,0.23956,-0.03194,1.40934
170,0.2282,-0.02768,1.41576
171,0.23377,-0.03007,1.39982
172,0.23628,-0.04139,1.42447
173,0.22911,-0.06001,1.41099
174,0.26299,-0.0532,1.41654
175,0.27139,-0.03207,1.41471
176,0.21704,-0.05135,1.41626
177,0.21053,-0.03021,1.41565
178,0.26037,-0.02218,1.41415
179,0.25698000000000004,-0.04905,1.39487
180,0.24202,-0.05689,1.40136
181,0.26152,-0.04775,1.4064299999999998
182,0.24407,-0.017480000000000002,1.41101
183,0.26061,-0.05048,1.40898
184,0.21082,-0.06602999999999999,1.41717
185,0.25291,-0.04579,1.40285
186,0.25174,-0.05053,1.40531
187,0.25075,-0.048510000000000005,1.4032
188,0.23842,-0.0212,1.41109
189,0.23231,-0.033530000000000004,1.40322
190,0.22285,-0.05442,1.40804
191,0.22582,-0.033339999999999995,1.40191
192,0.22098,-0.0881,1.4304
193,0.2427,-0.02061,1.40973
194,0.24578000000000005,-0.04868,1.41503
195,0.25073,-0.06941,1.41735
196,0.24744,-0.02091,1.41095
197,0.2663,-0.03934,1.41027
198,0.23866,-0.07055,1.4031
199,0.2643,-0.00942,1.39932
200,0.22998,-0.04194,1.40435
201,0.27097,-0.02963,1.40687
202,0.24591,-0.01169,1.39992
203,0.23862,-0.08115,1.40072
204,0.23505,-0.0339,1.41082
205,0.25222,-0.05871000000000001,1.41695
206,0.26641,-0.05656,1.42099
207,0.22099,-0.05762000000000001,1.4146299999999998
208,0.24087,-0.05469,1.41405
209,0.24411,-0.03822,1.41874
210,0.25867,-0.00421,1.40574
211,0.22746,-0.04822,1.40267
212,0.23803,-0.04364,1.41665
213,0.26197,-0.00674,1.42297
214,0.27396,-0.02683,1.42271
215,0.23575,-0.030660000000000007,1.41725
216,0.22968,-0.03389,1.42036
217,0.22981,-0.03476,1.42133
218,0.23595,-0.03769,1.38634
219,0.26832,0.00451,1.4114799999999998
220,0.23934,-0.0482,1.4042
221,0.23791,-0.0245,1.41737
222,0.22995,-0.03175,1.4025
223,0.24204,-0.01681,1.4073
224,0.23765,-0.05742000000000001,1.41539
225,0.22909,-0.07173,1.41893
226,0.24068,-0.03333,1.38726
227,0.24926,-0.06919,1.41531
228,0.23906,-0.04685,1.42049
229,0.2355,-0.02099,1.40283
230,0.25975,-0.02183,1.41737
231,0.2469,-0.06671,1.40879
232,0.22851,-0.04598,1.42085
233,0.22837,-0.04485,1.41751
234,0.24338,-0.01475,1.4102
235,0.2436,-0.04486,1.4059
236,0.22816,-0.03099,1.41309
237,0.27147,-0.04833,1.42349
238,0.24955,-0.02339,1.40547
239,0.24715,-0.03184,1.42056
240,0.24788,-0.04515,1.41031
241,0.24538,-0.0681,1.40251
242,0.22238,-0.02486,1.41345
243,0.25597,-0.06316000000000001,1.4095799999999998
244,0.22229,-0.03407,1.41628
245,0.22553,-0.00923,1.43246
246,0.23099,-0.034460000000000005,1.41108
247,0.2438,-0.02342,1.42459
248,0.24139,-0.054820000000000015,1.40395
249,0.23992,-0.03132,1.39222
250,0.2291,-0.02083,1.4157
251,0.24844,-0.04946,1.41497
252,0.25513,-0.04894,1.41316
253,0.25538,-0.04433,1.406
254,0.22711,-0.01439,1.4250200000000002
255,0.22652,-0.03045,1.40354
256,0.26742,-0.0495,1.41871
257,0.24234,-0.015880000000000002,1.40223
258,0.28247,-0.03296,1.41818
259,0.24473000000000006,-0.04803,1.41287
260,0.24595,-0.00187,1.41904
261,0.26524000000000003,-0.03568,1.39637
262,0.24164,-0.0417,1.42961
263,0.23587,-0.05007,1.40751
264,0.26303000000000004,-0.05505,1.4171200000000002
265,0.24541,-0.06151,1.41127
266,0.25867,-0.02542,1.40532
267,0.2406,-0.04775,1.40186
268,0.23093,-0.01882,1.41352
269,0.24863,-0.017159999999999998,1.40678
270,0.23193000000000005,-0.02645,1.40893
271,0.25443000000000005,-0.02009,1.4199700000000002
272,0.2379,-0.0178,1.41295
273,0.22859,-0.04104,1.4184
274,0.25757,-0.04225,1.41058
275,0.22913000000000006,-0.02191,1.40298
276,0.22798,-0.04268,1.40382
277,0.24913,-0.04858,1.4156799999999998
278,0.22948,-0.026000000000000002,1.41061
279,0.24687,-0.02371,1.41279
280,0.23507,-0.04129,1.41749
281,0.25929,-0.04141,1.3964299999999998
282,0.23403,-0.03227,1.40685
283,0.25193000000000004,-0.0308,1.42281
284,0.21982,-0.04492,1.41945
285,0.24418,-0.01347,1.42233
286,0.23225,-0.017480000000000002,1.40778
287,0.24091,-0.02083,1.42347
288,0.23172,-0.00702,1.40802
289,0.24722,-0.01876,1.42028
290,0.23869,-0.01356,1.40525
291,0.23965,-0.03657,1.41413
292,0.23446,-0.04934,1.39763
293,0.21893,-0.039810000000000005,1.41183
294,0.26508000000000004,-0.0175,1.41307
295,0.2224,-0.03445,1.40608
296,0.2489,-0.031010000000000006,1.41705
297,0.276,-0.02141,1.41438
298,0.23681,-0.04243,1.39241
299,0.24296,-0.02019,1.40077
300,0.24659,-0.03136,1.40984
301,0.22914,-0.0413,1.42419
302,0.25509,-0.03711,1.40596
303,0.22508000000000006,-0.029110000000000007,1.411
304,0.23395,-0.0082,1.42793
305,0.24577,-0.0413,1.4219700000000002
306,0.2393,-0.02766,1.39973
307,0.25483,-0.03785,1.4076
308,0.24518,-0.03578,1.41796
309,0.25746,-0.027860000000000003,1.42176
310,0.22181,-0.018580000000000003,1.40392
311,0.24762,-0.04554,1.4143
312,0.25265,-0.06944,1.40989
313,0.21582,-0.03763,1.41525
314,0.24779,-0.03755,1.41718
315,0.21368,-0.03754,1.41802
316,0.21676,-0.02362,1.4107
317,0.24519,-0.04367,1.41718
318,0.24291,-0.03217,1.41171
319,0.26155,-0.02913,1.41637
320,0.2263,-0.03939,1.40981
321,0.23721,-0.01957,1.40469
322,0.2496,-0.0466,1.42751
323,0.22486,-0.02252,1.41183
324,0.24752,-0.03096,1.39714
325,0.24837,-0.04559,1.41658
326,0.23736,-0.01828,1.39825
327,0.25854,-0.02239,1.42224
328,0.21039,-0.05775,1.39411
329,0.2224,-0.02152,1.40966
330,0.26024,-0.0437,1.43663
331,0.23901,-0.03293,1.41342
332,0.25086,-0.05183,1.42899
333,0.23335,-0.05194,1.40524
334,0.20278,-0.04001,1.41505
335,0.20775,-0.03159,1.42509
336,0.27038,-0.0597,1.41515
337,0.24824,-0.00901,1.41412
338,0.25176,-0.04935,1.4195
339,0.23517,-0.0316,1.40668
340,0.24144,-0.03879,1.40613
341,0.23567,-0.031830000000000004,1.4236799999999998
342,0.25145,-0.02268,1.4152
343,0.26412,-0.01394,1.40755
344,0.2326,-0.008620000000000001,1.40719
345,0.26464,-0.03352,1.402
346,0.24259,-0.008159999999999999,1.4086
347,0.23285,-0.0332,1.42157
348,0.2549,-0.01662,1.40261
349,0.19622,-0.02516,1.43451
350,0.22478,-0.02093,1.4125299999999998
351,0.25073,-0.0199,1.40799
352,0.2305,-0.05328,1.42304
353,0.26173,-0.03841,1.41947
354,0.23247,-0.02835,1.4069
355,0.26649,-0.02866,1.41872
356,0.23761,-0.05123,1.40924
357,0.23691,-0.0119,1.40858
358,0.21752,0.00329,1.40504
359,0.20914,-0.02611,1.40188
360,0.20437,-0.03973,1.4114
361,0.25116,-0.02514,1.42421
362,0.2379,-0.04947,1.429
363,0.25488,-0.03583,1.43492
364,0.23451,-0.05757,1.41713
365,0.2365,-0.01872,1.40469
366,0.23574,-0.04793,1.4186
367,0.23503,-0.02893,1.39957
368,0.25323,-0.03058,1.41278
369,0.25803000000000004,-0.04439,1.3949
370,0.23357,-0.01782,1.4209
371,0.24512,-0.04545,1.41886
372,0.23198,-0.02551,1.42742
373,0.22558000000000006,-0.04125,1.41528
374,0.2488,-0.02276,1.41686
375,0.22813000000000005,-0.04199,1.40537
376,0.24626,-0.0179,1.42973
377,0.24466,-0.02512,1.42731
378,0.22716,-0.05454,1.41477
379,0.21507,-0.04844,1.41491
380,0.25178,-0.04191,1.41106
381,0.23853,-0.00926,1.40935
382,0.24069,-0.06195,1.4277
383,0.22101,-0.05343,1.4111200000000002
384,0.25135,-0.03126,1.41041
385,0.23866,-0.03815,1.4247299999999998
386,0.23773,-0.00904,1.40271
387,0.23485,-0.07799,1.40628
388,0.23083,-0.0217,1.42487
389,0.22777,-0.00216,1.40011
390,0.2521,-0.04442,1.40499
391,0.2454,-0.04621,1.40029
392,0.23933,-0.05476,1.42101
393,0.24674,-0.04184,1.41668
394,0.24809,-0.04342,1.42695
395,0.25533,-0.05247,1.40755
396,0.2381,-0.01681,1.41875
397,0.23886,-0.03505,1.42196
398,0.23215,-0.00445,1.43377
399,0.24247,-0.03652,1.4169999999999998
400,0.24217,-0.051570000000000005,1.42174
401,0.22262,-0.038,1.41659
402,0.24891,-0.02853,1.42179
403,0.25407,-0.03604,1.40749
404,0.25992,-0.00325,1.4138
405,0.25804,-0.03308,1.42004
406,0.26081,-0.012819999999999998,1.42405
407,0.23883,-0.03483,1.42861
408,0.24584,-0.0663,1.42529
409,0.23116,-0.05736,1.41338
410,0.2343,-0.00857,1.39683
411,0.26304,-0.04928,1.41804
412,0.25028,-0.00848,1.41976
413,0.23824,-0.06135,1.41374
414,0.27101,-0.05689,1.4180700000000002
415,0.22175,-0.01807,1.4268
416,0.24654,-0.03807,1.40693
417,0.25813,-0.0282,1.41794
418,0.26583,-0.02744,1.4156799999999998
419,0.2461,-0.03855,1.42084
420,0.24535,-0.04153,1.41071
421,0.24323000000000006,-0.007640000000000002,1.42507
422,0.23919,-0.05546,1.4054799999999998
423,0.25255,-0.04889,1.40512
424,0.22194,-0.03844,1.41483
425,0.23418000000000005,-0.02165,1.41464
426,0.2369,0.00571,1.41172
427,0.23414,-0.04768,1.42318
428,0.26276,-0.04116,1.42082
429,0.22436,-0.01802,1.41945
430,0.23888,-0.05,1.42369
431,0.24249,-0.03125,1.40825
432,0.252,-0.051670000000000015,1.42764
433,0.23227,-0.01721,1.41003
434,0.25874,-0.04142,1.40864
435,0.25733,-0.04165,1.41482
436,0.2263,-0.02176,1.42959
437,0.24487,-0.04148,1.42342
438,0.25817,-0.05484,1.42268
439,0.23533,-0.03573,1.41901
440,0.26362,-0.0362,1.41594
441,0.23833,-0.06506,1.40344
442,0.22894,-0.03764,1.40825
443,0.24926,-0.06642999999999999,1.4267299999999998
444,0.253,-0.07216,1.42618
445,0.24072,-0.0543,1.42159
446,0.22963000000000006,-0.05624,1.38955
447,0.23474,-0.02853,1.40146
448,0.23398,-0.06327,1.42506
449,0.24028,-0.05317,1.42311
450,0.24768,-0.03713,1.40535
451,0.22136,-0.01161,1.40998
452,0.24691,-0.04898,1.43624
453,0.20275,-0.03976,1.41814
454,0.23987,-0.0253,1.4196
455,0.25544,-0.054679999999999986,1.41576
456,0.22343,-0.04527,1.42802
457,0.26104,-0.05218,1.40744
458,0.24127,-0.02757,1.4161700000000002
459,0.23807,-0.051370000000000006,1.4254
460,0.21684,-0.03187,1.40644
461,0.22365,-0.06239,1.41213
462,0.20283,-0.0399,1.4146
463,0.24264,-0.0368,1.41133
464,0.23057,-0.02142,1.40686
465,0.27915,-0.04339,1.39945
466,0.24269,-0.03743,1.41976
467,0.26579,-0.04994,1.43031
468,0.24489,-0.06179,1.42651
469,0.21576,-0.0573,1.40828
470,0.24511,-0.03775,1.41043
471,0.24384,-0.02241,1.42021
472,0.24243,0.00037,1.43069
473,0.19975,-0.02745,1.4049
474,0.22486,-0.038110000000000005,1.42126
475,0.26845,-0.0288,1.41862
476,0.21727,-0.04617,1.411
477,0.2463,-0.01981,1.42154
478,0.22143,0.01478,1.4205299999999998
479,0.2368,-0.03684,1.42003
480,0.24493,-0.03243,1.42475
481,0.24944,-0.0105,1.40562
482,0.23924,-0.03178,1.41753
483,0.24983,-0.02838,1.41612
484,0.24371,-0.034789999999999995,1.41949
485,0.24816,-0.03259,1.42542
486,0.24008,-0.05644,1.40509
487,0.22272,-0.06055,1.40955
488,0.23829,-0.06395,1.39302
489,0.24982,-0.04037,1.43965
490,0.25251,-0.044660000000000005,1.40153
491,0.27487,-0.06038,1.41478
492,0.24713,-0.03734,1.40627
493,0.2636,-0.03246,1.41024
494,0.25234,-0.04907,1.41629
495,0.22808,-0.02109,1.40901
496,0.22993,-0.03727,1.40722
497,0.22281,-0.04362,1.40364
498,0.24143,-0.02516,1.4144
499,0.27123,-0.03372,1.41018
500,0.24228,-0.03135,1.42111
501,0.25337,-0.03213,1.41783
502,0.23095,-0.0305,1.42344
503,0.2414,-0.04453,1.39866
504,0.25364000000000003,-0.04595,1.42127
505,0.25278,-0.02433,1.41037
506,0.26082,-0.03677,1.42409
507,0.24417,-0.0333,1.41541
508,0.22913000000000006,-0.02235,1.41427
509,0.24904,-0.03246,1.41562
510,0.25758000000000003,-0.01394,1.40479
511,0.2466,-0.026000000000000002,1.42012
512,0.19781,-0.04032,1.3955799999999998
513,0.21591,-0.02852,1.40617
514,0.2389,-0.04504,1.41551
515,0.25879,-0.04502,1.4086
516,0.21905,-0.01119,1.41421
517,0.24016,-0.04247,1.40911
518,0.21927,-0.02577,1.41237
519,0.22011,-0.0234,1.42635
520,0.23246,-0.01439,1.41954
521,0.22145,-0.02615,1.40781
522,0.24551,0.017490000000000002,1.41329
523,0.2431,-0.045610000000000005,1.41649
524,0.2697,-0.02411,1.41572
525,0.24427,-0.0287,1.41721
526,0.21889,-0.04532,1.41
527,0.24094,0.01446,1.4077
528,0.24935,-0.04179,1.42198
529,0.22566,-0.02529,1.41052
530,0.21836,-0.0604,1.4068200000000002
531,0.24085,-0.016640000000000002,1.41436
532,0.25552,-0.04905,1.41123
533,0.23652,-0.04526,1.41299
534,0.24789,-0.045860000000000005,1.40256
535,0.23389,-0.04584,1.40674
536,0.23158,-0.06469,1.40751
537,0.22956,-0.05841,1.4151
538,0.24189,-0.04637,1.42924
539,0.25005,-0.04445,1.39957
540,0.2269,-0.02123,1.40583
541,0.25054,-0.02983,1.41837
542,0.21242,-0.04533,1.41491
543,0.27549,-0.03487,1.41592
544,0.26196,-0.01928,1.41481
545,0.26462,-0.04654,1.41984
546,0.25729,-0.03597,1.40572
547,0.23321,-0.03444,1.41644
548,0.26193,-0.04208,1.41198
549,0.23517,-0.03135,1.40271
550,0.24394,-0.00603,1.41941
551,0.25759,-0.04304,1.41757
552,0.25448000000000004,-0.0267,1.41678
553,0.26256,-0.04837,1.43387
554,0.24119,-0.0334,1.40566
555,0.26746,-0.05239,1.41476
556,0.23968000000000006,-0.014180000000000003,1.42319
557,0.26936,-0.05076,1.41481
558,0.22488,-0.00518,1.41014
559,0.24517,-0.02224,1.41538
560,0.21528000000000005,-0.01472,1.4215799999999998
561,0.25944,-0.01794,1.40395
562,0.24499,-0.04368,1.41914
563,0.23311,-0.00432,1.4160700000000002
564,0.25048000000000004,-0.052620000000000014,1.42482
565,0.24073000000000006,-0.05476,1.41715
566,0.22523,-0.0466,1.41599
567,0.2341,-0.03043,1.42497
568,0.2418,-0.03482,1.41641
569,0.26031,-0.0332,1.4213
570,0.22986,-0.02256,1.42646
571,0.22454,-0.04262,1.42003
572,0.25458000000000003,-0.02335,1.4233
573,0.21892,-0.03194,1.40342
574,0.23137,-0.02819,1.4181
575,0.24054,-0.01725,1.413
576,0.22888000000000006,-0.01708,1.41155
577,0.23492,-0.03587,1.41573
578,0.22828,-0.02793,1.39801
579,0.2348,-0.0252,1.42543
580,0.24843,-0.04678,1.41563
581,0.21065,-0.028999999999999998,1.42651
582,0.23229,-0.05584,1.39839
583,0.22095,-0.04057,1.40389
584,0.21685,-0.01843,1.40226
585,0.20872,-0.040999999999999995,1.41682
586,0.25242,-0.03252,1.4161
587,0.21917,-0.04161,1.41455
588,0.23239,-0.04736,1.4012
589,0.23844,-0.02789,1.40739
590,0.2232,-0.04345,1.41629
591,0.26866,-0.04807,1.41511
592,0.23916,-0.05078,1.42052
593,0.24334,-0.02108,1.42134
594,0.22346,-0.02098,1.40805
595,0.24123000000000006,-0.02154,1.41701
596,0.22356,-0.03543,1.4240000000000002
597,0.2515,-0.029560000000000006,1.43114
598,0.23921,-0.05762000000000001,1.41509
599,0.22962,-0.0289,1.40934
600,0.25792,-0.04114,1.42779
601,0.24007,-0.04878,1.4069
602,0.24759,-0.05771,1.40731
603,0.24386,-0.04802,1.4068200000000002
604,0.22336,-0.04055,1.40728
605,0.24622,-0.054720000000000005,1.4159700000000002
606,0.22609,-0.00825,1.42645
607,0.24182,-0.016819999999999998,1.40498
608,0.22832,-0.00515,1.42038
609,0.21888,-0.05565,1.40789
610,0.23043,-0.05277,1.4150200000000002
611,0.20564,-0.01563,1.43107
612,0.24992,-0.0124,1.4197
613,0.23848000000000005,-0.03835,1.41695
614,0.25469,-0.0353,1.41233
615,0.24001,-0.03285,1.41496
616,0.23611,-0.03735,1.42366
617,0.24157,-0.05451,1.41379
618,0.22178,-0.02773,1.42098
619,0.22087,-0.03978,1.4182
620,0.23798,-0.04649,1.42116
621,0.2547,-0.01864,1.41951
622,0.21491,-0.03893,1.42729
623,0.22174,-0.02445,1.40181
624,0.20218,-0.03651,1.4142
625,0.24221,-0.05526,1.42727
626,0.25391,-0.02028,1.41841
627,0.23192,-0.03994,1.43039
628,0.23773,-0.04168,1.40651
629,0.24793,-0.031760000000000004,1.42936
630,0.24336,-0.04312,1.42238
631,0.23977,-0.03122,1.4174
632,0.24683,-0.03112,1.43986
633,0.24625,-0.01313,1.41052
634,0.24122,-0.05738,1.40196
635,0.22931,-0.0388,1.4369299999999998
636,0.2371,-0.0622,1.42823
637,0.23502,-0.03036,1.42533
638,0.21538,-0.02195,1.4285
639,0.23884,-0.03693,1.4160700000000002
640,0.2197,-0.04526,1.4307299999999998
641,0.24544,-0.0283,1.41364
642,0.24515,-0.01475,1.42506
643,0.26069000000000003,0.004079999999999999,1.42079
644,0.23638,-0.01201,1.42081
645,0.24518,-0.02297,1.42806
646,0.23606,-0.02876,1.42803
647,0.23495,-0.01883,1.4151200000000002
648,0.2472,-0.03315,1.41714
649,0.21732,-0.03881,1.41418
650,0.23186,-0.04498,1.40935
651,0.23184,-0.03911,1.40357
652,0.26151,-0.02653,1.43363
653,0.22834,-0.04715,1.41057
654,0.24091,-0.045860000000000005,1.41103
655,0.26629,-0.02495,1.42349
656,0.25977,-0.05831,1.41881
657,0.26285,0.005379999999999999,1.43753
658,0.21666,-0.01213,1.41035
659,0.23483,-0.01904,1.42286
660,0.21967,-0.04406,1.41532
661,0.25293000000000004,-0.03564,1.42169
662,0.24482,-0.02513,1.42271
663,0.23494,-0.03881,1.41986
664,0.21703000000000006,-0.013369999999999998,1.40496
665,0.23212,-0.02503,1.43143
666,0.25633,-0.034260000000000006,1.42304
667,0.22609,-0.01952,1.4160700000000002
668,0.22012,-0.03022,1.42876
669,0.1983,-0.0229,1.43391
670,0.23233,-0.04919,1.4280000000000002
671,0.24808,-0.03839,1.41691
672,0.22904,-0.04906,1.41661
673,0.24909,-0.034980000000000004,1.41585
674,0.23912,-0.04462,1.4174
675,0.25866,-0.04111,1.40433
676,0.23492,4e-05,1.41612
677,0.23982,-0.04447,1.40415
678,0.25042,-0.03001,1.42299
679,0.26391,-0.03113,1.4194
680,0.26255,-0.04298,1.42949
681,0.21827,-0.058920000000000014,1.42029
682,0.24086,-0.01951,1.39945
683,0.24984,-0.02089,1.42811
684,0.23876,-0.02564,1.42181
685,0.21923,-0.00999,1.42247
686,0.22882,-0.06887,1.41226
687,0.24555,-0.051920000000000015,1.42385
688,0.23605,-0.02201,1.40379
689,0.23873000000000005,-0.02969,1.42441
690,0.2283,-0.02424,1.4246299999999998
691,0.20018,-0.03369,1.40603
692,0.2205,-0.05923,1.41772
693,0.23819,-0.03404,1.42009
694,0.23734,-0.02899,1.41141
695,0.22906,-0.01934,1.42008
696,0.2128,-0.02872,1.4294
697,0.22926,-0.025730000000000003,1.43698
698,0.2306,-0.034539999999999994,1.4073
699,0.23219,-0.01775,1.40433
700,0.2523,-0.01198,1.41971
701,0.23573,-0.0311,1.42781
702,0.19357,-0.034260000000000006,1.41428
703,0.21107,-0.01322,1.42819
704,0.2128,-0.01471,1.41721
705,0.2216,-0.01726,1.42326
706,0.25777,-0.03785,1.41091
707,0.23437,-0.04136,1.42128
708,0.21367,-0.06974,1.40992
709,0.23106,-0.05347,1.39571
710,0.24023000000000005,-0.02708,1.41643
711,0.25358,-0.05198,1.42674
712,0.23396,-0.06786,1.42264
713,0.22059,-0.06688999999999999,1.41995
714,0.23693000000000006,-0.02565,1.41833
715,0.22888000000000006,-0.028630000000000006,1.4229
716,0.22797,-0.04937,1.4351200000000002
717,0.24635,-0.06845,1.41535
718,0.19093,-0.02483,1.41526
719,0.22874,-0.02531,1.42675
720,0.21706,-0.05525,1.42681
721,0.22466,-0.05399,1.41733
722,0.25123,-0.03123,1.4107
723,0.23481,-0.0499,1.40449
724,0.21569,-0.04845,1.43586
725,0.21568,-0.00983,1.4134
726,0.2344,-0.02039,1.42533
727,0.24032,-0.03484,1.4287
728,0.23446,-0.02469,1.43042
729,0.25601,-0.03096,1.41455
730,0.1995,-0.02525,1.4361700000000002
731,0.22234,-0.04098,1.41605
732,0.24264,-0.02577,1.42713
733,0.21818,-0.05816,1.41516
734,0.21642,-0.06007000000000001,1.4246
735,0.21677,-0.05446,1.40834
736,0.23265,-0.04139,1.41859
737,0.2593,0.00625,1.42544
738,0.23516,-0.05907,1.41595
739,0.23565,-0.07146,1.43318
740,0.24663,-0.03127,1.41875
741,0.22949,-0.05792000000000001,1.42814
742,0.2279,-0.00227,1.42818
743,0.24164,-0.03175,1.41103
744,0.2407,-0.035230000000000004,1.40288
745,0.23043,-0.0401,1.41331
746,0.23004,-0.06031,1.42615
747,0.24506,-0.02507,1.41905
748,0.21155,-0.05343,1.42167
749,0.23071,-0.00256,1.42507
750,0.23271,-0.03203,1.42523
751,0.22868,-0.04432,1.40674
752,0.22876,-0.0238,1.4328299999999998
753,0.23541,-0.03088,1.41606
754,0.20824,-0.02439,1.42086
755,0.24269,0.00182,1.42448
756,0.21096,-0.026000000000000002,1.42225
757,0.23876,-0.02783,1.41468
758,0.24811,-0.02933,1.4195799999999998
759,0.22823,-0.02965,1.42159
760,0.23245,-0.05141,1.43939
761,0.2257,-0.04277,1.42786
762,0.22686,-0.0413,1.43609
763,0.20251,-0.04216,1.42668
764,0.23939,-0.02304,1.41431
765,0.24223000000000006,-0.039560000000000005,1.42681
766,0.21411,-0.0005,1.42867
767,0.26366,-0.05274,1.40655
768,0.22949,-0.02438,1.42829
769,0.22554,-0.02602,1.41507
770,0.22928,-0.02469,1.42654
771,0.23364,-0.03335,1.43011
772,0.20364,-0.04179,1.44045
773,0.2448,-0.02757,1.41539
774,0.21281,-0.02746,1.41994
775,0.24423000000000006,-0.03424,1.42929
776,0.23199,-0.03827,1.42275
777,0.23546,-0.05841,1.42455
778,0.21812,-0.04664,1.42015
779,0.25173,-0.05545,1.40871
780,0.22697,-0.03386,1.41402
781,0.23082,-0.03195,1.4315
782,0.23264,-0.04404,1.4165
783,0.21217,-0.00512,1.43926
784,0.23949,-0.03831,1.42329
785,0.24512,-0.04401,1.41973
786,0.24251,-0.02359,1.40436
787,0.2353,-0.01038,1.4280700000000002
788,0.22643,-0.05542,1.40799
789,0.23863,-0.03617,1.43361
790,0.20151,-0.04675,1.43795
791,0.2188,-0.031810000000000005,1.41526
792,0.25391,-0.032780000000000004,1.42742
793,0.23711,-0.06077000000000001,1.4312200000000002
794,0.23498,-0.0593,1.41801
795,0.25344,-0.00476,1.41754
796,0.26676,-0.01886,1.41525
797,0.22101,-0.0316,1.41246
798,0.21715,-0.05148,1.42899
799,0.25856,-0.04523,1.41254
800,0.2343,-0.01805,1.41462
801,0.22177,-0.03067,1.42624
802,0.22946,-0.052279999999999986,1.42285
803,0.23841,-0.02279,1.43581
804,0.24419,-0.032389999999999995,1.42596
805,0.2274,-0.035210000000000005,1.43428
806,0.24579,-0.040999999999999995,1.4107299999999998
807,0.22491,-0.032,1.4272
808,0.25426,-0.03915,1.43606
809,0.22865,-0.01456,1.42122
810,0.22615,-0.007790000000000002,1.42925
811,0.22247,-0.03653,1.41629
812,0.27319,-0.03317,1.41943
813,0.23846,-0.02973,1.41656
814,0.22669,-0.03081,1.41186
815,0.19846,-0.05034,1.42561
816,0.22572,-0.04909,1.42006
817,0.21834,-0.05406,1.4286299999999998
818,0.21292,-0.017519999999999997,1.40857
819,0.25028,-0.04961,1.43579
820,0.22305,-0.036910000000000005,1.4219
821,0.22658000000000006,-0.00484,1.40325
822,0.23185,-0.06878,1.43813
823,0.20146,-0.008329999999999999,1.42324
824,0.26586,-0.02405,1.41326
825,0.23446,-0.01203,1.42216
826,0.24853000000000006,-0.0322,1.43434
827,0.20381,-0.00247,1.43114
828,0.22894,-0.01113,1.43068
829,0.24379,-0.0325,1.4172
830,0.23554,-0.03061,1.42494
831,0.21487,0.01211,1.41396
832,0.24186,-0.03834,1.42857
833,0.25224,-0.04116,1.40701
834,0.25525,-0.025810000000000003,1.42021
835,0.24827,-0.02099,1.41589
836,0.19653,-0.02062,1.40926
837,0.25764000000000004,-0.01908,1.43144
838,0.20383,-0.00457,1.40474
839,0.23412,-0.02949,1.43638
840,0.23363,-0.0289,1.43324
841,0.2454,-0.07754,1.41842
842,0.2389,-0.0212,1.42458
843,0.20326,-0.05062,1.4211200000000002
844,0.21722,-0.03739,1.40569
845,0.26686,-0.02637,1.42108
846,0.23552,-0.040060000000000005,1.4230200000000002
847,0.2669,-0.02943,1.41752
848,0.21831,-0.05107,1.4204
849,0.20271,-0.02306,1.42809
850,0.21611,-0.01989,1.43289
851,0.23651,-0.03784,1.40101
852,0.23118,-0.04624,1.42447
853,0.25067,-0.05288,1.42952
854,0.22306,-0.02824,1.41953
855,0.25197,-0.04877,1.43109
856,0.25077,-0.05814,1.41954
857,0.22251,-0.04914,1.42547
858,0.21482,-0.04595,1.43034
859,0.22772,-0.01799,1.42493
860,0.22399999999999998,-0.03856,1.42015
861,0.23885,-0.02809,1.41209
862,0.22761,-0.00826,1.4157799999999998
863,0.21483,-0.06127000000000001,1.42746
864,0.19833,-0.0307,1.42869
865,0.23301,-0.04306,1.42091
866,0.23143,-0.04928,1.41575
867,0.23437,-0.04179,1.40944
868,0.21536,-0.0299,1.40445
869,0.2101,-0.02201,1.42467
870,0.21734,-0.0714,1.4273
871,0.20619,-0.05104,1.42296
872,0.22596,-0.05982000000000001,1.43828
873,0.24348000000000006,-0.035789999999999995,1.41106
874,0.24455,-0.01952,1.41167
875,0.21892,-0.04386,1.4268299999999998
876,0.23396,-0.016069999999999997,1.41012
877,0.24047,-0.02409,1.4183
878,0.21506,-0.04673,1.4059
879,0.25684,-0.02667,1.41974
880,0.22179,-0.02419,1.39831
881,0.22552,-0.05388,1.41451
882,0.24649,-0.0278,1.40946
883,0.23113000000000006,-0.04038,1.42038
884,0.21562,-0.01195,1.42303
885,0.21032,-0.033839999999999995,1.40939
886,0.21953000000000006,-0.02418,1.40551
887,0.21556,-0.02524,1.41752
888,0.21879,-0.0473,1.40953
889,0.22684,-0.04719,1.4243
890,0.23214,-0.03179,1.42608
891,0.24639,-0.01272,1.41329
892,0.21745,-0.01141,1.40452
893,0.24467,-0.01967,1.3944
894,0.24032,-0.03642,1.43343
895,0.22851,-0.057470000000000014,1.41342
896,0.24276,-0.02577,1.40578
897,0.21573,-0.00461,1.43308
898,0.26168,-0.0456,1.42405
899,0.25949,-0.04154,1.41489
900,0.24208,-0.01779,1.4118700000000002
901,0.22872,-0.017480000000000002,1.40933
902,0.20941,-0.030910000000000007,1.42232
903,0.23818000000000006,-0.03513,1.41987
904,0.2292,-0.02106,1.41215
905,0.25778,-0.025730000000000003,1.4058
906,0.25067,-0.01859,1.4292200000000002
907,0.2315,-0.028710000000000006,1.42224
908,0.20062,-0.02419,1.41125
909,0.26314,-0.04987,1.41451
910,0.24645,-0.03395,1.41156
911,0.22173,-0.051570000000000005,1.41781
912,0.24858,-0.038110000000000005,1.41362
913,0.23127,-0.02941,1.41409
914,0.22997,-0.00985,1.41577
915,0.24997,-0.01527,1.41376
916,0.2137,0.00254,1.4116799999999998
917,0.23549,-0.0175,1.41064
918,0.23089,-0.02092,1.40518
919,0.23896,-0.03144,1.41698
920,0.299,-0.16301,0.20914
921,0.0,0.0,0.0
922,0.0,0.0,0.0
923,0.0,0.0,0.0
924,0.0,0.0,0.0
925,0.0,0.0,0.0
926,0.0,0.0,0.0
927,0.0,0.0,0.0
928,0.0,0.0,0.0
929,0.0,0.0,0.0
930,0.0,0.0,0.0
931,0.0,0.0,0.0
932,0.0,0.0,0.0
933,0.0,0.0,0.0
934,0.0,0.0,0.0
935,0.0,0.0,0.0
936,0.0,0.0,0.0
937,0.0,0.0,0.0
938,0.0,0.0,0.0
939,0.0,0.0,0.0
940,0.0,0.0,0.0
941,0.0,0.0,0.0
942,0.0,0.0,0.0
943,0.0,0.0,0.0
944,0.0,0.0,0.0
945,0.0,0.0,0.0
946,0.0,0.0,0.0
947,0.0,0.0,0.0
948,0.0,0.0,0.0
949,0.0,0.0,0.0
950,0.0,0.0,0.0
951,0.0,0.0,0.0
952,0.0,0.0,0.0
953,0.0,0.0,0.0
954,0.0,0.0,0.0
955,0.0,0.0,0.0
956,0.0,0.0,0.0
957,0.0,0.0,0.0
958,0.0,0.0,0.0
959,0.0,0.0,0.0
960,0.0,0.0,0.0
961,0.0,0.0,0.0
962,0.0,0.0,0.0
963,0.0,0.0,0.0
964,0.0,0.0,0.0
965,0.0,0.0,0.0
966,0.0,0.0,0.0
967,0.0,0.0,0.0
968,0.0,0.0,0.0
969,0.0,0.0,0.0
970,0.0,0.0,0.0
971,0.0,0.0,0.0
972,0.0,0.0,0.0
973,0.0,0.0,0.0
974,0.0,0.0,0.0
975,0.0,0.0,0.0
976,0.0,0.0,0.0
977,0.0,0.0,0.0
978,0.0,0.0,0.0
979,0.0,0.0,0.0
980,0.0,0.0,0.0
981,0.0,0.0,0.0
982,0.0,0.0,0.0
983,0.0,0.0,0.0
984,0.0,0.0,0.0
985,0.0,0.0,0.0
986,0.0,0.0,0.0
987,0.0,0.0,0.0
988,0.0,0.0,0.0
989,0.0,0.0,0.0
990,0.0,0.0,0.0
991,0.0,0.0,0.0
992,0.0,0.0,0.0
993,0.0,0.0,0.0
994,0.0,0.0,0.0
995,0.0,0.0,0.0
996,0.0,0.0,0.0
997,0.0,0.0,0.0
998,0.0,0.0,0.0
999,0.0,0.0,0.0
1000,0.0,0.0,0.0
1001,0.0,0.0,0.0
1002,0.0,0.0,0.0
1003,0.0,0.0,0.0
1004,0.0,0.0,0.0
1005,0.0,0.0,0.0
1006,0.0,0.0,0.0
1007,0.0,0.0,0.0
1008,0.0,0.0,0.0
1009,0.0,0.0,0.0
1010,0.0,0.0,0.0
1011,0.0,0.0,0.0
1012,0.0,0.0,0.0
1013,0.0,0.0,0.0
1014,0.0,0.0,0.0
1015,0.0,0.0,0.0
1016,0.0,0.0,0.0
1017,0.0,0.0,0.0
1018,0.0,0.0,0.0
1019,0.0,0.0,0.0
1020,0.0,0.0,0.0
1021,0.0,0.0,0.0
1022,0.0,0.0,0.0
1023,0.0,0.0,0.0
1024,0.0,0.0,0.0
1025,0.0,0.0,0.0
1026,0.0,0.0,0.0
1027,0.0,0.0,0.0
1028,0.0,0.0,0.0
1029,0.0,0.0,0.0
1030,0.0,0.0,0.0
1031,0.0,0.0,0.0
1032,0.0,0.0,0.0
1033,0.0,0.0,0.0
1034,0.0,0.0,0.0
1035,0.0,0.0,0.0
1036,0.0,0.0,0.0
1037,0.0,0.0,0.0
1038,0.0,0.0,0.0
1039,0.0,0.0,0.0
1040,0.0,0.0,0.0
1041,0.0,0.0,0.0
1042,0.0,0.0,0.0
1043,0.0,0.0,0.0
1044,0.0,0.0,0.0
1045,0.0,0.0,0.0
1046,0.0,0.0,0.0
1047,0.0,0.0,0.0
1048,0.0,0.0,0.0
1049,0.0,0.0,0.0
1050,0.0,0.0,0.0
1051,0.0,0.0,0.0
1052,0.0,0.0,0.0
1053,0.0,0.0,0.0
1054,0.0,0.0,0.0
1055,0.0,0.0,0.0
1056,0.0,0.0,0.0
1057,0.0,0.0,0.0
1058,0.0,0.0,0.0
1059,0.0,0.0,0.0
1060,0.0,0.0,0.0
1061,0.0,0.0,0.0
1062,0.0,0.0,0.0
1063,0.0,0.0,0.0
1064,0.0,0.0,0.0
1065,0.0,0.0,0.0
1066,0.0,0.0,0.0
1067,0.0,0.0,0.0
1068,0.0,0.0,0.0
1069,0.0,0.0,0.0
1070,0.0,0.0,0.0
1071,0.0,0.0,0.0
1072,0.0,0.0,0.0
1073,0.0,0.0,0.0
1074,0.0,0.0,0.0
1075,0.0,0.0,0.0
1076,0.0,0.0,0.0
1077,0.0,0.0,0.0
1078,0.0,0.0,0.0
1079,0.0,0.0,0.0
1080,0.0,0.0,0.0
1081,0.0,0.0,0.0
1082,0.0,0.0,0.0
1083,0.0,0.0,0.0
1084,0.0,0.0,0.0
1085,0.0,0.0,0.0
1086,0.0,0.0,0.0
1087,0.0,0.0,0.0
1088,0.0,0.0,0.0
1089,0.0,0.0,0.0
1090,0.0,0.0,0.0
1091,0.0,0.0,0.0
1092,0.0,0.0,0.0
1093,0.0,0.0,0.0
1094,0.0,0.0,0.0
1095,0.0,0.0,0.0
1096,0.0,0.0,0.0
1097,0.0,0.0,0.0
1098,0.0,0.0,0.0
1099,0.0,0.0,0.0
1100,0.0,0.0,0.0
1101,0.0,0.0,0.0
1102,0.0,0.0,0.0
1103,0.0,0.0,0.0
1104,0.0,0.0,0.0
1105,0.0,0.0,0.0
1106,0.0,0.0,0.0
1107,0.0,0.0,0.0
1108,0.0,0.0,0.0
1109,0.0,0.0,0.0
1110,0.0,0.0,0.0
1111,0.0,0.0,0.0
1112,0.0,0.0,0.0
1113,0.0,0.0,0.0
1114,0.0,0.0,0.0
1115,0.0,0.0,0.0
1116,0.0,0.0,0.0
1117,0.0,0.0,0.0
1118,0.0,0.0,0.0
1119,0.0,0.0,0.0
1120,0.0,0.0,0.0
1121,0.0,0.0,0.0
1122,0.0,0.0,0.0
1123,0.0,0.0,0.0
1124,0.0,0.0,0.0
1125,0.0,0.0,0.0
1126,0.0,0.0,0.0
1127,0.0,0.0,0.0
1128,0.0,0.0,0.0
1129,0.0,0.0,0.0
1130,0.0,0.0,0.0
1131,0.0,0.0,0.0
1132,0.0,0.0,0.0
1133,0.0,0.0,0.0
1134,0.0,0.0,0.0
1135,0.0,0.0,0.0
1136,0.0,0.0,0.0
1137,0.0,0.0,0.0
1138,0.0,0.0,0.0
1139,0.0,0.0,0.0
1140,0.0,0.0,0.0
1141,0.0,0.0,0.0
1142,0.0,0.0,0.0
1143,0.0,0.0,0.0
1144,0.0,0.0,0.0
1145,0.0,0.0,0.0
1146,0.0,0.0,0.0
1147,0.0,0.0,0.0
1148,0.0,0.0,0.0
1149,0.0,0.0,0.0
1150,0.0,0.0,0.0
1151,0.0,0.0,0.0
1152,0.0,0.0,0.0
1153,0.0,0.0,0.0
1154,0.0,0.0,0.0
1155,0.0,0.0,0.0
1156,0.0,0.0,0.0
1157,0.0,0.0,0.0
1158,0.0,0.0,0.0
1159,0.0,0.0,0.0
1160,0.0,0.0,0.0
1161,0.0,0.0,0.0
1162,0.0,0.0,0.0
1163,0.0,0.0,0.0
1164,0.0,0.0,0.0
1165,0.0,0.0,0.0
1166,0.0,0.0,0.0
1167,0.0,0.0,0.0
1168,0.0,0.0,0.0
1169,0.0,0.0,0.0
1170,0.0,0.0,0.0
1171,0.0,0.0,0.0
1172,0.0,0.0,0.0
1173,0.0,0.0,0.0
1174,0.0,0.0,0.0
1175,0.0,0.0,0.0
1176,0.0,0.0,0.0
1177,0.0,0.0,0.0
1178,0.0,0.0,0.0
1179,0.0,0.0,0.0
1180,0.0,0.0,0.0
1181,0.0,0.0,0.0
1182,0.0,0.0,0.0
1183,0.0,0.0,0.0
1184,0.0,0.0,0.0
1185,0.0,0.0,0.0
1186,0.0,0.0,0.0
1187,0.0,0.0,0.0
1188,0.0,0.0,0.0
1189,0.0,0.0,0.0
1190,0.0,0.0,0.0
1191,0.0,0.0,0.0
1192,0.0,0.0,0.0
1193,0.0,0.0,0.0
1194,0.0,0.0,0.0
1195,0.0,0.0,0.0
1196,0.0,0.0,0.0
1197,0.0,0.0,0.0
1198,0.0,0.0,0.0
1199,0.0,0.0,0.0
1200,0.0,0.0,0.0
1201,0.0,0.0,0.0
1202,0.0,0.0,0.0
1203,0.0,0.0,0.0
1204,0.0,0.0,0.0
1205,0.0,0.0,0.0
1206,0.0,0.0,0.0
1207,0.0,0.0,0.0
1208,0.0,0.0,0.0
1209,0.0,0.0,0.0
1210,0.0,0.0,0.0
1211,0.0,0.0,0.0
1212,0.0,0.0,0.0
1213,0.0,0.0,0.0
1214,0.0,0.0,0.0
1215,0.0,0.0,0.0
1216,0.0,0.0,0.0
1217,0.0,0.0,0.0
1218,0.0,0.0,0.0
1219,0.0,0.0,0.0
1220,0.0,0.0,0.0
1221,0.0,0.0,0.0
1222,0.0,0.0,0.0
1223,0.0,0.0,0.0
1224,0.0,0.0,0.0
1225,0.0,0.0,0.0
1226,0.0,0.0,0.0
1227,0.0,0.0,0.0
1228,0.0,0.0,0.0
1229,0.0,0.0,0.0
1230,0.0,0.0,0.0
1231,0.0,0.0,0.0
1232,0.0,0.0,0.0
1233,0.0,0.0,0.0
1234,0.0,0.0,0.0
1235,0.0,0.0,0.0
1236,0.0,0.0,0.0
1237,0.0,0.0,0.0
1238,0.0,0.0,0.0
1239,0.0,0.0,0.0
1240,0.0,0.0,0.0
1241,0.0,0.0,0.0
1242,0.0,0.0,0.0
1243,0.0,0.0,0.0
1244,0.0,0.0,0.0
1245,0.0,0.0,0.0
1246,0.0,0.0,0.0
1247,0.0,0.0,0.0
1248,0.0,0.0,0.0
1249,0.0,0.0,0.0
1250,0.0,0.0,0.0
1251,0.0,0.0,0.0
1252,0.0,0.0,0.0
1253,0.0,0.0,0.0
1254,0.0,0.0,0.0
1255,0.0,0.0,0.0
1256,0.0,0.0,0.0
1257,0.0,0.0,0.0
1258,0.0,0.0,0.0
1259,0.0,0.0,0.0
1260,0.0,0.0,0.0
1261,0.0,0.0,0.0
1262,0.0,0.0,0.0
1263,0.0,0.0,0.0
1264,0.0,0.0,0.0
1265,0.0,0.0,0.0
1266,0.0,0.0,0.0
1267,0.0,0.0,0.0
1268,0.0,0.0,0.0
1269,0.0,0.0,0.0
1270,0.0,0.0,0.0
1271,0.0,0.0,0.0
1272,0.0,0.0,0.0
1273,0.0,0.0,0.0
1274,0.0,0.0,0.0
1275,0.0,0.0,0.0
1276,0.0,0.0,0.0
1277,0.0,0.0,0.0
1278,0.0,0.0,0.0
1279,0.0,0.0,0.0
1280,0.0,0.0,0.0
1281,0.0,0.0,0.0
1282,0.0,0.0,0.0
1283,0.0,0.0,0.0
1284,0.0,0.0,0.0
1285,0.0,0.0,0.0
1286,0.0,0.0,0.0
1287,0.0,0.0,0.0
1288,0.0,0.0,0.0
1289,0.0,0.0,0.0
1290,0.0,0.0,0.0
1291,0.0,0.0,0.0
1292,0.0,0.0,0.0
1293,0.0,0.0,0.0
1294,0.0,0.0,0.0
1295,0.0,0.0,0.0
1296,0.0,0.0,0.0
1297,0.0,0.0,0.0
1298,0.0,0.0,0.0
1299,0.0,0.0,0.0
1300,0.0,0.0,0.0
1301,0.0,0.0,0.0
1302,0.0,0.0,0.0
1303,0.0,0.0,0.0
1304,0.0,0.0,0.0
1305,0.0,0.0,0.0
1306,0.0,0.0,0.0
1307,0.0,0.0,0.0
1308,0.0,0.0,0.0
1309,0.0,0.0,0.0
1310,0.0,0.0,0.0
1311,0.0,0.0,0.0
1312,0.0,0.0,0.0
1313,0.0,0.0,0.0
1314,0.0,0.0,0.0
1315,0.0,0.0,0.0
1316,0.0,0.0,0.0
1317,0.0,0.0,0.0
1318,0.0,0.0,0.0
1319,0.0,0.0,0.0
1320,0.0,0.0,0.0
1321,0.0,0.0,0.0
1322,0.0,0.0,0.0
1323,0.0,0.0,0.0
1324,0.0,0.0,0.0
1325,0.0,0.0,0.0
1326,0.0,0.0,0.0
1327,0.0,0.0,0.0
1328,0.0,0.0,0.0
1329,0.0,0.0,0.0
1330,0.0,0.0,0.0
1331,0.0,0.0,0.0
1332,0.0,0.0,0.0
1333,0.0,0.0,0.0
1334,0.0,0.0,0.0
1335,0.0,0.0,0.0
1336,0.0,0.0,0.0
1337,0.0,0.0,0.0
1338,0.0,0.0,0.0
1339,0.0,0.0,0.0
1340,0.0,0.0,0.0
1341,0.0,0.0,0.0
1342,0.0,0.0,0.0
1343,0.0,0.0,0.0
1344,0.0,0.0,0.0
1345,0.0,0.0,0.0
1346,0.0,0.0,0.0
1347,0.0,0.0,0.0
1348,0.0,0.0,0.0
1349,0.0,0.0,0.0
1350,0.0,0.0,0.0
1351,0.0,0.0,0.0
1352,0.0,0.0,0.0
1353,0.0,0.0,0.0
1354,0.0,0.0,0.0
1355,0.0,0.0,0.0
1356,0.0,0.0,0.0
1357,0.0,0.0,0.0
1358,0.0,0.0,0.0
1359,0.0,0.0,0.0
1360,0.0,0.0,0.0
1361,0.0,0.0,0.0
1362,0.0,0.0,0.0
1363,0.0,0.0,0.0
1364,0.0,0.0,0.0
1365,0.0,0.0,0.0
1366,0.0,0.0,0.0
1367,0.0,0.0,0.0
1368,0.0,0.0,0.0
1369,0.0,0.0,0.0
1370,0.0,0.0,0.0
1371,0.0,0.0,0.0
1372,0.0,0.0,0.0
1373,0.0,0.0,0.0
1374,0.0,0.0,0.0
1375,0.0,0.0,0.0
1376,0.0,0.0,0.0
1377,0.0,0.0,0.0
1378,0.0,0.0,0.0
1379,0.0,0.0,0.0
1380,0.0,0.0,0.0
1381,0.0,0.0,0.0
1382,0.0,0.0,0.0
1383,0.0,0.0,0.0
1384,0.0,0.0,0.0
1385,0.0,0.0,0.0
1386,0.0,0.0,0.0
1387,0.0,0.0,0.0
1388,0.0,0.0,0.0
1389,0.0,0.0,0.0
1390,0.0,0.0,0.0
1391,0.0,0.0,0.0
1392,0.0,0.0,0.0
1393,0.0,0.0,0.0
1394,0.0,0.0,0.0
1395,0.0,0.0,0.0
1396,0.0,0.0,0.0
1397,0.0,0.0,0.0
1398,0.0,0.0,0.0
1399,0.0,0.0,0.0
1400,0.0,0.0,0.0
1401,0.0,0.0,0.0
1402,0.0,0.0,0.0
1403,0.0,0.0,0.0
1404,0.0,0.0,0.0
1405,0.0,0.0,0.0
1406,0.0,0.0,0.0
1407,0.0,0.0,0.0
1408,0.0,0.0,0.0
1409,0.0,0.0,0.0
1410,0.0,0.0,0.0
1411,0.0,0.0,0.0
1412,0.0,0.0,0.0
1413,0.0,0.0,0.0
1414,0.0,0.0,0.0
1415,0.0,0.0,0.0
1416,0.0,0.0,0.0
1417,0.0,0.0,0.0
1418,0.0,0.0,0.0
1419,0.0,0.0,0.0
1420,0.0,0.0,0.0
1421,0.0,0.0,0.0
1422,0.0,0.0,0.0
1423,0.0,0.0,0.0
1424,0.0,0.0,0.0
1425,0.0,0.0,0.0
1426,0.0,0.0,0.0
1427,0.0,0.0,0.0
1428,0.0,0.0,0.0
1429,0.0,0.0,0.0
1430,0.0,0.0,0.0
1431,0.0,0.0,0.0
1432,0.0,0.0,0.0
1433,0.0,0.0,0.0
1434,0.0,0.0,0.0
1435,0.0,0.0,0.0
1436,0.0,0.0,0.0
1437,0.0,0.0,0.0
1438,0.0,0.0,0.0
1439,0.0,0.0,0.0
1440,0.0,0.0,0.0
1441,0.0,0.0,0.0
1442,0.0,0.0,0.0
1443,0.0,0.0,0.0
1444,0.0,0.0,0.0
1445,0.0,0.0,0.0
1446,0.0,0.0,0.0
1447,0.0,0.0,0.0
1448,0.0,0.0,0.0
1449,0.0,0.0,0.0
1450,0.0,0.0,0.0
1451,0.0,0.0,0.0
1452,0.0,0.0,0.0
1453,0.0,0.0,0.0
1454,0.0,0.0,0.0
1455,0.0,0.0,0.0
1456,0.0,0.0,0.0
1457,0.0,0.0,0.0
1458,0.0,0.0,0.0
1459,0.0,0.0,0.0
1460,0.0,0.0,0.0
1461,0.0,0.0,0.0
1462,0.0,0.0,0.0
1463,0.0,0.0,0.0
1464,0.0,0.0,0.0
1465,0.0,0.0,0.0
1466,0.0,0.0,0.0
1467,0.0,0.0,0.0
1468,0.0,0.0,0.0
1469,0.0,0.0,0.0
1470,0.0,0.0,0.0
1471,0.0,0.0,0.0
1472,0.0,0.0,0.0
1473,0.0,0.0,0.0
1474,0.0,0.0,0.0
1475,0.0,0.0,0.0
1476,0.0,0.0,0.0
1477,0.0,0.0,0.0
1478,0.0,0.0,0.0
1479,0.0,0.0,0.0
1480,0.0,0.0,0.0
1481,0.0,0.0,0.0
1482,0.0,0.0,0.0
1483,0.0,0.0,0.0
1484,0.0,0.0,0.0
1485,0.0,0.0,0.0
1486,0.0,0.0,0.0
1487,0.0,0.0,0.0
1488,0.0,0.0,0.0
1489,0.0,0.0,0.0
1490,0.0,0.0,0.0
1491,0.0,0.0,0.0
1492,0.0,0.0,0.0
1493,0.0,0.0,0.0
1494,0.0,0.0,0.0
1495,0.0,0.0,0.0
1496,0.0,0.0,0.0
1497,0.0,0.0,0.0
1498,0.0,0.0,0.0
1499,0.0,0.0,0.0
1500,0.0,0.0,0.0
1501,0.0,0.0,0.0
1502,0.0,0.0,0.0
1503,0.0,0.0,0.0
1504,0.0,0.0,0.0
1505,0.0,0.0,0.0
1506,0.0,0.0,0.0
1507,0.0,0.0,0.0
1508,0.0,0.0,0.0
1509,0.0,0.0,0.0
1510,0.0,0.0,0.0
1511,0.0,0.0,0.0
1512,0.0,0.0,0.0
1513,0.0,0.0,0.0
1514,0.0,0.0,0.0
1515,0.0,0.0,0.0
1516,0.0,0.0,0.0
1517,0.0,0.0,0.0
1518,0.0,0.0,0.0
1519,0.0,0.0,0.0
1520,0.0,0.0,0.0
1521,0.0,0.0,0.0
1522,0.0,0.0,0.0
1523,0.0,0.0,0.0
1524,0.0,0.0,0.0
1525,0.0,0.0,0.0
1526,0.0,0.0,0.0
1527,0.0,0.0,0.0
1528,0.0,0.0,0.0
1529,0.0,0.0,0.0
1530,0.0,0.0,0.0
1531,0.0,0.0,0.0
1532,0.0,0.0,0.0
1533,0.0,0.0,0.0
1534,0.0,0.0,0.0
1535,0.0,0.0,0.0
1536,0.0,0.0,0.0
1537,0.0,0.0,0.0
1538,0.0,0.0,0.0
1539,0.0,0.0,0.0
1540,0.0,0.0,0.0
1541,0.0,0.0,0.0
1542,0.0,0.0,0.0
1543,0.0,0.0,0.0
1544,0.0,0.0,0.0
1545,0.0,0.0,0.0
1546,0.0,0.0,0.0
1547,0.0,0.0,0.0
1548,0.0,0.0,0.0
1549,0.0,0.0,0.0
1550,0.0,0.0,0.0
1551,0.0,0.0,0.0
1552,0.0,0.0,0.0
1553,0.0,0.0,0.0
1554,0.0,0.0,0.0
1555,0.0,0.0,0.0
1556,0.0,0.0,0.0
1557,0.0,0.0,0.0
1558,0.0,0.0,0.0
1559,0.0,0.0,0.0
1560,0.0,0.0,0.0
1561,0.0,0.0,0.0
1562,0.0,0.0,0.0
1563,0.0,0.0,0.0
1564,0.0,0.0,0.0
1565,0.0,0.0,0.0
1566,0.0,0.0,0.0
1567,0.0,0.0,0.0
1568,0.0,0.0,0.0
1569,0.0,0.0,0.0
1570,0.0,0.0,0.0
1571,0.0,0.0,0.0
1572,0.0,0.0,0.0
1573,0.0,0.0,0.0
1574,0.0,0.0,0.0
1575,0.0,0.0,0.0
1576,0.0,0.0,0.0
1577,0.0,0.0,0.0
1578,0.0,0.0,0.0
1579,0.0,0.0,0.0
1580,0.0,0.0,0.0
1581,0.0,0.0,0.0
1582,0.0,0.0,0.0
1583,0.0,0.0,0.0
1584,0.0,0.0,0.0
1585,0.0,0.0,0.0
1586,0.0,0.0,0.0
1587,0.0,0.0,0.0
1588,0.0,0.0,0.0
1589,0.0,0.0,0.0
1590,0.0,0.0,0.0
1591,0.0,0.0,0.0
1592,0.0,0.0,0.0
1593,0.0,0.0,0.0
1594,0.0,0.0,0.0
1595,0.0,0.0,0.0
1596,0.0,0.0,0.0
1597,0.0,0.0,0.0
1598,0.0,0.0,0.0
1599,0.0,0.0,0.0
1600,0.0,0.0,0.0
1601,0.0,0.0,0.0
1602,0.0,0.0,0.0
1603,0.0,0.0,0.0
1604,0.0,0.0,0.0
1605,0.0,0.0,0.0
1606,0.0,0.0,0.0
1607,0.0,0.0,0.0
1608,0.0,0.0,0.0
1609,0.0,0.0,0.0
1610,0.0,0.0,0.0
1611,0.0,0.0,0.0
1612,0.0,0.0,0.0
1613,0.0,0.0,0.0
1614,0.0,0.0,0.0
1615,0.0,0.0,0.0
1616,0.0,0.0,0.0
1617,0.0,0.0,0.0
1618,0.0,0.0,0.0
1619,0.0,0.0,0.0
1620,0.0,0.0,0.0
1621,0.0,0.0,0.0
1622,0.0,0.0,0.0
1623,0.0,0.0,0.0
1624,0.0,0.0,0.0
1625,0.0,0.0,0.0
1626,0.0,0.0,0.0
1627,0.0,0.0,0.0
1628,0.0,0.0,0.0
1629,0.0,0.0,0.0
1630,0.0,0.0,0.0
1631,0.0,0.0,0.0
1632,0.0,0.0,0.0
1633,0.0,0.0,0.0
1634,0.0,0.0,0.0
1635,0.0,0.0,0.0
1636,0.0,0.0,0.0
1637,0.0,0.0,0.0
1638,0.0,0.0,0.0
1639,0.0,0.0,0.0
1640,0.0,0.0,0.0
1641,0.0,0.0,0.0
1642,0.0,0.0,0.0
1643,0.0,0.0,0.0
1644,0.0,0.0,0.0
1645,0.0,0.0,0.0
1646,0.0,0.0,0.0
1647,0.0,0.0,0.0
1648,0.0,0.0,0.0
1649,0.0,0.0,0.0
1650,0.0,0.0,0.0
1651,0.0,0.0,0.0
1652,0.0,0.0,0.0
1653,0.0,0.0,0.0
1654,0.0,0.0,0.0
1655,0.0,0.0,0.0
1656,0.0,0.0,0.0
1657,0.0,0.0,0.0
1658,0.0,0.0,0.0
1659,0.0,0.0,0.0
1660,0.0,0.0,0.0
1661,0.0,0.0,0.0
1662,0.0,0.0,0.0
1663,0.0,0.0,0.0
1664,0.0,0.0,0.0
1665,0.0,0.0,0.0
1666,0.0,0.0,0.0
1667,0.0,0.0,0.0
1668,0.0,0.0,0.0
1669,0.0,0.0,0.0
1670,0.0,0.0,0.0
1671,0.0,0.0,0.0
1672,0.0,0.0,0.0
1673,0.0,0.0,0.0
1674,0.0,0.0,0.0
1675,0.0,0.0,0.0
1676,0.0,0.0,0.0
1677,0.0,0.0,0.0
1678,0.0,0.0,0.0
1679,0.0,0.0,0.0
1680,0.0,0.0,0.0
1681,0.0,0.0,0.0
1682,0.0,0.0,0.0
1683,0.0,0.0,0.0
1684,0.0,0.0,0.0
1685,0.0,0.0,0.0
1686,0.0,0.0,0.0
1687,0.0,0.0,0.0
1688,0.0,0.0,0.0
1689,0.0,0.0,0.0
1690,0.0,0.0,0.0
1691,0.0,0.0,0.0
1692,0.0,0.0,0.0
1693,0.0,0.0,0.0
1694,0.0,0.0,0.0
1695,0.0,0.0,0.0
1696,0.0,0.0,0.0
1697,0.0,0.0,0.0
1698,0.0,0.0,0.0
1699,0.0,0.0,0.0
1700,0.0,0.0,0.0
1701,0.0,0.0,0.0
1702,0.0,0.0,0.0
1703,0.0,0.0,0.0
1704,0.0,0.0,0.0
1705,0.0,0.0,0.0
1706,0.0,0.0,0.0
1707,0.0,0.0,0.0
1708,0.0,0.0,0.0
1709,0.0,0.0,0.0
1710,0.0,0.0,0.0
1711,0.0,0.0,0.0
1712,0.0,0.0,0.0
1713,0.0,0.0,0.0
1714,0.0,0.0,0.0
1715,0.0,0.0,0.0
1716,0.0,0.0,0.0
1717,0.0,0.0,0.0
1718,0.0,0.0,0.0
1719,0.0,0.0,0.0
1720,0.0,0.0,0.0
1721,0.0,0.0,0.0
1722,0.0,0.0,0.0
1723,0.0,0.0,0.0
1724,0.0,0.0,0.0
1725,0.0,0.0,0.0
1726,0.0,0.0,0.0
1727,0.0,0.0,0.0
1728,0.0,0.0,0.0
1729,0.0,0.0,0.0
1730,0.0,0.0,0.0
1731,0.0,0.0,0.0
1732,0.0,0.0,0.0
1733,0.0,0.0,0.0
1734,0.0,0.0,0.0
1735,0.0,0.0,0.0
1736,0.0,0.0,0.0
1737,0.0,0.0,0.0
1738,0.0,0.0,0.0
1739,0.0,0.0,0.0
1740,0.0,0.0,0.0
1741,0.0,0.0,0.0
1742,0.0,0.0,0.0
1743,0.0,0.0,0.0
1744,0.0,0.0,0.0
1745,0.0,0.0,0.0
1746,0.0,0.0,0.0
1747,0.0,0.0,0.0
1748,0.0,0.0,0.0
1749,0.0,0.0,0.0
1750,0.0,0.0,0.0
1751,0.0,0.0,0.0
1752,0.0,0.0,0.0
1753,0.0,0.0,0.0
1754,0.0,0.0,0.0
1755,0.0,0.0,0.0
1756,0.0,0.0,0.0
1757,0.0,0.0,0.0
1758,0.0,0.0,0.0
1759,0.0,0.0,0.0
1760,0.0,0.0,0.0
1761,0.0,0.0,0.0
1762,0.0,0.0,0.0
1763,0.0,0.0,0.0
1764,0.0,0.0,0.0
1765,0.0,0.0,0.0
1766,0.0,0.0,0.0
1767,0.0,0.0,0.0
1768,0.0,0.0,0.0
1769,0.0,0.0,0.0
1770,0.0,0.0,0.0
1771,0.0,0.0,0.0
1772,0.0,0.0,0.0
1773,0.0,0.0,0.0
1774,0.0,0.0,0.0
1775,0.0,0.0,0.0
1776,0.0,0.0,0.0
1777,0.0,0.0,0.0
1778,0.0,0.0,0.0
1779,0.0,0.0,0.0
1780,0.0,0.0,0.0
1781,0.0,0.0,0.0
1782,0.0,0.0,0.0
1783,0.0,0.0,0.0
1784,0.0,0.0,0.0
1785,0.0,0.0,0.0
1786,0.0,0.0,0.0
1787,0.0,0.0,0.0
1788,0.0,0.0,0.0
1789,0.0,0.0,0.0
1790,0.0,0.0,0.0
1791,0.0,0.0,0.0
1792,0.0,0.0,0.0
1793,0.0,0.0,0.0
1794,0.0,0.0,0.0
1795,0.0,0.0,0.0
1796,0.0,0.0,0.0
1797,0.0,0.0,0.0
1798,0.0,0.0,0.0
1799,0.0,0.0,0.0
1800,0.0,0.0,0.0
1801,0.0,0.0,0.0
1802,0.0,0.0,0.0
1803,0.0,0.0,0.0
1804,0.0,0.0,0.0
1805,0.0,0.0,0.0
1806,0.0,0.0,0.0
1807,0.0,0.0,0.0
1808,0.0,0.0,0.0
1809,0.0,0.0,0.0
1810,0.0,0.0,0.0
1811,0.0,0.0,0.0
1812,0.0,0.0,0.0
1813,0.0,0.0,0.0
1814,0.0,0.0,0.0
1815,0.0,0.0,0.0
1816,0.0,0.0,0.0
1817,0.0,0.0,0.0
1818,0.0,0.0,0.0
1819,0.0,0.0,0.0
1820,0.0,0.0,0.0
1821,0.0,0.0,0.0
1822,0.0,0.0,0.0
1823,0.0,0.0,0.0
1824,0.0,0.0,0.0
1825,0.0,0.0,0.0
1826,0.0,0.0,0.0
1827,0.0,0.0,0.0
1828,0.0,0.0,0.0
1829,0.0,0.0,0.0
1830,0.0,0.0,0.0
1831,0.0,0.0,0.0
1832,0.0,0.0,0.0
1833,0.0,0.0,0.0
1834,0.0,0.0,0.0
1835,0.0,0.0,0.0
1836,0.0,0.0,0.0
1837,0.0,0.0,0.0
1838,0.0,0.0,0.0
1839,0.0,0.0,0.0
1840,0.0,0.0,0.0
1841,0.0,0.0,0.0
1842,0.0,0.0,0.0
1843,0.0,0.0,0.0
1844,0.0,0.0,0.0
1845,0.0,0.0,0.0
1846,0.0,0.0,0.0
1847,0.0,0.0,0.0
1848,0.0,0.0,0.0
1849,0.0,0.0,0.0
1850,0.0,0.0,0.0
1851,0.0,0.0,0.0
1852,0.0,0.0,0.0
1853,0.0,0.0,0.0
1854,0.0,0.0,0.0
1855,0.0,0.0,0.0
1856,0.0,0.0,0.0
1857,0.0,0.0,0.0
1858,0.0,0.0,0.0
1859,0.0,0.0,0.0
1860,0.0,0.0,0.0
1861,0.0,0.0,0.0
1862,0.0,0.0,0.0
1863,0.0,0.0,0.0
1864,0.0,0.0,0.0
1865,0.0,0.0,0.0
1866,0.0,0.0,0.0
1867,0.0,0.0,0.0
1868,0.0,0.0,0.0
1869,0.0,0.0,0.0
1870,0.0,0.0,0.0
1871,0.0,0.0,0.0
1872,0.0,0.0,0.0
1873,0.0,0.0,0.0
1874,0.0,0.0,0.0
1875,0.0,0.0,0.0
1876,0.0,0.0,0.0
1877,0.0,0.0,0.0
1878,0.0,0.0,0.0
1879,0.0,0.0,0.0
1880,0.0,0.0,0.0
1881,0.0,0.0,0.0
1882,0.0,0.0,0.0
1883,0.0,0.0,0.0
1884,0.0,0.0,0.0
1885,0.0,0.0,0.0
1886,0.0,0.0,0.0
1887,0.0,0.0,0.0
1888,0.0,0.0,0.0
1889,0.0,0.0,0.0
1890,0.0,0.0,0.0
1891,0.0,0.0,0.0
1892,0.0,0.0,0.0
1893,0.0,0.0,0.0
1894,0.0,0.0,0.0
1895,0.0,0.0,0.0
1896,0.0,0.0,0.0
1897,0.0,0.0,0.0
1898,0.0,0.0,0.0
1899,0.0,0.0,0.0
1900,0.0,0.0,0.0
1901,0.0,0.0,0.0
1902,0.0,0.0,0.0
1903,0.0,0.0,0.0
1904,0.0,0.0,0.0
1905,0.0,0.0,0.0
1906,0.0,0.0,0.0
1907,0.0,0.0,0.0
1908,0.0,0.0,0.0
1909,0.0,0.0,0.0
1910,0.0,0.0,0.0
1911,0.0,0.0,0.0
1912,0.0,0.0,0.0
1913,0.0,0.0,0.0
1914,0.0,0.0,0.0
1915,0.0,0.0,0.0
1916,0.0,0.0,0.0
1917,0.0,0.0,0.0
1918,0.0,0.0,0.0
1919,0.0,0.0,0.0
1920,0.0,0.0,0.0
1921,0.0,0.0,0.0
1922,0.0,0.0,0.0
1923,0.0,0.0,0.0
1924,0.0,0.0,0.0
1925,0.0,0.0,0.0
1926,0.0,0.0,0.0
1927,0.0,0.0,0.0
1928,0.0,0.0,0.0
1929,0.0,0.0,0.0
1930,0.0,0.0,0.0
1931,0.0,0.0,0.0
1932,0.0,0.0,0.0
1933,0.0,0.0,0.0
1934,0.0,0.0,0.0
1935,0.0,0.0,0.0
1936,0.0,0.0,0.0
1937,0.0,0.0,0.0
1938,0.0,0.0,0.0
1939,0.0,0.0,0.0
1940,0.0,0.0,0.0
1941,0.0,0.0,0.0
1942,0.0,0.0,0.0
1943,0.0,0.0,0.0
1944,0.0,0.0,0.0
1945,0.0,0.0,0.0
1946,0.0,0.0,0.0
1947,0.0,0.0,0.0
1948,0.0,0.0,0.0
1949,0.0,0.0,0.0
1950,0.0,0.0,0.0
1951,0.0,0.0,0.0
1952,0.0,0.0,0.0
1953,0.0,0.0,0.0
1954,0.0,0.0,0.0
1955,0.0,0.0,0.0
1956,0.0,0.0,0.0
1957,0.0,0.0,0.0
1958,0.0,0.0,0.0
1959,0.0,0.0,0.0
1960,0.0,0.0,0.0
1961,0.0,0.0,0.0
1962,0.0,0.0,0.0
1963,0.0,0.0,0.0
1964,0.0,0.0,0.0
1965,0.0,0.0,0.0
1966,0.0,0.0,0.0
1967,0.0,0.0,0.0
1968,0.0,0.0,0.0
1969,0.0,0.0,0.0
1970,0.0,0.0,0.0
1971,0.0,0.0,0.0
1972,0.0,0.0,0.0
1973,0.0,0.0,0.0
1974,0.0,0.0,0.0
1975,0.0,0.0,0.0
1976,0.0,0.0,0.0
1977,0.0,0.0,0.0
1978,0.0,0.0,0.0
1979,0.0,0.0,0.0
1980,0.0,0.0,0.0
1981,0.0,0.0,0.0
1982,0.0,0.0,0.0
1983,0.0,0.0,0.0
1984,0.0,0.0,0.0
1985,0.0,0.0,0.0
1986,0.0,0.0,0.0
1987,0.0,0.0,0.0
1988,0.0,0.0,0.0
1989,0.0,0.0,0.0
1990,0.0,0.0,0.0
1991,0.0,0.0,0.0
1992,0.0,0.0,0.0
1993,0.0,0.0,0.0
1994,0.0,0.0,0.0
1995,0.0,0.0,0.0
1996,0.0,0.0,0.0
1997,0.0,0.0,0.0
1998,0.0,0.0,0.0
1999,0.0,0.0,0.0
2000,0.0,0.0,0.0
2001,0.0,0.0,0.0
2002,0.0,0.0,0.0
2003,0.0,0.0,0.0
2004,0.0,0.0,0.0
2005,0.0,0.0,0.0
2006,0.0,0.0,0.0
2007,0.0,0.0,0.0
2008,0.0,0.0,0.0
2009,0.0,0.0,0.0
2010,0.0,0.0,0.0
2011,0.0,0.0,0.0
2012,0.0,0.0,0.0
2013,0.0,0.0,0.0
2014,0.0,0.0,0.0
2015,0.0,0.0,0.0
2016,0.0,0.0,0.0
2017,0.0,0.0,0.0
2018,0.0,0.0,0.0
2019,0.0,0.0,0.0
2020,0.0,0.0,0.0
2021,0.0,0.0,0.0
2022,0.0,0.0,0.0
2023,0.0,0.0,0.0
2024,0.0,0.0,0.0
2025,0.0,0.0,0.0
2026,0.0,0.0,0.0
2027,0.0,0.0,0.0
2028,0.0,0.0,0.0
2029,0.0,0.0,0.0
2030,0.0,0.0,0.0
2031,0.0,0.0,0.0
2032,0.0,0.0,0.0
2033,0.0,0.0,0.0
2034,0.0,0.0,0.0
2035,0.0,0.0,0.0
2036,0.0,0.0,0.0
2037,0.0,0.0,0.0
2038,0.0,0.0,0.0
2039,0.0,0.0,0.0
2040,0.0,0.0,0.0
2041,0.0,0.0,0.0
2042,0.0,0.0,0.0
2043,0.0,0.0,0.0
2044,0.0,0.0,0.0
2045,0.0,0.0,0.0
2046,0.0,0.0,0.0
2047,0.0,0.0,0.0
2048,0.0,0.0,0.0
2049,0.0,0.0,0.0
2050,0.0,0.0,0.0
2051,0.0,0.0,0.0
2052,0.0,0.0,0.0
2053,0.0,0.0,0.0
2054,0.0,0.0,0.0
2055,0.0,0.0,0.0
2056,0.0,0.0,0.0
2057,0.0,0.0,0.0
2058,0.0,0.0,0.0
2059,0.0,0.0,0.0
2060,0.0,0.0,0.0
2061,0.0,0.0,0.0
2062,0.0,0.0,0.0
2063,0.0,0.0,0.0
2064,0.0,0.0,0.0
2065,0.0,0.0,0.0
2066,0.0,0.0,0.0
2067,0.0,0.0,0.0
2068,0.0,0.0,0.0
2069,0.0,0.0,0.0
2070,0.0,0.0,0.0
2071,0.0,0.0,0.0
2072,0.0,0.0,0.0
2073,0.0,0.0,0.0
2074,0.0,0.0,0.0
2075,0.0,0.0,0.0
2076,0.0,0.0,0.0
2077,0.0,0.0,0.0
2078,0.0,0.0,0.0
2079,0.0,0.0,0.0
2080,0.0,0.0,0.0
2081,0.0,0.0,0.0
2082,0.0,0.0,0.0
2083,0.0,0.0,0.0
2084,0.0,0.0,0.0
2085,0.0,0.0,0.0
2086,0.0,0.0,0.0
2087,0.0,0.0,0.0
2088,0.0,0.0,0.0
2089,0.0,0.0,0.0
2090,0.0,0.0,0.0
2091,0.0,0.0,0.0
2092,0.0,0.0,0.0
2093,0.0,0.0,0.0
2094,0.0,0.0,0.0
2095,0.0,0.0,0.0
2096,0.0,0.0,0.0
2097,0.0,0.0,0.0
2098,0.0,0.0,0.0
2099,0.0,0.0,0.0
2100,0.0,0.0,0.0
2101,0.0,0.0,0.0
2102,0.0,0.0,0.0
2103,0.0,0.0,0.0
2104,0.0,0.0,0.0
2105,0.0,0.0,0.0
2106,0.0,0.0,0.0
2107,0.0,0.0,0.0
2108,0.0,0.0,0.0
2109,0.0,0.0,0.0
2110,0.0,0.0,0.0
2111,0.0,0.0,0.0
2112,0.0,0.0,0.0
2113,0.0,0.0,0.0
2114,0.0,0.0,0.0
2115,0.0,0.0,0.0
2116,0.0,0.0,0.0
2117,0.0,0.0,0.0
2118,0.0,0.0,0.0
2119,0.0,0.0,0.0
2120,0.0,0.0,0.0
2121,0.0,0.0,0.0
2122,0.0,0.0,0.0
2123,0.0,0.0,0.0
2124,0.0,0.0,0.0
2125,0.0,0.0,0.0
2126,0.0,0.0,0.0
2127,0.0,0.0,0.0
2128,0.0,0.0,0.0
2129,0.0,0.0,0.0
2130,0.0,0.0,0.0
2131,0.0,0.0,0.0
2132,0.0,0.0,0.0
2133,0.0,0.0,0.0
2134,0.0,0.0,0.0
2135,0.0,0.0,0.0
2136,0.0,0.0,0.0
2137,0.0,0.0,0.0
2138,0.0,0.0,0.0
2139,0.0,0.0,0.0
2140,0.0,0.0,0.0
2141,0.0,0.0,0.0
2142,0.0,0.0,0.0
2143,0.0,0.0,0.0
2144,0.0,0.0,0.0
2145,0.0,0.0,0.0
2146,0.0,0.0,0.0
2147,0.0,0.0,0.0
2148,0.0,0.0,0.0
2149,0.0,0.0,0.0
2150,0.0,0.0,0.0
2151,0.0,0.0,0.0
2152,0.0,0.0,0.0
2153,0.0,0.0,0.0
2154,0.0,0.0,0.0
2155,0.0,0.0,0.0
2156,0.0,0.0,0.0
2157,0.0,0.0,0.0
2158,0.0,0.0,0.0
2159,0.0,0.0,0.0
2160,0.0,0.0,0.0
2161,0.0,0.0,0.0
2162,0.0,0.0,0.0
2163,0.0,0.0,0.0
2164,0.0,0.0,0.0
2165,0.0,0.0,0.0
2166,0.0,0.0,0.0
2167,0.0,0.0,0.0
2168,0.0,0.0,0.0
2169,0.0,0.0,0.0
2170,0.0,0.0,0.0
2171,0.0,0.0,0.0
2172,0.0,0.0,0.0
2173,0.0,0.0,0.0
2174,0.0,0.0,0.0
2175,0.0,0.0,0.0
2176,0.0,0.0,0.0
2177,0.0,0.0,0.0
2178,0.0,0.0,0.0
2179,0.0,0.0,0.0
2180,0.0,0.0,0.0
2181,0.0,0.0,0.0
2182,0.0,0.0,0.0
2183,0.0,0.0,0.0
2184,0.0,0.0,0.0
2185,0.0,0.0,0.0
2186,0.0,0.0,0.0
2187,0.0,0.0,0.0
2188,0.0,0.0,0.0
2189,0.0,0.0,0.0
2190,0.0,0.0,0.0
2191,0.0,0.0,0.0
2192,0.0,0.0,0.0
2193,0.0,0.0,0.0
2194,0.0,0.0,0.0
2195,0.0,0.0,0.0
2196,0.0,0.0,0.0
2197,0.0,0.0,0.0
2198,0.0,0.0,0.0
2199,0.0,0.0,0.0
2200,0.0,0.0,0.0
2201,0.0,0.0,0.0
2202,0.0,0.0,0.0
2203,0.0,0.0,0.0
2204,0.0,0.0,0.0
2205,0.0,0.0,0.0
2206,0.0,0.0,0.0
2207,0.0,0.0,0.0
2208,0.0,0.0,0.0
2209,0.0,0.0,0.0
2210,0.0,0.0,0.0
2211,0.0,0.0,0.0
2212,0.0,0.0,0.0
2213,0.0,0.0,0.0
2214,0.0,0.0,0.0
2215,0.0,0.0,0.0
2216,0.0,0.0,0.0
2217,0.0,0.0,0.0
2218,0.0,0.0,0.0
2219,0.0,0.0,0.0
2220,0.0,0.0,0.0
2221,0.0,0.0,0.0
2222,0.0,0.0,0.0
2223,0.0,0.0,0.0
2224,0.0,0.0,0.0
2225,0.0,0.0,0.0
2226,0.0,0.0,0.0
2227,0.0,0.0,0.0
2228,0.0,0.0,0.0
2229,0.0,0.0,0.0
2230,0.0,0.0,0.0
2231,0.0,0.0,0.0
2232,0.0,0.0,0.0
2233,0.0,0.0,0.0
2234,0.0,0.0,0.0
2235,0.0,0.0,0.0
2236,0.0,0.0,0.0
2237,0.0,0.0,0.0
2238,0.0,0.0,0.0
2239,0.0,0.0,0.0
2240,0.0,0.0,0.0
2241,0.0,0.0,0.0
2242,0.0,0.0,0.0
2243,0.0,0.0,0.0
2244,0.0,0.0,0.0
2245,0.0,0.0,0.0
2246,0.0,0.0,0.0
2247,0.0,0.0,0.0
2248,0.0,0.0,0.0
2249,0.0,0.0,0.0
2250,0.0,0.0,0.0
2251,0.0,0.0,0.0
2252,0.0,0.0,0.0
2253,0.0,0.0,0.0
2254,0.0,0.0,0.0
2255,0.0,0.0,0.0
2256,0.0,0.0,0.0
2257,0.0,0.0,0.0
2258,0.0,0.0,0.0
2259,0.0,0.0,0.0
2260,0.0,0.0,0.0
2261,0.0,0.0,0.0
2262,0.0,0.0,0.0
2263,0.0,0.0,0.0
2264,0.0,0.0,0.0
2265,0.0,0.0,0.0
2266,0.0,0.0,0.0
2267,0.0,0.0,0.0
2268,0.0,0.0,0.0
2269,0.0,0.0,0.0
2270,0.0,0.0,0.0
2271,0.0,0.0,0.0
2272,0.0,0.0,0.0
2273,0.0,0.0,0.0
2274,0.0,0.0,0.0
2275,0.0,0.0,0.0
2276,0.0,0.0,0.0
2277,0.0,0.0,0.0
2278,0.0,0.0,0.0
2279,0.0,0.0,0.0
2280,0.0,0.0,0.0
2281,0.0,0.0,0.0
2282,0.0,0.0,0.0
2283,0.0,0.0,0.0
2284,0.0,0.0,0.0
2285,0.0,0.0,0.0
2286,0.0,0.0,0.0
2287,0.0,0.0,0.0
2288,0.0,0.0,0.0
2289,0.0,0.0,0.0
2290,0.0,0.0,0.0
2291,0.0,0.0,0.0
2292,0.0,0.0,0.0
2293,0.0,0.0,0.0
2294,0.0,0.0,0.0
2295,0.0,0.0,0.0
2296,0.0,0.0,0.0
2297,0.0,0.0,0.0
2298,0.0,0.0,0.0
2299,0.0,0.0,0.0
2300,0.0,0.0,0.0
2301,0.0,0.0,0.0
2302,0.0,0.0,0.0
2303,0.0,0.0,0.0
2304,0.0,0.0,0.0
2305,0.0,0.0,0.0
2306,0.0,0.0,0.0
2307,0.0,0.0,0.0
2308,0.0,0.0,0.0
2309,0.0,0.0,0.0
2310,0.0,0.0,0.0
2311,0.0,0.0,0.0
2312,0.0,0.0,0.0
2313,0.0,0.0,0.0
2314,0.0,0.0,0.0
2315,0.0,0.0,0.0
2316,0.0,0.0,0.0
2317,0.0,0.0,0.0
2318,0.0,0.0,0.0
2319,0.0,0.0,0.0
2320,0.0,0.0,0.0
2321,0.0,0.0,0.0
2322,0.0,0.0,0.0
2323,0.0,0.0,0.0
2324,0.0,0.0,0.0
2325,0.0,0.0,0.0
2326,0.0,0.0,0.0
2327,0.0,0.0,0.0
2328,0.0,0.0,0.0
2329,0.0,0.0,0.0
2330,0.0,0.0,0.0
2331,0.0,0.0,0.0
2332,0.0,0.0,0.0
2333,0.0,0.0,0.0
2334,0.0,0.0,0.0
2335,0.0,0.0,0.0
2336,0.0,0.0,0.0
2337,0.0,0.0,0.0
2338,0.0,0.0,0.0
2339,0.0,0.0,0.0
2340,0.0,0.0,0.0
2341,0.0,0.0,0.0
2342,0.0,0.0,0.0
2343,0.0,0.0,0.0
2344,0.0,0.0,0.0
2345,0.0,0.0,0.0
2346,0.0,0.0,0.0
2347,0.0,0.0,0.0
2348,0.0,0.0,0.0
2349,0.0,0.0,0.0
2350,0.0,0.0,0.0
2351,0.0,0.0,0.0
2352,0.0,0.0,0.0
2353,0.0,0.0,0.0
2354,0.0,0.0,0.0
2355,0.0,0.0,0.0
2356,0.0,0.0,0.0
2357,0.0,0.0,0.0
2358,0.0,0.0,0.0
2359,0.0,0.0,0.0
2360,0.0,0.0,0.0
2361,0.0,0.0,0.0
2362,0.0,0.0,0.0
2363,0.0,0.0,0.0
2364,0.0,0.0,0.0
2365,0.0,0.0,0.0
2366,0.0,0.0,0.0
2367,0.0,0.0,0.0
2368,0.0,0.0,0.0
2369,0.0,0.0,0.0
2370,0.0,0.0,0.0
2371,0.0,0.0,0.0
2372,0.0,0.0,0.0
2373,0.0,0.0,0.0
2374,0.0,0.0,0.0
2375,0.0,0.0,0.0
2376,0.0,0.0,0.0
2377,0.0,0.0,0.0
2378,0.0,0.0,0.0
2379,0.0,0.0,0.0
2380,0.0,0.0,0.0
2381,0.0,0.0,0.0
2382,0.0,0.0,0.0
2383,0.0,0.0,0.0
2384,0.0,0.0,0.0
2385,0.0,0.0,0.0
2386,0.0,0.0,0.0
2387,0.0,0.0,0.0
2388,0.0,0.0,0.0
2389,0.0,0.0,0.0
2390,0.0,0.0,0.0
2391,0.0,0.0,0.0
2392,0.0,0.0,0.0
2393,0.0,0.0,0.0
2394,0.0,0.0,0.0
2395,0.0,0.0,0.0
2396,0.0,0.0,0.0
2397,0.0,0.0,0.0
2398,0.0,0.0,0.0
2399,0.0,0.0,0.0
2400,0.0,0.0,0.0
2401,0.0,0.0,0.0
2402,0.0,0.0,0.0
2403,0.0,0.0,0.0
2404,0.0,0.0,0.0
2405,0.0,0.0,0.0
2406,0.0,0.0,0.0
2407,0.0,0.0,0.0
2408,0.0,0.0,0.0
2409,0.0,0.0,0.0
2410,0.0,0.0,0.0
2411,0.0,0.0,0.0
2412,0.0,0.0,0.0
2413,0.0,0.0,0.0
2414,0.0,0.0,0.0
2415,0.0,0.0,0.0
2416,0.0,0.0,0.0
2417,0.0,0.0,0.0
2418,0.0,0.0,0.0
2419,0.0,0.0,0.0
2420,0.0,0.0,0.0
2421,0.0,0.0,0.0
2422,0.0,0.0,0.0
2423,0.0,0.0,0.0
2424,0.0,0.0,0.0
2425,0.0,0.0,0.0
2426,0.0,0.0,0.0
2427,0.0,0.0,0.0
2428,0.0,0.0,0.0
2429,0.0,0.0,0.0
2430,0.0,0.0,0.0
2431,0.0,0.0,0.0
2432,0.0,0.0,0.0
2433,0.0,0.0,0.0
2434,0.0,0.0,0.0
2435,0.0,0.0,0.0
2436,0.0,0.0,0.0
2437,0.0,0.0,0.0
2438,0.0,0.0,0.0
2439,0.0,0.0,0.0
2440,0.0,0.0,0.0
2441,0.0,0.0,0.0
2442,0.0,0.0,0.0
2443,0.0,0.0,0.0
2444,0.0,0.0,0.0
2445,0.0,0.0,0.0
2446,0.0,0.0,0.0
2447,0.0,0.0,0.0
2448,0.0,0.0,0.0
2449,0.0,0.0,0.0
2450,0.0,0.0,0.0
2451,0.0,0.0,0.0
2452,0.0,0.0,0.0
2453,0.0,0.0,0.0
2454,0.0,0.0,0.0
2455,0.0,0.0,0.0
2456,0.0,0.0,0.0
2457,0.0,0.0,0.0
2458,0.0,0.0,0.0
2459,0.0,0.0,0.0
2460,0.0,0.0,0.0
2461,0.0,0.0,0.0
2462,0.0,0.0,0.0
2463,0.0,0.0,0.0
2464,0.0,0.0,0.0
2465,0.0,0.0,0.0
2466,0.0,0.0,0.0
2467,0.0,0.0,0.0
2468,0.0,0.0,0.0
2469,0.0,0.0,0.0
2470,0.0,0.0,0.0
2471,0.0,0.0,0.0
2472,0.0,0.0,0.0
2473,0.0,0.0,0.0
2474,0.0,0.0,0.0
2475,0.0,0.0,0.0
2476,0.0,0.0,0.0
2477,0.0,0.0,0.0
2478,0.0,0.0,0.0
2479,0.0,0.0,0.0
2480,0.0,0.0,0.0
2481,0.0,0.0,0.0
2482,0.0,0.0,0.0
2483,0.0,0.0,0.0
2484,0.0,0.0,0.0
2485,0.0,0.0,0.0
2486,0.0,0.0,0.0
2487,0.0,0.0,0.0
2488,0.0,0.0,0.0
2489,0.0,0.0,0.0
2490,0.0,0.0,0.0
2491,0.0,0.0,0.0
2492,0.0,0.0,0.0
2493,0.0,0.0,0.0
2494,0.0,0.0,0.0
2495,0.0,0.0,0.0
2496,0.0,0.0,0.0
2497,0.0,0.0,0.0
2498,0.0,0.0,0.0
2499,0.0,0.0,0.0
2500,0.0,0.0,0.0
2501,0.0,0.0,0.0
2502,0.0,0.0,0.0
2503,0.0,0.0,0.0
2504,0.0,0.0,0.0
2505,0.0,0.0,0.0
2506,0.0,0.0,0.0
2507,0.0,0.0,0.0
2508,0.0,0.0,0.0
2509,0.0,0.0,0.0
2510,0.0,0.0,0.0
2511,0.0,0.0,0.0
2512,0.0,0.0,0.0
2513,0.0,0.0,0.0
2514,0.0,0.0,0.0
2515,0.0,0.0,0.0
2516,0.0,0.0,0.0
2517,0.0,0.0,0.0
2518,0.0,0.0,0.0
2519,0.0,0.0,0.0
2520,0.0,0.0,0.0
2521,0.0,0.0,0.0
2522,0.0,0.0,0.0
2523,0.0,0.0,0.0
2524,0.0,0.0,0.0
2525,0.0,0.0,0.0
2526,0.0,0.0,0.0
2527,0.0,0.0,0.0
2528,0.0,0.0,0.0
2529,0.0,0.0,0.0
2530,0.0,0.0,0.0
2531,0.0,0.0,0.0
2532,0.0,0.0,0.0
2533,0.0,0.0,0.0
2534,0.0,0.0,0.0
2535,0.0,0.0,0.0
2536,0.0,0.0,0.0
2537,0.0,0.0,0.0
2538,0.0,0.0,0.0
2539,0.0,0.0,0.0
2540,0.0,0.0,0.0
2541,0.0,0.0,0.0
2542,0.0,0.0,0.0
2543,0.0,0.0,0.0
2544,0.0,0.0,0.0
2545,0.0,0.0,0.0
2546,0.0,0.0,0.0
2547,0.0,0.0,0.0
2548,0.0,0.0,0.0
2549,0.0,0.0,0.0
2550,0.0,0.0,0.0
2551,0.0,0.0,0.0
2552,0.0,0.0,0.0
2553,0.0,0.0,0.0
2554,0.0,0.0,0.0
2555,0.0,0.0,0.0
2556,0.0,0.0,0.0
2557,0.0,0.0,0.0
2558,0.0,0.0,0.0
2559,0.0,0.0,0.0
2560,0.0,0.0,0.0
2561,0.0,0.0,0.0
2562,0.0,0.0,0.0
2563,0.0,0.0,0.0
2564,0.0,0.0,0.0
2565,0.0,0.0,0.0
2566,0.0,0.0,0.0
2567,0.0,0.0,0.0
2568,0.0,0.0,0.0
2569,0.0,0.0,0.0
2570,0.0,0.0,0.0
2571,0.0,0.0,0.0
2572,0.0,0.0,0.0
2573,0.0,0.0,0.0
2574,0.0,0.0,0.0
2575,0.0,0.0,0.0
2576,0.0,0.0,0.0
2577,0.0,0.0,0.0
2578,0.0,0.0,0.0
2579,0.0,0.0,0.0
2580,0.0,0.0,0.0
2581,0.0,0.0,0.0
2582,0.0,0.0,0.0
2583,0.0,0.0,0.0
2584,0.0,0.0,0.0
2585,0.0,0.0,0.0
2586,0.0,0.0,0.0
2587,0.0,0.0,0.0
2588,0.0,0.0,0.0
2589,0.0,0.0,0.0
2590,0.0,0.0,0.0
2591,0.0,0.0,0.0
2592,0.0,0.0,0.0
2593,0.0,0.0,0.0
2594,0.0,0.0,0.0
2595,0.0,0.0,0.0
2596,0.0,0.0,0.0
2597,0.0,0.0,0.0
2598,0.0,0.0,0.0
2599,0.0,0.0,0.0
2600,0.0,0.0,0.0
2601,0.0,0.0,0.0
2602,0.0,0.0,0.0
2603,0.0,0.0,0.0
2604,0.0,0.0,0.0
2605,0.0,0.0,0.0
2606,0.0,0.0,0.0
2607,0.0,0.0,0.0
2608,0.0,0.0,0.0
2609,0.0,0.0,0.0
2610,0.0,0.0,0.0
2611,0.0,0.0,0.0
2612,0.0,0.0,0.0
2613,0.0,0.0,0.0
2614,0.0,0.0,0.0
2615,0.0,0.0,0.0
2616,0.0,0.0,0.0
2617,0.0,0.0,0.0
2618,0.0,0.0,0.0
2619,0.0,0.0,0.0
2620,0.0,0.0,0.0
2621,0.0,0.0,0.0
2622,0.0,0.0,0.0
2623,0.0,0.0,0.0
2624,0.0,0.0,0.0
2625,0.0,0.0,0.0
2626,0.0,0.0,0.0
2627,0.0,0.0,0.0
2628,0.0,0.0,0.0
2629,0.0,0.0,0.0
2630,0.0,0.0,0.0
2631,0.0,0.0,0.0
2632,0.0,0.0,0.0
2633,0.0,0.0,0.0
2634,0.0,0.0,0.0
2635,0.0,0.0,0.0
2636,0.0,0.0,0.0
2637,0.0,0.0,0.0
2638,0.0,0.0,0.0
2639,0.0,0.0,0.0
2640,0.0,0.0,0.0
2641,0.0,0.0,0.0
2642,0.0,0.0,0.0
2643,0.0,0.0,0.0
2644,0.0,0.0,0.0
2645,0.0,0.0,0.0
2646,0.0,0.0,0.0
2647,0.0,0.0,0.0
2648,0.0,0.0,0.0
2649,0.0,0.0,0.0
2650,0.0,0.0,0.0
2651,0.0,0.0,0.0
2652,0.0,0.0,0.0
2653,0.0,0.0,0.0
2654,0.0,0.0,0.0
2655,0.0,0.0,0.0
2656,0.0,0.0,0.0
2657,0.0,0.0,0.0
2658,0.0,0.0,0.0
2659,0.0,0.0,0.0
2660,0.0,0.0,0.0
2661,0.0,0.0,0.0
2662,0.0,0.0,0.0
2663,0.0,0.0,0.0
2664,0.0,0.0,0.0
2665,0.0,0.0,0.0
2666,0.0,0.0,0.0
2667,0.0,0.0,0.0
2668,0.0,0.0,0.0
2669,0.0,0.0,0.0
2670,0.0,0.0,0.0
2671,0.0,0.0,0.0
2672,0.0,0.0,0.0
2673,0.0,0.0,0.0
2674,0.0,0.0,0.0
2675,0.0,0.0,0.0
2676,0.0,0.0,0.0
2677,0.0,0.0,0.0
2678,0.0,0.0,0.0
2679,0.0,0.0,0.0
2680,0.0,0.0,0.0
2681,0.0,0.0,0.0
2682,0.0,0.0,0.0
2683,0.0,0.0,0.0
2684,0.0,0.0,0.0
2685,0.0,0.0,0.0
2686,0.0,0.0,0.0
2687,0.0,0.0,0.0
2688,0.0,0.0,0.0
2689,0.0,0.0,0.0
2690,0.0,0.0,0.0
2691,0.0,0.0,0.0
2692,0.0,0.0,0.0
2693,0.0,0.0,0.0
2694,0.0,0.0,0.0
2695,0.0,0.0,0.0
2696,0.0,0.0,0.0
2697,0.0,0.0,0.0
2698,0.0,0.0,0.0
2699,0.0,0.0,0.0
2700,0.0,0.0,0.0
2701,0.0,0.0,0.0
2702,0.0,0.0,0.0
2703,0.0,0.0,0.0
2704,0.0,0.0,0.0
2705,0.0,0.0,0.0
2706,0.0,0.0,0.0
2707,0.0,0.0,0.0
2708,0.0,0.0,0.0
2709,0.0,0.0,0.0
2710,0.0,0.0,0.0
2711,0.0,0.0,0.0
2712,0.0,0.0,0.0
2713,0.0,0.0,0.0
2714,0.0,0.0,0.0
2715,0.0,0.0,0.0
2716,0.0,0.0,0.0
2717,0.0,0.0,0.0
2718,0.0,0.0,0.0
2719,0.0,0.0,0.0
2720,0.0,0.0,0.0
2721,0.0,0.0,0.0
2722,0.0,0.0,0.0
2723,0.0,0.0,0.0
2724,0.0,0.0,0.0
2725,0.0,0.0,0.0
2726,0.0,0.0,0.0
2727,0.0,0.0,0.0
2728,0.0,0.0,0.0
2729,0.0,0.0,0.0
2730,0.0,0.0,0.0
2731,0.0,0.0,0.0
2732,0.0,0.0,0.0
2733,0.0,0.0,0.0
2734,0.0,0.0,0.0
2735,0.0,0.0,0.0
2736,0.0,0.0,0.0
2737,0.0,0.0,0.0
2738,0.0,0.0,0.0
2739,0.0,0.0,0.0
2740,0.0,0.0,0.0
2741,0.0,0.0,0.0
2742,0.0,0.0,0.0
2743,0.0,0.0,0.0
2744,0.0,0.0,0.0
2745,0.0,0.0,0.0
2746,0.0,0.0,0.0
2747,0.0,0.0,0.0
2748,0.0,0.0,0.0
2749,0.0,0.0,0.0
2750,0.0,0.0,0.0
2751,0.0,0.0,0.0
2752,0.0,0.0,0.0
2753,0.0,0.0,0.0
2754,0.0,0.0,0.0
2755,0.0,0.0,0.0
2756,0.0,0.0,0.0
2757,0.0,0.0,0.0
2758,0.0,0.0,0.0
2759,0.0,0.0,0.0
2760,0.0,0.0,0.0
2761,0.0,0.0,0.0
2762,0.0,0.0,0.0
2763,0.0,0.0,0.0
2764,0.0,0.0,0.0
2765,0.0,0.0,0.0
2766,0.0,0.0,0.0
2767,0.0,0.0,0.0
2768,0.0,0.0,0.0
2769,0.0,0.0,0.0
2770,0.0,0.0,0.0
2771,0.0,0.0,0.0
2772,0.0,0.0,0.0
2773,0.0,0.0,0.0
2774,0.0,0.0,0.0
2775,0.0,0.0,0.0
2776,0.0,0.0,0.0
2777,0.0,0.0,0.0
2778,0.0,0.0,0.0
2779,0.0,0.0,0.0
2780,0.0,0.0,0.0
2781,0.0,0.0,0.0
2782,0.0,0.0,0.0
2783,0.0,0.0,0.0
2784,0.0,0.0,0.0
2785,0.0,0.0,0.0
2786,0.0,0.0,0.0
2787,0.0,0.0,0.0
2788,0.0,0.0,0.0
2789,0.0,0.0,0.0
2790,0.0,0.0,0.0
2791,0.0,0.0,0.0
2792,0.0,0.0,0.0
2793,0.0,0.0,0.0
2794,0.0,0.0,0.0
2795,0.0,0.0,0.0
2796,0.0,0.0,0.0
2797,0.0,0.0,0.0
2798,0.0,0.0,0.0
2799,0.0,0.0,0.0
2800,0.0,0.0,0.0
2801,0.0,0.0,0.0
2802,0.0,0.0,0.0
2803,0.0,0.0,0.0
2804,0.0,0.0,0.0
2805,0.0,0.0,0.0
2806,0.0,0.0,0.0
2807,0.0,0.0,0.0
2808,0.0,0.0,0.0
2809,0.0,0.0,0.0
2810,0.0,0.0,0.0
2811,0.0,0.0,0.0
2812,0.0,0.0,0.0
2813,0.0,0.0,0.0
2814,0.0,0.0,0.0
2815,0.0,0.0,0.0
2816,0.0,0.0,0.0
2817,0.0,0.0,0.0
2818,0.0,0.0,0.0
2819,0.0,0.0,0.0
2820,0.0,0.0,0.0
2821,0.0,0.0,0.0
2822,0.0,0.0,0.0
2823,0.0,0.0,0.0
2824,0.0,0.0,0.0
2825,0.0,0.0,0.0
2826,0.0,0.0,0.0
2827,0.0,0.0,0.0
2828,0.0,0.0,0.0
2829,0.0,0.0,0.0
2830,0.0,0.0,0.0
2831,0.0,0.0,0.0
2832,0.0,0.0,0.0
2833,0.0,0.0,0.0
2834,0.0,0.0,0.0
2835,0.0,0.0,0.0
2836,0.0,0.0,0.0
2837,0.0,0.0,0.0
2838,0.0,0.0,0.0
2839,0.0,0.0,0.0
2840,0.0,0.0,0.0
2841,0.0,0.0,0.0
2842,0.0,0.0,0.0
2843,0.0,0.0,0.0
2844,0.0,0.0,0.0
2845,0.0,0.0,0.0
2846,0.0,0.0,0.0
2847,0.0,0.0,0.0
2848,0.0,0.0,0.0
2849,0.0,0.0,0.0
2850,0.0,0.0,0.0
2851,0.0,0.0,0.0
2852,0.0,0.0,0.0
2853,0.0,0.0,0.0
2854,0.0,0.0,0.0
2855,0.0,0.0,0.0
2856,0.0,0.0,0.0
2857,0.0,0.0,0.0
2858,0.0,0.0,0.0
2859,0.0,0.0,0.0
2860,0.0,0.0,0.0
2861,0.0,0.0,0.0
2862,0.0,0.0,0.0
2863,0.0,0.0,0.0
2864,0.0,0.0,0.0
2865,0.0,0.0,0.0
2866,0.0,0.0,0.0
2867,0.0,0.0,0.0
2868,0.0,0.0,0.0
2869,0.0,0.0,0.0
2870,0.0,0.0,0.0
2871,0.0,0.0,0.0
2872,0.0,0.0,0.0
2873,0.0,0.0,0.0
2874,0.0,0.0,0.0
2875,0.0,0.0,0.0
2876,0.0,0.0,0.0
2877,0.0,0.0,0.0
2878,0.0,0.0,0.0
2879,0.0,0.0,0.0
2880,0.0,0.0,0.0
2881,0.0,0.0,0.0
2882,0.0,0.0,0.0
2883,0.0,0.0,0.0
2884,0.0,0.0,0.0
2885,0.0,0.0,0.0
2886,0.0,0.0,0.0
2887,0.0,0.0,0.0
2888,0.0,0.0,0.0
2889,0.0,0.0,0.0
2890,0.0,0.0,0.0
2891,0.0,0.0,0.0
2892,0.0,0.0,0.0
2893,0.0,0.0,0.0
2894,0.0,0.0,0.0
2895,0.0,0.0,0.0
2896,0.0,0.0,0.0
2897,0.0,0.0,0.0
2898,0.0,0.0,0.0
2899,0.0,0.0,0.0
2900,0.0,0.0,0.0
2901,0.0,0.0,0.0
2902,0.0,0.0,0.0
2903,0.0,0.0,0.0
2904,0.0,0.0,0.0
2905,0.0,0.0,0.0
2906,0.0,0.0,0.0
2907,0.0,0.0,0.0
2908,0.0,0.0,0.0
2909,0.0,0.0,0.0
2910,0.0,0.0,0.0
2911,0.0,0.0,0.0
2912,0.0,0.0,0.0
2913,0.0,0.0,0.0
2914,0.0,0.0,0.0
2915,0.0,0.0,0.0
2916,0.0,0.0,0.0
2917,0.0,0.0,0.0
2918,0.0,0.0,0.0
2919,0.0,0.0,0.0
2920,0.0,0.0,0.0
2921,0.0,0.0,0.0
2922,0.0,0.0,0.0
2923,0.0,0.0,0.0
2924,0.0,0.0,0.0
2925,0.0,0.0,0.0
2926,0.0,0.0,0.0
2927,0.0,0.0,0.0
2928,0.0,0.0,0.0
2929,0.0,0.0,0.0
2930,0.0,0.0,0.0
2931,0.0,0.0,0.0
2932,0.0,0.0,0.0
2933,0.0,0.0,0.0
2934,0.0,0.0,0.0
2935,0.0,0.0,0.0
2936,0.0,0.0,0.0
2937,0.0,0.0,0.0
2938,0.0,0.0,0.0
2939,0.0,0.0,0.0
2940,0.0,0.0,0.0
2941,0.0,0.0,0.0
2942,0.0,0.0,0.0
2943,0.0,0.0,0.0
2944,0.0,0.0,0.0
2945,0.0,0.0,0.0
2946,0.0,0.0,0.0
2947,0.0,0.0,0.0
2948,0.0,0.0,0.0
2949,0.0,0.0,0.0
2950,0.0,0.0,0.0
2951,0.0,0.0,0.0
2952,0.0,0.0,0.0
2953,0.0,0.0,0.0
2954,0.0,0.0,0.0
2955,0.0,0.0,0.0
2956,0.0,0.0,0.0
2957,0.0,0.0,0.0
2958,0.0,0.0,0.0
2959,0.0,0.0,0.0
2960,0.0,0.0,0.0
2961,0.0,0.0,0.0
2962,0.0,0.0,0.0
2963,0.0,0.0,0.0
2964,0.0,0.0,0.0
2965,0.0,0.0,0.0
2966,0.0,0.0,0.0
2967,0.0,0.0,0.0
2968,0.0,0.0,0.0
2969,0.0,0.0,0.0
2970,0.0,0.0,0.0
2971,0.0,0.0,0.0
2972,0.0,0.0,0.0
2973,0.0,0.0,0.0
2974,0.0,0.0,0.0
2975,0.0,0.0,0.0
2976,0.0,0.0,0.0
2977,0.0,0.0,0.0
2978,0.0,0.0,0.0
2979,0.0,0.0,0.0
2980,0.0,0.0,0.0
2981,0.0,0.0,0.0
2982,0.0,0.0,0.0
2983,0.0,0.0,0.0
2984,0.0,0.0,0.0
2985,0.0,0.0,0.0
2986,0.0,0.0,0.0
2987,0.0,0.0,0.0
2988,0.0,0.0,0.0
2989,0.0,0.0,0.0
2990,0.0,0.0,0.0
2991,0.0,0.0,0.0
2992,0.0,0.0,0.0
2993,0.0,0.0,0.0
2994,0.0,0.0,0.0
2995,0.0,0.0,0.0
2996,0.0,0.0,0.0
2997,0.0,0.0,0.0
2998,0.0,0.0,0.0
